timestamp,open,high,low,close,volume
1281657600000,0.0645,0.0645,0.0645,0.0645,0.0
1281744000000,0.0645,0.0695,0.0645,0.067,295.3025
1281830400000,0.067,0.067,0.065,0.06529,294.9521
1281916800000,0.06529,0.0679,0.062,0.0655,696.8120000000001
1282003200000,0.0655,0.0769,0.06243,0.07,915.0099
1282089600000,0.07,0.0733,0.067,0.068,203.82951
1282176000000,0.068,0.068,0.0667,0.0667,50.042
1282262400000,0.0667,0.0667,0.065,0.0655,276.4275
1282348800000,0.0655,0.0669,0.0644,0.0664,688.5260000000001
1282435200000,0.0664,0.0664,0.0612,0.066,1183.645
1282521600000,0.066,0.06689,0.063,0.06491,281.88210000000004
1282608000000,0.06491,0.0665,0.06491,0.065,444.66779999999994
1282694400000,0.065,0.0665,0.0641,0.0648,278.8656
1282780800000,0.0648,0.0658,0.064,0.064,251.56000000000003
1282867200000,0.064,0.065,0.063,0.065,583.7127
1282953600000,0.065,0.065,0.0641,0.0646,399.4390000000001
1283040000000,0.0646,0.0648,0.064,0.064,204.8774
1283126400000,0.064,0.069,0.03211,0.06497,2134.98668
1283212800000,0.06497,0.06497,0.06,0.06,933.228
1283299200000,0.06,0.0629,0.05961,0.0629,436.72459999999995
1283385600000,0.0629,0.0634,0.0601,0.0634,498.9751
1283472000000,0.0634,0.0634,0.06085,0.06085,54.61150000000001
1283558400000,0.06085,0.06238,0.06085,0.06238,202.2625
1283644800000,0.06238,0.064,0.0605,0.06165,527.9735000000001
1283731200000,0.06165,0.0627,0.0616,0.0616,56.129999999999995
1283817600000,0.0616,0.06201,0.0603,0.06101,212.3514
1283904000000,0.06101,0.062,0.06099,0.062,143.364
1283990400000,0.062,0.0624,0.06109,0.06111,107.67599999999999
1284076800000,0.06111,0.0618,0.06014,0.0618,301.79999999999995
1284163200000,0.0618,0.065,0.0618,0.06366,491.18800000000005
1284249600000,0.06366,0.06366,0.0615,0.0615,48.99
1284336000000,0.0615,0.064,0.0607,0.06219,632.1929999999999
1284422400000,0.06219,0.175,0.061,0.06199,876.7549999999998
1284508800000,0.06199,0.0625,0.0604,0.0604,223.26999999999998
1284595200000,0.0604,0.0619,0.0604,0.0619,45.17
1284681600000,0.0619,0.0619,0.059,0.0601,438.933
1284768000000,0.0601,0.061,0.05761,0.061,427.757
1284854400000,0.061,0.0627,0.06,0.0627,797.3499999999998
1284940800000,0.0627,0.0634,0.062,0.0621,891.2020000000001
1285027200000,0.0621,0.0633,0.0621,0.06265,359.82879999999994
1285113600000,0.06265,0.06265,0.06147,0.0622,717.3240000000001
1285200000000,0.0622,0.063,0.0615,0.06231,970.0869236
1285286400000,0.06231,0.0624,0.06209,0.0622,42.65689999999999
1285372800000,0.0622,0.0624,0.0617,0.06202,133.048
1285459200000,0.06202,0.06228,0.06186,0.0622,748.2064
1285545600000,0.0622,0.06228,0.0619,0.06221,668.5225
1285632000000,0.06221,0.06271,0.0617,0.0619,439.05570000000006
1285718400000,0.0619,0.062,0.0615,0.06191,1450.8039999999999
1285804800000,0.06191,0.06191,0.06155,0.0619,488.15199039999993
1285891200000,0.0619,0.062,0.06189,0.06197,106.4589
1285977600000,0.06197,0.06197,0.06125,0.0614,802.5265
1286064000000,0.0614,0.0614,0.061,0.06111,439.884
1286150400000,0.06111,0.062,0.06081,0.0613,2079.8860000000004
1286236800000,0.0613,0.06301,0.0609,0.0614,1699.182
1286323200000,0.0614,0.0635,0.0612,0.06281,2091.287
1286409600000,0.06281,0.067,0.0628,0.067,2812.7970000000005
1286496000000,0.067,0.088,0.01,0.08685,10784.229000000003
1286582400000,0.08685,0.12,0.068,0.0938,16104.884162000004
1286668800000,0.0938,0.1301,0.07999,0.0965,4889.343
1286755200000,0.0965,0.103,0.091,0.095,1395.2310000000002
1286841600000,0.095,0.099,0.082,0.0949,2396.814992999999
1286928000000,0.0949,0.105,0.092,0.105,4558.52
1287014400000,0.105,0.105,0.065,0.102,3701.65604
1287100800000,0.102,0.119,0.092,0.105,2554.9090000000006
1287187200000,0.105,0.105,0.1,0.101,633.6298
1287273600000,0.101,0.1045,0.1,0.102,1857.8009000000002
1287360000000,0.102,0.103,0.097,0.1024,2591.6339999999996
1287446400000,0.1024,0.1024,0.097,0.097,623.339
1287532800000,0.097,0.103,0.094,0.099,3221.0870000000004
1287619200000,0.099,0.109,0.097,0.107,4616.853
1287705600000,0.107,0.109,0.1015,0.109,3665.4419999999996
1287792000000,0.109,0.109,0.1045,0.1055,481.52299999999997
1287878400000,0.1055,0.19,0.1055,0.115,1560.6109999999996
1287964800000,0.115,0.19,0.09009,0.132,4449.994999999999
1288051200000,0.132,0.18,0.132,0.1503,2995.09
1288137600000,0.1503,0.19,0.1503,0.1877,11594.01
1288224000000,0.1877,0.191,0.1731,0.1731,4009.6698999999994
1288310400000,0.1731,0.19,0.173,0.19,5380.5
1288396800000,0.19,0.199,0.1875,0.1989,5112.028
1288483200000,0.1989,0.1989,0.171,0.1925,7829.468000000001
1288569600000,0.1925,0.1955,0.172,0.1955,4049.751
1288656000000,0.1955,0.1955,0.1905,0.1938,1121.348
1288742400000,0.1938,0.275,0.125,0.1931,11769.6148
1288828800000,0.1931,0.236,0.1931,0.23,6229.142
1288915200000,0.23,0.2639,0.2101,0.2639,8757.157
1289001600000,0.2639,0.5,0.2402,0.39,9396.960000000001
1289088000000,0.39,0.47,0.286,0.34,27937.739999999994
1289174400000,0.34,0.37,0.2261,0.243,38339.25399999999
1289260800000,0.243,0.323,0.199,0.223,12808.303
1289347200000,0.223,0.24,0.14,0.24,6110.129999999999
1289433600000,0.24,0.24,0.21,0.2231,1111.5600000000002
1289520000000,0.2231,0.29,0.223,0.2682,10494.460000000001
1289606400000,0.2682,0.3,0.2682,0.276,6351.581999999999
1289692800000,0.276,0.299,0.2702,0.279,4793.8
1289779200000,0.279,0.2828,0.2682,0.2682,2337.4919999999997
1289865600000,0.2682,0.275,0.223,0.2251,8609.674
1289952000000,0.2251,0.29,0.2116,0.24,8662.606000000002
1290038400000,0.24,0.283,0.2221,0.2678,10253.283000000001
1290124800000,0.2678,0.28,0.2678,0.28,583.44
1290211200000,0.28,0.29,0.2682,0.283,4119.079
1290297600000,0.283,0.283,0.2763,0.2767,212.67000000000002
1290384000000,0.2767,0.2879,0.269,0.2879,7818.639999999999
1290470400000,0.2879,0.2879,0.276,0.2829,1361.830283
1290556800000,0.2829,0.283,0.2761,0.283,710.237
1290643200000,0.283,0.283,0.278,0.28,469.985
1290729600000,0.28,0.289,0.2761,0.2844,9510.998134000003
1290816000000,0.2844,0.2844,0.2826,0.283,515.895
1290902400000,0.283,0.2846,0.27,0.27,5746.3099999999995
1290988800000,0.27,0.279,0.2151,0.2299,8802.039
1291075200000,0.2299,0.2299,0.204,0.2082,4570.583
1291161600000,0.2082,0.2299,0.2082,0.2275,1752.7230000000002
1291248000000,0.2275,0.2553,0.218,0.255,4800.546
1291334400000,0.255,0.2552,0.243,0.251,633.7830000000001
1291420800000,0.251,0.2589,0.205,0.206,6673.405
1291507200000,0.206,0.235,0.19,0.19,1178.041
1291593600000,0.19,0.225,0.1841,0.204,863.0279999999999
1291680000000,0.204,0.2477,0.1701,0.2402,5411.8028
1291766400000,0.2402,0.2402,0.22,0.2388,789.8500000000001
1291852800000,0.2388,0.2388,0.1701,0.2,4411.927999999999
1291939200000,0.2,0.204,0.1825,0.204,328.176
1292025600000,0.204,0.228,0.1907,0.228,1267.2150000000001
1292112000000,0.228,0.228,0.2068,0.22,418.79699999999997
1292198400000,0.22,0.23,0.21,0.2299,1425.921
1292284800000,0.2299,0.2468,0.21,0.2467,2403.842
1292371200000,0.2467,0.2467,0.238,0.24,901.1599999999999
1292457600000,0.24,0.255,0.2222,0.25,3522.629
1292544000000,0.25,0.25,0.24,0.24,130.189
1292630400000,0.24,0.2488,0.24,0.241,41.67
1292716800000,0.241,0.2499,0.24,0.2401,487.499
1292803200000,0.2401,0.275,0.24,0.267,2769.8759999999997
1292889600000,0.267,0.267,0.24,0.24,2291.8109999999997
1292976000000,0.24,0.25,0.24,0.25,949.3700000000001
1293062400000,0.25,0.25,0.241,0.25,2160.736
1293148800000,0.25,0.25,0.242,0.248,1252.0600000000002
1293235200000,0.248,0.25,0.2475,0.2499,175.444
1293321600000,0.2499,0.27,0.2464,0.265,4203.034000000001
1293408000000,0.265,0.27,0.251,0.265,1270.148
1293494400000,0.265,0.281,0.2612,0.281,4238.977
1293580800000,0.281,0.301,0.271,0.3,5363.737
1293667200000,0.3,0.3,0.291,0.3,759.9200000000001
1293753600000,0.3,0.3,0.292,0.3,428.451
1293840000000,0.3,0.3,0.292,0.3,841.956
1293926400000,0.3,0.3,0.289,0.3,1584.6689999999999
1294012800000,0.3,0.3,0.29,0.295,420.84599999999995
1294099200000,0.295,0.2999,0.289,0.2989,548.325
1294185600000,0.2989,0.299,0.29,0.299,106.19999999999999
1294272000000,0.299,0.299,0.29,0.298,1031.2810000000002
1294358400000,0.298,0.322,0.2975,0.32,13152.150000000001
1294444800000,0.32,0.3229,0.309,0.3229,512.03
1294531200000,0.3229,0.323,0.3229,0.323,546.195
1294617600000,0.323,0.329,0.3175,0.3266,3360.6670000000004
1294704000000,0.3266,0.3266,0.3176,0.3266,1578.6570000000002
1294790400000,0.3266,0.3557,0.318,0.3188,10508.180000000002
1294876800000,0.3188,0.405,0.3176,0.3176,7147.036999999999
1294963200000,0.3176,0.45,0.3176,0.4,10691.109999999999
1295049600000,0.4,0.4,0.385,0.3861,591.14
1295136000000,0.3861,0.4,0.386,0.3868,1085.16
1295222400000,0.3868,0.3868,0.315,0.3495,6360.704999999999
1295308800000,0.3495,0.3495,0.305,0.313,4950.518
1295395200000,0.313,0.313,0.305,0.313,2247.63
1295481600000,0.313,0.39,0.31,0.39,6900.033
1295568000000,0.39,0.44,0.368,0.4199,3351.628
1295654400000,0.4199,0.4443,0.39,0.4443,4513.924999999999
1295740800000,0.4443,0.4443,0.42,0.4424,505.828
1295827200000,0.4424,0.4424,0.381,0.4199,4516.662
1295913600000,0.4199,0.425,0.4,0.41,901.251
1296000000000,0.41,0.42,0.3904,0.417,6315.931
1296086400000,0.417,0.45,0.4085,0.4212,12086.910999999998
1296172800000,0.4212,0.446,0.4212,0.446,2301.779
1296259200000,0.446,0.446,0.43,0.439,643.6239999999999
1296345600000,0.439,0.48,0.439,0.4799,4775.8200000000015
1296432000000,0.4799,0.95,0.47,0.5501,32708.39
1296518400000,0.5501,0.85,0.5201,0.7077,23264.18
1296604800000,0.7077,0.76,0.69,0.716,4126.033
1296691200000,0.716,0.75,0.6501,0.6964,6064.12
1296777600000,0.6964,0.88,0.67,0.811,33965.74
1296864000000,0.811,0.92,0.811,0.92,13634.177
1296950400000,0.92,0.92,0.83,0.8997,7608.7699999999995
1297036800000,0.8997,0.9,0.83,0.89,1949.542
1297123200000,0.89,0.918,0.8617,0.918,6306.778000000001
1297209600000,0.918,1.09,0.82,1.09,47455.001000000004
1297296000000,1.09,1.1,0.8,0.9803,25568.809999999998
1297382400000,0.9803,1.09,0.9264,1.07,13213.529999999999
1297468800000,1.07,1.08,0.9906,1.08,4353.8
1297555200000,1.08,1.08,1.02,1.05,3398.2899999999995
1297641600000,1.05,1.08,1.033,1.07,7532.399999999999
1297728000000,1.07,1.085,1.035,1.05,9085.509999999998
1297814400000,1.05,1.05,1.02,1.045,7465.04
1297900800000,1.045,1.05,1.02,1.04,4184.962
1297987200000,1.04,1.04,0.7801,0.8989,32719.72
1298073600000,0.8989,0.98,0.8376,0.949,3454.7
1298160000000,0.949,0.949,0.83,0.865,8503.389999999998
1298246400000,0.865,0.8796,0.8313,0.8345,1435.863
1298332800000,0.8345,0.95,0.8313,0.8702,10650.299999999997
1298419200000,0.8702,0.945,0.8681,0.9,6057.771999999999
1298505600000,0.9,1.0,0.9,0.9974,12708.121
1298592000000,0.9974,0.9998,0.9111,0.9112,4276.299999999999
1298678400000,0.9112,0.97,0.9106,0.958,4452.646
1298764800000,0.958,0.958,0.89,0.89,21576.818000000003
1298851200000,0.89,0.92,0.845,0.8702,4108.619
1298937600000,0.8702,0.97,0.8502,0.9202,21413.421
1299024000000,0.9202,0.94,0.9102,0.9399,2533.97
1299110400000,0.9399,0.9399,0.91,0.9391,2520.600000000001
1299196800000,0.9391,0.9391,0.9001,0.9012,2469.5690000000004
1299283200000,0.9012,0.9189,0.8111,0.9103,11115.030999999999
1299369600000,0.9103,0.9103,0.81,0.8999,10775.109999999999
1299456000000,0.8999,0.909,0.846,0.885,13527.315999999999
1299542400000,0.885,0.885,0.85,0.87,3931.4199999999996
1299628800000,0.87,0.87,0.85,0.8645,3881.2090000000003
1299715200000,0.8645,0.9329,0.8497,0.9329,7895.08
1299801600000,0.9329,0.9329,0.8601,0.88,3301.73
1299888000000,0.88,0.9197,0.88,0.918,4319.61
1299974400000,0.918,0.918,0.8898,0.8925,595.435
1300060800000,0.8925,0.9,0.88,0.8949,4676.62
1300147200000,0.8949,0.8949,0.87,0.87,2405.4049999999997
1300233600000,0.87,0.88,0.836,0.86,6761.330000000001
1300320000000,0.86,0.88,0.81,0.8254,6042.767999999999
1300406400000,0.8254,0.8506,0.71,0.8165,10971.33
1300492800000,0.8165,0.8165,0.7313,0.765,7457.839999999999
1300579200000,0.765,0.79,0.7402,0.7522,4502.620000000001
1300665600000,0.7522,0.7724,0.7405,0.759,2780.4600000000005
1300752000000,0.759,0.81,0.7405,0.809,9499.249999999998
1300838400000,0.809,0.85,0.78,0.8497,11029.246
1300924800000,0.8497,0.9,0.8266,0.8669,12259.789999999999
1301011200000,0.8669,0.89,0.861,0.8838,4225.52
1301097600000,0.8838,0.905,0.841,0.8552,10250.988000000001
1301184000000,0.8552,0.8721,0.8152,0.8275,4439.0599999999995
1301270400000,0.8275,0.85,0.76,0.799,10141.7
1301356800000,0.799,0.7997,0.7648,0.7925,3312.2899999999995
1301443200000,0.7925,0.795,0.766,0.7897,2532.157
1301529600000,0.7897,0.801,0.768,0.7846,5429.131999999999
1301616000000,0.7846,0.797,0.7741,0.7741,2483.683
1301702400000,0.7741,0.7998,0.7741,0.782,1965.22
1301788800000,0.782,0.7949,0.777,0.779,3074.743
1301875200000,0.779,0.785,0.5619,0.68,21652.684999999998
1301961600000,0.68,0.7478,0.58,0.71,6522.709999999999
1302048000000,0.71,0.75,0.6902,0.74,6264.029999999999
1302134400000,0.74,0.7849,0.7205,0.7538,8178.145
1302220800000,0.7538,0.799,0.7309,0.75,13854.650000000001
1302307200000,0.75,0.7676,0.7205,0.73,8940.946
1302393600000,0.73,0.7589,0.71,0.7369,3946.4290000000005
1302480000000,0.7369,0.799,0.7103,0.77,11255.949999999999
1302566400000,0.77,0.899,0.77,0.86,41333.087999999996
1302652800000,0.86,1.0,0.86,0.9225,40467.75999999999
1302739200000,0.9225,1.0,0.91,1.0,29643.627000000004
1302825600000,1.0,1.09,0.911,0.9899,50488.93999999998
1302912000000,0.9899,1.095,0.9541,1.05,30097.185
1302998400000,1.05,1.14,1.026,1.112,26085.232999999997
1303084800000,1.112,1.2,1.11,1.162,31552.56000000001
1303171200000,1.162,1.198,1.144,1.198,14782.090000000002
1303257600000,1.198,1.198,1.13,1.142,24691.85
1303344000000,1.142,1.21,1.14,1.21,46345.350000000006
1303430400000,1.21,1.41,1.189,1.409,50929.90999999999
1303516800000,1.409,1.95,1.32,1.7,103242.83999999998
1303603200000,1.7,1.95,1.6,1.631,36076.009999999995
1303689600000,1.631,1.701,1.521,1.559,21226.882
1303776000000,1.559,1.795,1.53,1.795,40211.149999999994
1303862400000,1.795,1.95,1.72,1.9,62403.36
1303948800000,1.9,2.65,1.66,2.211,203392.46999999994
1304035200000,2.211,2.95,2.21,2.88,148954.47
1304121600000,2.88,4.15,2.75,3.55,214977.23
1304208000000,3.55,3.87,2.5,3.033,143521.99
1304294400000,3.033,3.495,3.029,3.2,59421.72999999999
1304380800000,3.2,3.49,3.11,3.41,56187.479999999996
1304467200000,3.41,3.58,3.25,3.406,59434.100000000006
1304553600000,3.406,3.45,3.333,3.333,52331.420000000006
1304640000000,3.333,3.61,3.29,3.452,80063.97
1304726400000,3.452,3.7,3.425,3.641,64359.68600000001
1304812800000,3.641,3.937,3.63,3.866,79620.82
1304899200000,3.866,3.9,3.691,3.8,43805.93
1304985600000,3.8,5.99,3.8,5.81,266466.70999999996
1305072000000,5.81,6.065,4.6,5.5,281496.86
1305158400000,5.5,6.49,5.22,6.3,184839.99
1305244800000,6.3,8.45,6.3,8.198,478840.49999999994
1305331200000,8.198,8.9,5.83,7.198,435571.01000000007
1305417600000,7.198,7.78,6.2,6.987,123255.52
1305504000000,6.987,8.5,6.75,8.034,343050.45999999996
1305590400000,8.034,8.389,6.98,7.19,265868.95999999996
1305676800000,7.19,7.5,6.6,6.88,181331.14999999994
1305763200000,6.88,7.34,6.607,6.811,170134.8
1305849600000,6.811,7.1,5.577,5.59,278992.33999999997
1305936000000,5.59,6.52,5.577,6.12,185640.18
1306022400000,6.12,6.759,5.99,6.69,154432.49
1306108800000,6.69,7.45,6.69,7.15,250601.31
1306195200000,7.15,7.51,6.96,7.42,211827.30000000002
1306281600000,7.42,9.33,7.216,8.4,510905.17000000004
1306368000000,8.4,8.987,8.01,8.798,244820.46000000002
1306454400000,8.798,8.83,8.5,8.5,125149.03999999998
1306540800000,8.5,8.7,8.11,8.3,103463.69999999998
1306627200000,8.3,8.49,8.102,8.43,62138.869999999995
1306713600000,8.43,9.0,8.25,8.8,154258.84999999998
1306800000000,8.8,9.5,8.1,8.741,406882.2800000001
1306886400000,8.741,9.699,8.3,9.57,400564.34
1306972800000,9.57,10.89,9.5,10.6,415112.72
1307059200000,10.6,14.5,10.58,14.29,954513.5099999999
1307145600000,14.29,18.89,14.04,18.89,729670.8400000001
1307232000000,18.89,19.0,16.2,16.7,420612.45999999996
1307318400000,16.7,19.23,16.45,18.55,1016927.3900000002
1307404800000,18.55,24.32,18.26,23.92,1068903.3399999999
1307491200000,23.92,31.91,22.21,29.6,2858820.38
1307577600000,29.6,31.5,26.15,28.92,1861589.62
1307664000000,28.92,29.4,20.01,23.95,2274786.4
1307750400000,23.95,23.99,13.0,14.65,2146587.9499999997
1307836800000,14.65,24.99,10.25,18.55,2451134.5700000003
1307923200000,18.55,24.5,16.0,19.84,1476239.61
1308009600000,19.84,20.5,18.0,19.28,696003.9800000001
1308096000000,19.28,20.0,19.02,19.49,545336.1400000001
1308182400000,19.49,19.89,17.0,17.0,927743.43
1308268800000,17.0,18.34,13.0,15.68,1684353.21
1308355200000,15.68,16.95,15.05,16.89,569949.33
1308441600000,16.89,18.88,16.85,17.51,536267.3700000001
1308528000000,17.51,17.51,17.51,17.51,0.0
1308614400000,17.51,17.51,17.51,17.51,0.0
1308700800000,17.51,17.51,17.51,17.51,0.0
1308787200000,17.51,17.51,17.51,17.51,0.0
1308873600000,17.51,17.51,17.51,17.51,0.0
1308960000000,17.51,17.51,17.51,17.51,0.0
1309046400000,17.51,17.51,14.01,16.45,234621.80000000002
1309132800000,16.45,18.0,15.0,16.75,535096.3799999998
1309219200000,16.75,17.52,16.5,16.95,413032.2299999999
1309305600000,16.95,17.2,16.67,16.85,355303.17000000004
1309392000000,16.85,17.0,15.73,16.1,577145.5700000001
1309478400000,16.1,16.74,15.26,15.4,529197.5
1309564800000,15.4,15.8,15.27,15.4,302134.72
1309651200000,15.4,15.69,15.31,15.44,259875.5
1309737600000,15.44,15.49,13.14,13.86,756913.61
1309824000000,13.86,15.0,11.0,12.91,1076305.48
1309910400000,12.91,16.5,12.67,14.8,1655319.6300000001
1309996800000,14.8,15.9,14.5,14.78,825452.2600000001
1310083200000,14.78,15.64,13.9,14.31,500143.36
1310169600000,14.31,14.7,14.02,14.38,171329.27000000002
1310256000000,14.38,15.68,14.35,14.9,682903.1699999999
1310342400000,14.9,15.2,13.8,14.21,706457.5399999999
1310428800000,14.21,14.64,13.9,14.01,372986.56000000006
1310515200000,14.01,14.15,13.91,13.95,145032.08
1310601600000,13.95,14.07,13.7,14.0,245982.11999999997
1310688000000,14.0,14.09,13.5,13.81,344982.09
1310774400000,13.81,13.81,13.5,13.72,235142.95999999993
1310860800000,13.72,13.75,13.02,13.16,458510.19
1310947200000,13.16,13.92,12.51,13.48,988903.2500000001
1311033600000,13.48,14.7,13.44,13.85,948485.74
1311120000000,13.85,14.0,13.4,13.71,317332.27
1311206400000,13.71,13.78,13.4,13.61,341665.51
1311292800000,13.61,13.81,13.45,13.7,207044.17
1311379200000,13.7,13.76,13.51,13.68,306380.16
1311465600000,13.68,14.1,13.6,13.98,369041.82999999996
1311552000000,13.98,14.72,13.76,14.05,448277.2
1311638400000,14.05,14.05,13.77,13.88,233585.06999999998
1311724800000,13.88,14.13,13.85,13.94,160645.50999999998
1311811200000,13.94,13.94,13.31,13.49,445690.5599999999
1311897600000,13.49,13.7,13.33,13.5,98020.73000000003
1311984000000,13.5,13.63,13.45,13.53,82590.44000000002
1312070400000,13.53,14.9,12.83,13.35,618135.4900000001
1312156800000,13.35,13.55,12.85,13.09,286373.01
1312243200000,13.09,13.1,11.5,12.05,709463.1299999998
1312329600000,12.05,12.16,8.7,9.26,943628.1599999999
1312416000000,9.26,11.15,9.26,10.75,529876.38
1312502400000,10.75,10.99,9.5,9.8,315866.94999999995
1312588800000,9.8,9.95,5.742,6.55,801213.0900000001
1312675200000,6.55,9.47,6.01,7.9,693796.99
1312761600000,7.9,8.16,7.055,7.8,263570.17
1312848000000,7.8,12.1,7.671,9.99,1112123.77
1312934400000,9.99,10.4,9.5,10.0,242598.48
1313020800000,10.0,10.5,8.451,9.462,550577.9
1313107200000,9.462,9.8,8.91,9.461,387476.18
1313193600000,9.461,10.25,9.28,10.13,291543.09
1313280000000,10.13,11.24,9.62,10.8,468353.92000000004
1313366400000,10.8,11.89,10.72,11.15,431203.73999999993
1313452800000,11.15,11.32,10.81,10.96,169357.91
1313539200000,10.96,11.1,10.66,10.95,249104.68000000002
1313625600000,10.95,11.05,10.81,10.83,89515.25
1313712000000,10.83,11.81,10.83,11.65,384289.85000000003
1313798400000,11.65,11.69,11.4,11.45,113880.29
1313884800000,11.45,11.51,11.31,11.31,99220.98
1313971200000,11.31,11.5,10.51,10.9,407895.13999999996
1314057600000,10.9,11.3,10.81,10.94,141019.11999999997
1314144000000,10.94,11.08,10.83,10.85,85516.18
1314230400000,10.85,10.89,9.1,9.657,555232.04
1314316800000,9.657,9.889,7.642,8.179,718309.61
1314403200000,8.179,9.11,8.121,8.59,189777.38
1314489600000,8.59,9.481,8.448,9.07,216706.79999999996
1314576000000,9.07,9.27,8.65,8.969,193411.58000000002
1314662400000,8.969,9.0,8.55,8.791,103338.64
1314748800000,8.791,8.791,8.01,8.2,164091.75000000003
1314835200000,8.2,8.36,8.1,8.21,97874.31999999998
1314921600000,8.21,8.714,8.21,8.64,141975.28999999998
1315008000000,8.64,8.69,8.363,8.48,59247.45999999999
1315094400000,8.48,8.49,7.85,8.178,160817.85999999996
1315180800000,8.178,8.191,7.25,7.611,234672.81000000003
1315267200000,7.611,7.657,6.122,6.863,555289.15
1315353600000,6.863,7.599,6.53,7.186,348836.47
1315440000000,7.186,7.198,6.512,6.53,216888.8
1315526400000,6.53,6.577,4.18,5.03,1154614.0000000002
1315612800000,5.03,5.49,4.63,4.774,223562.81000000003
1315699200000,4.774,7.4,4.6,5.864,873010.62
1315785600000,5.864,6.582,5.412,6.078,385739.57
1315872000000,6.078,6.085,5.7,5.8,138683.87
1315958400000,5.8,5.847,5.325,5.619,243197.99000000002
1316044800000,5.619,5.619,4.44,4.84,429502.81999999995
1316131200000,4.84,4.99,4.61,4.82,152408.86
1316217600000,4.82,4.93,4.7,4.77,97582.50000000001
1316304000000,4.77,5.6,4.721,5.2,229468.56
1316390400000,5.2,5.644,4.9,5.46,263597.81
1316476800000,5.46,6.795,5.451,6.112,713430.51
1316563200000,6.112,6.287,5.06,5.637,383918.87
1316649600000,5.637,5.83,5.29,5.442,175258.59999999998
1316736000000,5.442,5.707,5.415,5.547,312415.06
1316822400000,5.547,5.641,5.32,5.468,97847.53
1316908800000,5.468,5.49,5.322,5.33,51288.1
1316995200000,5.33,5.4,4.721,4.87,277987.42
1317081600000,4.87,5.13,4.781,4.916,121363.67000000001
1317168000000,4.916,4.969,4.625,4.772,146110.79000000004
1317254400000,4.772,4.8,4.674,4.779,66817.42
1317340800000,4.779,5.35,4.743,5.14,208038.74999999997
1317427200000,5.14,5.249,4.861,5.032,118531.65999999999
1317513600000,5.032,5.1,4.91,5.027,52128.140000000014
1317600000000,5.027,5.04,4.889,5.024,85880.90000000001
1317686400000,5.024,5.025,4.919,4.96,78377.76
1317772800000,4.96,5.025,4.831,4.88,86107.57000000002
1317859200000,4.88,4.9,4.499,4.734,256723.54000000004
1317945600000,4.734,4.796,3.782,4.273,418394.5
1318032000000,4.273,4.34,3.825,4.008,159656.28
1318118400000,4.008,4.389,4.008,4.103,158762.13999999996
1318204800000,4.103,4.2,4.01,4.1,69188.53
1318291200000,4.1,4.1,3.85,3.931,162268.54999999996
1318377600000,3.931,4.45,3.901,4.15,282490.41000000003
1318464000000,4.15,4.2,4.002,4.046,80377.29
1318550400000,4.046,4.115,3.948,3.988,80464.13999999998
1318636800000,3.988,4.05,3.709,3.842,163851.34
1318723200000,3.842,3.897,3.4,3.557,131714.02
1318809600000,3.557,3.74,2.26,2.56,591902.29
1318896000000,2.56,2.9,2.31,2.419,229826.42999999996
1318982400000,2.419,2.536,2.04,2.27,232324.78
1319068800000,2.27,2.391,2.22,2.348,113046.17000000003
1319155200000,2.348,2.72,2.327,2.57,185287.36000000002
1319241600000,2.57,3.3,2.551,3.159,361119.43000000005
1319328000000,3.159,3.2,2.95,3.17,114141.15000000001
1319414400000,3.17,3.195,2.481,2.545,258830.29
1319500800000,2.545,3.04,2.44,2.771,278159.03
1319587200000,2.771,2.849,2.65,2.773,80877.09
1319673600000,2.773,3.09,2.731,3.04,171312.36
1319760000000,3.04,3.255,2.905,3.19,162799.01999999996
1319846400000,3.19,3.827,3.14,3.581,281958.01
1319932800000,3.581,3.65,3.2,3.27,171427.94000000003
1320019200000,3.27,3.316,3.066,3.248,98715.59
1320105600000,3.248,3.35,3.07,3.15,120727.87999999999
1320192000000,3.15,3.44,3.141,3.254,104522.17999999998
1320278400000,3.254,3.28,3.1,3.152,78756.92000000001
1320364800000,3.152,3.21,3.011,3.109,123573.81000000001
1320451200000,3.109,3.15,2.85,2.97,159571.87
1320537600000,2.97,3.0,2.92,2.96,51037.09999999999
1320624000000,2.96,3.032,2.95,3.007,71961.1
1320710400000,3.007,3.21,3.006,3.036,186440.22999999998
1320796800000,3.036,3.11,2.887,2.95,156655.49
1320883200000,2.95,2.969,2.8,2.869,97395.45999999999
1320969600000,2.869,3.11,2.823,3.08,133312.03000000003
1321056000000,3.08,3.11,3.01,3.031,62326.03999999999
1321142400000,3.031,3.05,2.951,2.997,28888.030000000002
1321228800000,2.997,2.997,2.1,2.22,957693.9199999999
1321315200000,2.22,2.49,2.11,2.329,175520.97
1321401600000,2.329,2.6,2.301,2.56,108654.70000000001
1321488000000,2.56,2.589,1.994,2.25,261039.9400000001
1321574400000,2.25,2.39,2.0,2.05,210125.45999999996
1321660800000,2.05,2.26,2.0,2.198,169806.13
1321747200000,2.198,2.499,2.15,2.2,182016.0
1321833600000,2.2,2.311,2.17,2.294,93197.43
1321920000000,2.294,2.35,2.25,2.329,78934.5
1322006400000,2.329,2.38,2.27,2.332,92955.45000000001
1322092800000,2.332,2.56,2.305,2.432,211558.61000000002
1322179200000,2.432,2.528,2.374,2.506,109592.18000000001
1322265600000,2.506,2.531,2.41,2.47,89621.86000000002
1322352000000,2.47,2.49,2.423,2.48,55832.77000000002
1322438400000,2.48,2.55,2.44,2.55,103409.13
1322524800000,2.55,2.981,2.54,2.75,503908.52999999997
1322611200000,2.75,3.09,2.732,2.97,349861.48000000004
1322697600000,2.97,3.14,2.929,3.06,195016.15999999995
1322784000000,3.06,3.138,3.035,3.115,178017.99999999997
1322870400000,3.115,3.125,2.75,2.794,360981.8
1322956800000,2.794,2.9,2.61,2.828,261745.74999999997
1323043200000,2.828,2.93,2.781,2.88,88678.35000000002
1323129600000,2.88,3.05,2.87,3.03,165517.78000000003
1323216000000,3.03,3.082,2.932,2.991,174201.55
1323302400000,2.991,3.006,2.884,2.981,117824.44
1323388800000,2.981,3.039,2.935,2.97,102810.83000000003
1323475200000,2.97,3.133,2.935,3.05,225642.57
1323561600000,3.05,3.38,2.99,3.251,346453.24
1323648000000,3.251,3.29,3.084,3.136,126940.31
1323734400000,3.136,3.25,3.136,3.25,104930.81999999999
1323820800000,3.25,3.25,2.994,3.15,225975.06000000003
1323907200000,3.15,3.214,3.11,3.2,95417.43
1323993600000,3.2,3.22,3.15,3.2,95114.72
1324080000000,3.2,3.23,3.155,3.2,52586.17
1324166400000,3.2,3.219,3.175,3.193,34542.59
1324252800000,3.193,3.7,3.189,3.52,476965.52999999997
1324339200000,3.52,4.5,3.483,3.95,739231.7100000002
1324425600000,3.95,4.04,3.81,3.89,191659.2
1324512000000,3.89,3.992,3.509,3.89,216558.96
1324598400000,3.89,3.95,3.815,3.947,80030.51999999999
1324684800000,3.947,3.969,3.855,3.94,58567.869999999995
1324771200000,3.94,4.39,3.781,4.225,334511.38
1324857600000,4.225,4.313,3.81,4.018,358539.93
1324944000000,4.018,4.1,3.962,4.074,121501.18000000001
1325030400000,4.074,4.25,3.99,4.186,140029.62
1325116800000,4.186,4.33,4.116,4.166,223709.98999999996
1325203200000,4.166,4.3,4.063,4.248,172118.93000000002
1325289600000,4.248,4.995,4.2,4.722,596240.4099999999
1325376000000,4.722,5.5,4.615,5.268,553045.13
1325462400000,5.268,5.47,4.8,5.217,360357.28
1325548800000,5.217,5.29,4.65,4.881,619170.5300000001
1325635200000,4.881,5.7,4.751,5.574,688717.8600000001
1325721600000,5.574,7.22,5.574,6.948,1130623.29
1325808000000,6.948,7.21,6.126,6.697,1481327.8900000001
1325894400000,6.697,7.016,6.38,6.81,325053.97
1325980800000,6.81,7.2,6.734,7.114,403151.43000000005
1326067200000,7.114,7.191,5.81,6.326,960592.3099999998
1326153600000,6.326,6.89,6.001,6.362,705056.49
1326240000000,6.362,7.138,6.362,6.9,677642.8600000001
1326326400000,6.9,6.997,6.337,6.8,944165.9299999998
1326412800000,6.8,6.804,6.4,6.41,398312.2
1326499200000,6.41,6.95,6.22,6.75,935192.5199999998
1326585600000,6.75,7.08,6.741,7.002,429700.83999999997
1326672000000,7.002,7.189,6.511,6.683,837413.6199999999
1326758400000,6.683,6.95,4.64,5.6,1288538.99
1326844800000,5.6,6.95,5.1,5.92,1354753.4500000002
1326931200000,5.92,6.361,5.873,6.36,709705.2600000001
1327017600000,6.36,6.58,6.258,6.49,429803.55
1327104000000,6.49,6.548,6.1,6.18,407116.40000000014
1327190400000,6.18,6.455,6.1,6.31,282233.75000000006
1327276800000,6.31,6.389,6.212,6.356,111630.58
1327363200000,6.356,6.394,6.219,6.29,224665.56000000003
1327449600000,6.29,6.322,5.502,5.756,782053.61
1327536000000,5.756,5.92,5.3,5.34,692624.73
1327622400000,5.34,5.51,5.05,5.292,611581.1799999998
1327708800000,5.292,5.76,5.26,5.627,499881.51
1327795200000,5.627,5.7,5.328,5.382,254457.17999999996
1327881600000,5.382,5.6,5.367,5.49,233179.69
1327968000000,5.49,5.65,5.426,5.484,267099.32
1328054400000,5.484,6.2,5.468,6.076,672632.57
1328140800000,6.076,6.199,5.823,6.1,328716.56999999995
1328227200000,6.1,6.14,5.719,5.959,350818.71
1328313600000,5.959,5.987,5.84,5.873,122071.46
1328400000000,5.873,5.885,5.45,5.689,683010.86
1328486400000,5.689,5.72,5.45,5.453,500693.57999999996
1328572800000,5.453,5.78,5.45,5.69,408854.22
1328659200000,5.69,5.849,5.3,5.6,1342007.99
1328745600000,5.6,5.915,5.5,5.83,516915.59
1328832000000,5.83,5.985,5.801,5.913,230967.95999999996
1328918400000,5.913,6.0,5.541,5.601,397688.3
1329004800000,5.601,5.85,5.43,5.515,459004.73000000004
1329091200000,5.515,5.72,5.2,5.26,909500.2999999997
1329177600000,5.26,5.451,4.212,4.463,1399443.97
1329264000000,4.463,4.88,4.2,4.325,741639.3500000001
1329350400000,4.325,4.444,3.878,4.274,697818.3699999999
1329436800000,4.274,4.77,4.228,4.41,606244.05
1329523200000,4.41,4.497,4.12,4.222,300903.5200000001
1329609600000,4.222,4.52,4.181,4.387,271300.43
1329696000000,4.387,4.47,4.29,4.373,162939.75000000003
1329782400000,4.373,4.397,4.212,4.272,222970.81702
1329868800000,4.272,4.54,4.271,4.425,460671.31999999995
1329955200000,4.425,5.198,4.42,5.015,792557.09
1330041600000,5.015,5.1,4.825,5.029,446896.9799999999
1330128000000,5.029,5.07,4.65,4.773,420213.0999999999
1330214400000,4.773,5.1,4.773,4.922,347092.75000000006
1330300800000,4.922,4.99,4.89,4.96,145288.78
1330387200000,4.96,5.0,4.735,4.868,305075.05999999994
1330473600000,4.868,4.9,4.8,4.86,129089.87999999998
1330560000000,4.86,4.989,4.86,4.921,218150.93000000002
1330646400000,4.921,4.95,4.51,4.705,613272.66
1330732800000,4.705,4.78,4.51,4.614,187646.67
1330819200000,4.614,4.95,4.612,4.82,283142.42000000004
1330905600000,4.82,5.05,4.82,4.984,325526.69
1330992000000,4.984,5.07,4.9,4.99,221579.33000000005
1331078400000,4.99,5.05,4.84,4.938,227645.86
1331164800000,4.938,5.0,4.755,4.93,283093.82000000007
1331251200000,4.93,4.949,4.821,4.861,160227.84999999998
1331337600000,4.861,4.913,4.753,4.833,135426.19
1331424000000,4.833,4.99,4.811,4.91,208576.66999999998
1331510400000,4.91,4.95,4.856,4.89,108198.96
1331596800000,4.89,5.41,4.865,5.27,656673.88
1331683200000,5.27,5.45,5.252,5.39,337721.84
1331769600000,5.39,5.445,5.255,5.327,219063.82000000007
1331856000000,5.327,5.4,5.3,5.344,174983.15999999997
1331942400000,5.344,5.4,5.212,5.216,207915.57999999996
1332028800000,5.216,5.34,5.211,5.279,120310.26000000002
1332115200000,5.279,5.31,4.5,4.694,922722.0000000001
1332201600000,4.694,4.9,4.588,4.838,318065.2999999999
1332288000000,4.838,4.87,4.75,4.815,223605.6
1332374400000,4.815,4.88,4.598,4.704,276226.91
1332460800000,4.704,4.79,4.6,4.686,254329.75
1332547200000,4.686,4.729,4.596,4.676,181738.17
1332633600000,4.676,4.683,4.3,4.55,322035.2200000001
1332720000000,4.55,4.738,4.516,4.621,324896.28
1332806400000,4.621,4.846,4.49,4.811,342922.04
1332892800000,4.811,4.837,4.721,4.788,182050.52000000002
1332979200000,4.788,4.861,4.71,4.808,180963.55
1333065600000,4.808,4.88,4.717,4.86,187496.41999999998
1333152000000,4.86,4.95,4.82,4.909,173670.91
1333238400000,4.909,4.92,4.73,4.827,172377.67000000004
1333324800000,4.827,5.08,4.76,4.974,398480.63
1333411200000,4.974,4.995,4.81,4.952,384710.32
1333497600000,4.952,4.97,4.89,4.91,251784.97999999992
1333584000000,4.91,4.935,4.87,4.919,165880.19
1333670400000,4.919,4.98,4.88,4.95,287735.15
1333756800000,4.95,4.95,4.687,4.69,388783.69000000006
1333843200000,4.69,4.8,4.62,4.793,197917.31
1333929600000,4.793,4.879,4.732,4.872,187709.3
1334016000000,4.872,4.9,4.764,4.837,256671.36999999997
1334102400000,4.837,4.98,4.791,4.928,327827.1
1334188800000,4.928,4.946,4.843,4.92,226872.22
1334275200000,4.92,4.945,4.73,4.94,452385.86
1334361600000,4.94,5.03,4.9,4.96,317996.10000000003
1334448000000,4.96,4.98,4.86,4.969,163921.52000000002
1334534400000,4.969,4.979,4.91,4.932,154236.34
1334620800000,4.932,5.022,4.925,4.976,151983.97
1334707200000,4.976,5.178,4.96,5.118,401659.4200000001
1334793600000,5.118,5.19,5.1,5.138,240310.57
1334880000000,5.138,5.48,5.101,5.35,544263.48
1334966400000,5.35,5.479,5.11,5.26,321118.7299999999
1335052800000,5.26,5.325,5.101,5.204,192195.83000000002
1335139200000,5.204,5.218,4.96,4.96,252978.56
1335225600000,4.96,5.2,4.952,5.098,360126.5999999999
1335312000000,5.098,5.18,5.036,5.132,182736.86
1335398400000,5.132,5.175,4.99,5.098,291333.81999999995
1335484800000,5.098,5.124,5.032,5.109,131461.84999999998
1335571200000,5.109,5.109,4.846,4.979,453939.62000000005
1335657600000,4.979,5.018,4.88,4.904,109717.99
1335744000000,4.904,5.0,4.87,4.949,275744.98
1335830400000,4.949,5.0,4.916,5.0,181986.6
1335916800000,5.0,5.179,4.97,5.074,487937.82
1336003200000,5.074,5.184,5.02,5.134,180427.19
1336089600000,5.134,5.15,5.067,5.067,223210.24
1336176000000,5.067,5.12,5.029,5.077,95532.51999999999
1336262400000,5.077,5.099,5.014,5.05,97474.41
1336348800000,5.05,5.096,4.971,5.06,232779.54
1336435200000,5.06,5.1,4.96,5.05,342801.1600000001
1336521600000,5.05,5.096,5.0,5.044,196640.94999999995
1336608000000,5.044,5.125,4.803,4.85,347144.12
1336694400000,4.85,5.0,4.801,4.96,311100.91000000003
1336780800000,4.96,4.999,4.915,4.946,103382.07
1336867200000,4.946,4.999,4.92,4.93,69673.13
1336953600000,4.93,5.036,4.9,5.006,263695.59
1337040000000,5.006,5.04,4.951,5.035,220957.65999999997
1337126400000,5.035,5.135,5.0,5.089,351814.08
1337212800000,5.089,5.1,5.051,5.1,135248.35
1337299200000,5.1,5.13,5.061,5.118,268289.55000000005
1337385600000,5.118,5.143,5.07,5.099,118319.57
1337472000000,5.099,5.15,5.085,5.09,95644.05
1337558400000,5.09,5.13,5.062,5.1,171340.69999999998
1337644800000,5.1,5.115,5.05,5.099,237263.37
1337731200000,5.099,5.165,5.065,5.14,271619.69999999995
1337817600000,5.14,5.149,5.07,5.119,148029.40000000005
1337904000000,5.119,5.15,5.102,5.145,118398.29000000001
1337990400000,5.145,5.145,5.1,5.103,84985.09000000001
1338076800000,5.103,5.148,5.1,5.139,80709.34
1338163200000,5.139,5.16,5.11,5.136,141508.46000000002
1338249600000,5.136,5.159,5.015,5.15,313167.67
1338336000000,5.15,5.173,5.1,5.135,205489.50000000003
1338422400000,5.135,5.2,5.112,5.18,203750.17000000004
1338508800000,5.18,5.279,5.18,5.275,234080.46
1338595200000,5.275,5.275,5.213,5.249,79520.98000000001
1338681600000,5.249,5.254,5.205,5.205,66238.32999999999
1338768000000,5.205,5.279,5.18,5.266,268035.72000000003
1338854400000,5.266,5.5,5.224,5.44,452286.01999999996
1338940800000,5.44,5.49,5.389,5.46,221376.18999999997
1339027200000,5.46,5.594,5.41,5.591,264420.4
1339113600000,5.591,5.66,5.56,5.633,302527.61
1339200000000,5.633,5.7,5.462,5.56,206719.43999999997
1339286400000,5.56,5.577,5.427,5.468,134034.66
1339372800000,5.468,5.6,5.432,5.575,221882.15999999997
1339459200000,5.575,5.75,5.5,5.7,442662.47000000003
1339545600000,5.7,5.96,5.66,5.929,335216.87
1339632000000,5.929,5.974,5.808,5.954,206567.61
1339718400000,5.954,6.587,5.883,6.5,401827.0
1339804800000,6.5,6.599,6.261,6.4,505216.4600000001
1339891200000,6.4,6.53,6.103,6.164,308913.5
1339977600000,6.164,6.36,6.03,6.31,293446.73
1340064000000,6.31,6.533,6.281,6.499,282752.05
1340150400000,6.499,6.71,6.45,6.67,423271.19999999995
1340236800000,6.67,6.8,6.561,6.68,347681.70000000007
1340323200000,6.68,6.8,6.428,6.548,374175.1200000001
1340409600000,6.548,6.651,6.4,6.428,130792.60999999999
1340496000000,6.428,6.47,6.35,6.35,217549.24
1340582400000,6.35,6.446,6.217,6.305,395654.81999999995
1340668800000,6.305,6.47,6.289,6.42,311935.51
1340755200000,6.42,6.65,6.4,6.647,274046.64
1340841600000,6.647,6.669,6.49,6.606,282297.45999999996
1340928000000,6.606,6.679,6.542,6.65,174369.84999999995
1341014400000,6.65,6.694,6.602,6.69,137136.11
1341100800000,6.69,6.694,6.535,6.629,135823.88999999998
1341187200000,6.629,6.765,6.578,6.76,217005.55000000002
1341273600000,6.76,6.76,6.4,6.45,465280.4600000001
1341360000000,6.45,6.55,6.45,6.51,217804.24
1341446400000,6.51,6.77,6.481,6.67,301701.75999999995
1341532800000,6.67,6.72,6.55,6.648,286978.86000000004
1341619200000,6.648,6.87,6.63,6.762,257213.27000000002
1341705600000,6.762,6.86,6.723,6.799,123756.03000000001
1341792000000,6.799,7.1,6.743,7.021,425223.1
1341878400000,7.021,7.25,6.96,7.2,497668.8099999999
1341964800000,7.2,7.257,7.018,7.15,297644.87
1342051200000,7.15,7.9,7.1,7.764,471834.38
1342137600000,7.764,7.816,7.42,7.665,499441.49999999994
1342224000000,7.665,7.665,7.516,7.542,121636.00000000003
1342310400000,7.542,7.7,7.45,7.621,204616.5
1342396800000,7.621,8.65,7.618,8.5,835550.28
1342483200000,8.5,9.49,7.322,8.8,1757815.8200000003
1342569600000,8.8,9.399,8.5,9.11,955210.0800000002
1342656000000,9.11,9.234,8.818,8.87,438703.57999999996
1342742400000,8.87,8.87,7.6,8.52,1267523.7599999998
1342828800000,8.52,9.7,7.96,8.846,1242153.88
1342915200000,8.846,8.97,8.271,8.41,259113.82000000004
1343001600000,8.41,9.2,7.75,8.446,1238579.5000000002
1343088000000,8.446,8.85,8.34,8.6,353506.54
1343174400000,8.6,8.9,8.369,8.8,555883.85
1343260800000,8.8,8.901,8.6,8.9,283993.32999999996
1343347200000,8.9,8.95,8.814,8.9,237223.98999999996
1343433600000,8.9,8.93,8.71,8.888,143179.46000000002
1343520000000,8.888,8.888,8.7,8.71,100508.01999999999
1343606400000,8.71,9.15,8.7,9.098,458873.32
1343692800000,9.098,9.44,9.079,9.35,648746.31
1343779200000,9.35,9.65,9.111,9.55,647522.57
1343865600000,9.55,11.0,9.412,10.53,1283817.6400000001
1343952000000,10.53,11.12,10.3,10.97,661588.16
1344038400000,10.97,11.3,10.53,10.98,575464.2900000002
1344124800000,10.98,11.29,10.11,10.87,714863.6899999998
1344211200000,10.87,11.19,10.64,10.86,562801.92
1344297600000,10.86,11.1,10.65,11.1,451978.44999999995
1344384000000,11.1,11.15,10.85,11.06,345666.88
1344470400000,11.06,12.0,10.8,11.06,1153809.11
1344556800000,11.06,11.6,11.01,11.39,725605.07
1344643200000,11.39,11.6,11.39,11.51,250620.15999999997
1344729600000,11.51,11.77,11.45,11.62,353092.64
1344816000000,11.62,12.05,11.49,12.04,637059.6599999999
1344902400000,12.04,12.34,11.89,12.19,532302.2999999999
1344988800000,12.19,13.25,12.16,13.25,725834.15
1345075200000,13.25,13.84,12.5,13.5,1277714.1899999997
1345161600000,13.5,15.4,10.6,11.58,2930580.3200000008
1345248000000,11.58,12.9,11.02,11.61,1045361.54
1345334400000,11.61,11.62,7.58,8.0,2170411.0200000005
1345420800000,8.0,10.5,7.81,10.1,1835053.0100000002
1345507200000,10.1,10.3,9.699,9.915,722740.2799999997
1345593600000,9.915,10.1,9.571,9.807,665544.8500000001
1345680000000,9.807,10.25,9.705,10.1,560012.5700000001
1345766400000,10.1,10.62,9.852,10.6,945182.95
1345852800000,10.6,10.63,10.2,10.62,420387.9899999999
1345939200000,10.62,10.62,10.45,10.61,277773.75
1346025600000,10.61,12.15,10.54,10.95,1957673.36
1346112000000,10.95,11.21,10.5,10.94,598168.03
1346198400000,10.94,11.13,10.55,10.92,581687.7000000001
1346284800000,10.92,10.93,10.6,10.78,332208.83
1346371200000,10.78,10.83,9.66,10.16,690452.9700000001
1346457600000,10.16,10.3,9.776,9.965,233777.63999999996
1346544000000,9.965,10.36,9.719,10.2,251932.45
1346630400000,10.2,10.59,10.09,10.53,237264.66000000006
1346716800000,10.53,10.53,10.15,10.38,359404.19
1346803200000,10.38,11.17,10.26,11.0,653374.1499999999
1346889600000,11.0,11.29,10.64,11.18,733288.19
1346976000000,11.18,11.21,10.95,11.0,394463.56000000006
1347062400000,11.0,11.14,10.77,11.04,266231.48
1347148800000,11.04,11.14,10.92,11.02,155002.6
1347235200000,11.02,11.19,10.87,11.17,467067.67999999993
1347321600000,11.17,11.35,10.88,11.33,721708.45
1347408000000,11.33,11.39,10.78,11.36,657004.11
1347494400000,11.36,11.4,11.22,11.4,233401.69
1347580800000,11.4,11.8,11.32,11.74,500768.4
1347667200000,11.74,11.79,11.6,11.75,190511.94
1347753600000,11.75,11.99,11.72,11.87,359833.88
1347840000000,11.87,11.96,11.77,11.89,316662.26
1347926400000,11.89,12.35,11.84,12.25,494030.0399999999
1348012800000,12.25,12.69,12.15,12.57,519593.56
1348099200000,12.57,12.66,12.25,12.3,406467.45999999996
1348185600000,12.3,12.5,12.01,12.37,439674.24000000005
1348272000000,12.37,12.4,12.14,12.24,183186.34
1348358400000,12.24,12.27,11.63,12.19,479223.2200000001
1348444800000,12.19,12.3,11.95,12.1,330885.09
1348531200000,12.1,12.23,12.01,12.2,257174.50000000003
1348617600000,12.2,12.46,12.02,12.27,287416.92
1348704000000,12.27,12.4,12.21,12.31,238051.34999999998
1348790400000,12.31,12.45,12.12,12.39,329436.54000000004
1348876800000,12.39,12.49,12.21,12.36,211507.34000000003
1348963200000,12.36,12.45,12.3,12.4,96462.08000000003
1349049600000,12.4,12.48,12.32,12.4,307618.75999999995
1349136000000,12.4,12.88,12.34,12.84,642027.9299999998
1349222400000,12.84,12.99,12.68,12.89,422995.62
1349308800000,12.89,13.09,12.6,12.85,488811.23000000004
1349395200000,12.85,12.97,12.51,12.7,398427.0999999999
1349481600000,12.7,12.86,12.35,12.51,310513.02
1349568000000,12.51,12.62,11.7,11.8,762812.9599999998
1349654400000,11.8,11.95,10.62,11.78,1102329.2300000004
1349740800000,11.78,12.35,11.57,11.9,559694.9199999999
1349827200000,11.9,12.19,11.77,12.12,333351.58
1349913600000,12.12,12.15,11.86,12.03,238483.08999999997
1350000000000,12.03,12.15,11.92,12.0,259522.53999999998
1350086400000,12.0,12.11,11.85,11.86,141870.32
1350172800000,11.86,12.03,11.5,11.74,271135.83999999997
1350259200000,11.74,11.99,11.43,11.84,317633.19999999995
1350345600000,11.84,11.99,11.5,11.85,485720.73999999993
1350432000000,11.85,11.96,11.7,11.84,279774.85000000003
1350518400000,11.84,11.96,11.75,11.94,259855.59999999998
1350604800000,11.94,11.97,11.62,11.74,272640.89
1350691200000,11.74,11.85,11.56,11.74,259113.19
1350777600000,11.74,11.77,11.61,11.63,109479.89
1350864000000,11.63,11.81,11.47,11.71,440140.3600000001
1350950400000,11.71,12.0,11.41,11.68,637305.9999999998
1351036800000,11.68,11.79,11.59,11.65,254132.02
1351123200000,11.65,11.7,10.52,10.86,934190.96
1351209600000,10.86,10.95,9.74,10.19,1020616.6700000002
1351296000000,10.19,10.84,9.822,10.26,496747.54000000004
1351382400000,10.26,10.95,10.25,10.7,236640.50999999998
1351468800000,10.7,10.94,10.32,10.6,400173.51000000007
1351555200000,10.6,10.89,10.58,10.89,279843.09
1351641600000,10.89,11.21,10.71,11.2,448359.76999999996
1351728000000,11.2,11.28,10.4,10.57,550327.48
1351814400000,10.57,10.8,10.33,10.47,258957.81000000003
1351900800000,10.47,10.65,10.4,10.64,176345.08000000002
1351987200000,10.64,10.9,10.51,10.8,178761.65000000002
1352073600000,10.8,10.88,10.61,10.75,233650.34999999998
1352160000000,10.75,10.9,10.67,10.9,291515.93
1352246400000,10.9,11.22,10.8,10.92,348474.71
1352332800000,10.92,11.07,10.75,10.93,284556.11
1352419200000,10.93,10.98,10.79,10.82,159984.86000000002
1352505600000,10.82,10.96,10.75,10.89,146349.28
1352592000000,10.89,10.94,10.7,10.87,136448.07
1352678400000,10.87,11.18,10.77,11.01,431080.4600000002
1352764800000,11.01,11.13,10.92,10.95,184368.79
1352851200000,10.95,11.05,10.82,10.95,268636.83
1352937600000,10.95,11.3,10.86,11.2,353356.11999999994
1353024000000,11.2,11.8,11.17,11.75,669422.1600000001
1353110400000,11.75,11.8,11.52,11.79,223039.49
1353196800000,11.79,11.83,11.62,11.66,181716.98999999996
1353283200000,11.66,11.84,11.6,11.8,295260.76999999996
1353369600000,11.8,11.8,11.57,11.73,318291.26
1353456000000,11.73,11.78,11.64,11.77,225308.71999999994
1353542400000,11.77,12.43,11.67,12.42,703582.88
1353628800000,12.42,12.42,12.13,12.35,233370.94000000006
1353715200000,12.35,12.48,12.25,12.41,242058.59
1353801600000,12.41,12.6,12.31,12.48,299989.4
1353888000000,12.48,12.65,11.89,12.25,443753.06000000006
1353974400000,12.25,12.34,11.9,12.2,401692.08
1354060800000,12.2,12.41,12.1,12.35,376900.97000000003
1354147200000,12.35,12.6,12.15,12.45,329552.62999999995
1354233600000,12.45,12.65,12.42,12.57,305812.59
1354320000000,12.57,12.69,12.46,12.56,184860.95999999996
1354406400000,12.56,12.68,12.43,12.5,176013.48000000004
1354492800000,12.5,12.68,12.48,12.68,336294.72000000003
1354579200000,12.68,13.5,12.62,13.41,823838.18
1354665600000,13.41,13.42,13.15,13.38,395716.05000000005
1354752000000,13.38,13.69,12.9,13.3,623136.59
1354838400000,13.3,13.55,12.98,13.5,437726.57999999996
1354924800000,13.5,13.55,13.35,13.42,177338.38
1355011200000,13.42,13.53,13.02,13.39,372655.8900000001
1355097600000,13.39,13.55,13.27,13.43,331115.25
1355184000000,13.43,13.67,13.3,13.56,378671.69
1355270400000,13.56,13.8,13.3,13.7,512418.02999999997
1355356800000,13.7,13.8,13.47,13.7,331480.86
1355443200000,13.7,13.9,13.0,13.6,951046.0
1355529600000,13.6,13.64,13.44,13.49,205671.37999999998
1355616000000,13.49,13.67,13.13,13.3,570895.77
1355702400000,13.3,13.49,12.75,13.25,839092.6299999998
1355788800000,13.25,13.4,13.11,13.3,307326.85
1355875200000,13.3,13.6,13.2,13.6,520163.0299999999
1355961600000,13.6,13.72,13.33,13.56,446364.03000000014
1356048000000,13.56,13.6,13.42,13.5,342557.95
1356134400000,13.5,13.59,13.32,13.37,198463.78999999998
1356220800000,13.37,13.47,13.01,13.31,316965.8899999999
1356307200000,13.31,13.45,13.21,13.38,223315.17999999996
1356393600000,13.38,13.43,13.14,13.35,175265.29
1356480000000,13.35,13.47,13.2,13.47,211349.16
1356566400000,13.47,13.47,13.25,13.42,265311.8
1356652800000,13.42,13.65,13.34,13.5,320223.37000000005
1356739200000,13.5,13.67,13.27,13.4,352722.2900000001
1356825600000,13.4,13.59,13.35,13.45,158277.19
1356912000000,13.45,13.56,13.37,13.51,202798.89
1356998400000,13.51,13.56,13.16,13.3,378879.33999999997
1357084800000,13.3,13.4,13.16,13.28,239156.16
1357171200000,13.28,13.46,13.25,13.4,240845.85999999996
1357257600000,13.4,13.52,13.27,13.5,397884.37
1357344000000,13.5,13.55,13.31,13.44,286932.52
1357430400000,13.44,13.52,13.36,13.52,171497.00999999998
1357516800000,13.52,13.59,13.4,13.59,344083.33999999997
1357603200000,13.59,13.88,13.5,13.74,587223.85
1357689600000,13.74,13.86,13.62,13.77,393192.24000000005
1357776000000,13.77,14.32,13.77,14.14,727790.4800000001
1357862400000,14.14,14.35,13.91,14.14,570677.26
1357948800000,14.14,14.34,13.98,14.24,381546.9600000001
1358035200000,14.24,14.31,13.95,14.12,540759.57
1358121600000,14.12,14.35,14.11,14.35,315016.63999999996
1358208000000,14.35,14.48,13.99,14.25,732428.4
1358294400000,14.25,14.73,14.21,14.73,660929.69
1358380800000,14.73,15.7,14.63,15.5,993185.6299999999
1358467200000,15.5,15.99,15.41,15.7,879655.9799999999
1358553600000,15.7,15.77,15.25,15.62,534667.0299999999
1358640000000,15.62,15.89,15.51,15.7,408455.80000000005
1358726400000,15.7,16.98,15.63,16.8,1007686.43
1358812800000,16.8,17.59,16.65,17.26,1045898.9999999999
1358899200000,17.26,17.59,16.8,17.5,851188.3699999998
1358985600000,17.5,19.19,15.61,16.9,3053222.1
1359072000000,16.9,17.8,15.39,17.4,1345890.14
1359158400000,17.4,17.88,16.54,17.88,597064.16
1359244800000,17.88,18.0,17.21,17.95,419571.15
1359331200000,17.95,18.88,17.75,18.72,1057611.2899999998
1359417600000,18.72,19.8,18.7,19.54,1650126.1799999997
1359504000000,19.54,19.8,19.15,19.78,877863.5
1359590400000,19.78,21.43,19.51,20.41,2042238.65
1359676800000,20.41,21.13,20.3,20.5,1034619.17
1359763200000,20.5,20.5,18.0,19.63,1567325.2600000002
1359849600000,19.63,20.9,19.42,20.59,693849.6099999999
1359936000000,20.59,21.05,19.86,20.43,1066570.23
1360022400000,20.43,20.79,20.2,20.6,600949.6599999999
1360108800000,20.6,21.33,20.6,21.2,1096396.17
1360195200000,21.2,22.22,20.77,22.15,1388465.8300000003
1360281600000,22.15,22.77,22.0,22.66,1090678.5
1360368000000,22.66,23.99,22.58,23.65,886033.9999999998
1360454400000,23.65,24.11,22.67,23.97,1321513.69
1360540800000,23.97,24.68,23.65,24.65,712458.73
1360627200000,24.65,25.83,24.3,25.17,1862561.32
1360713600000,25.17,26.3,24.19,24.2,2296830.82
1360800000000,24.2,27.6,21.72,27.22,3710262.5100000007
1360886400000,27.22,27.51,26.1,27.1,1396017.98
1360972800000,27.1,27.5,26.81,27.22,511421.9300000001
1361059200000,27.22,27.4,25.0,26.81,2033614.6300000001
1361145600000,26.81,27.15,26.36,26.95,795866.4199999999
1361232000000,26.95,29.65,26.8,29.42,2810076.61
1361318400000,29.42,29.87,28.99,29.65,1096641.18
1361404800000,29.65,29.98,29.31,29.8,1030860.5900000001
1361491200000,29.8,31.3,29.67,30.25,2039411.74
1361577600000,30.25,30.69,28.0,29.8,2099763.42
1361664000000,29.8,30.4,29.2,29.89,722940.52
1361750400000,29.89,30.4,29.55,30.4,805270.5200000003
1361836800000,30.4,31.7,30.12,31.16,1329295.41
1361923200000,31.16,31.65,30.79,30.91,951289.2399999999
1362009600000,30.91,34.52,30.9,33.38,4136416.3400000012
1362096000000,33.38,34.9,32.92,34.5,1362290.7899999998
1362182400000,34.5,34.81,33.15,34.25,1241775.9499999997
1362268800000,34.25,34.5,33.8,34.5,427480.58
1362355200000,34.5,36.7,34.19,36.15,1659027.4700000002
1362441600000,36.15,40.65,36.15,40.33,3361374.94
1362528000000,40.33,49.1,40.14,41.02,5712472.949999999
1362614400000,41.02,45.5,33.3,42.0,6439707.77
1362700800000,42.0,44.5,41.02,44.18,2032649.24
1362787200000,44.18,46.99,43.41,46.85,2020839.63
1362873600000,46.85,47.95,45.47,46.0,1703124.86
1362960000000,46.0,48.47,45.54,48.4,1970814.37
1363046400000,48.4,48.4,36.65,44.29,8014405.98
1363132800000,44.29,47.3,43.75,46.92,2297381.08
1363219200000,46.92,47.99,46.05,47.17,1752253.5000000002
1363305600000,47.17,47.45,46.4,46.95,951174.3899999999
1363392000000,46.95,47.36,46.27,47.0,763344.9199999999
1363478400000,47.0,47.74,46.8,47.4,658983.34
1363564800000,47.4,52.88,47.12,51.6,3193717.3
1363651200000,51.6,62.0,50.0,59.14,6182806.07
1363737600000,59.14,66.0,57.7,64.49,5776100.56
1363824000000,64.49,74.9,63.1,70.85,6508438.179999999
1363910400000,70.85,73.75,65.0,69.87,5169041.03
1363996800000,69.87,70.5,52.35,64.35,9429343.0
1364083200000,64.35,72.5,62.7,71.93,2895161.7699999996
1364169600000,71.93,78.0,69.52,73.8,5920116.460000001
1364256000000,73.8,79.72,73.11,78.5,4376373.460000001
1364342400000,78.5,89.5,78.4,88.92,6126022.769999999
1364428800000,88.92,95.7,75.0,86.78,12257633.930000002
1364515200000,86.78,93.06,83.01,90.5,7382080.85
1364601600000,90.5,94.98,87.0,92.19,3418588.28
1364688000000,92.19,93.8,91.0,93.03,1955242.2
1364774400000,93.03,106.0,92.24,104.0,9055970.0
1364860800000,104.0,118.36,99.0,117.98,8744282.100000001
1364947200000,117.98,147.0,110.0,135.0,19519658.72
1365033600000,135.0,142.12,116.39,132.12,11598387.739999998
1365120000000,132.12,144.94,130.24,142.32,9544390.159999998
1365206400000,142.32,143.9,139.54,142.63,2597665.4300000006
1365292800000,142.63,164.9,142.63,162.3,9401468.34
1365379200000,162.3,194.9,162.3,187.5,20713163.089999996
1365465600000,187.5,240.11,186.5,230.0,22696282.55
1365552000000,230.0,266.0,105.0,165.0,35109363.440000005
1365638400000,165.0,335.89,105.0,105.0,18866809.85
1365724800000,170.15,170.15,54.25,117.0,47601283.050000004
1365811200000,117.0,130.0,85.5,93.0,26254439.220000003
1365897600000,93.0,110.0,84.44,90.0,16195892.549999997
1365984000000,90.0,102.0,71.51,82.39,20602989.31
1366070400000,82.39,84.5,50.01,68.36,37382133.29
1366156800000,68.36,98.78,63.3,93.07,27933826.119999997
1366243200000,93.07,113.0,86.0,109.07,16840477.61
1366329600000,109.07,136.43,105.54,118.5,30707765.350000005
1366416000000,118.5,132.0,115.0,127.1,9221372.120000001
1366502400000,127.1,137.5,110.0,119.2,12044404.11
1366588800000,119.2,127.4,118.5,127.4,7285334.4
1366675200000,127.4,144.02,124.97,143.48,15630270.39
1366761600000,143.48,166.43,140.97,154.2,34345816.97
1366848000000,154.2,162.0,120.09,141.71,26844741.73
1366934400000,141.71,144.99,121.45,136.9,17058551.419999998
1367020800000,136.9,139.88,122.71,128.0,7853806.469999999
1367107200000,128.0,136.68,127.5,134.44,3662548.4900000007
1367193600000,134.44,149.08,133.0,144.0,9983975.069999998
1367280000000,144.0,146.93,134.0,139.23,9119200.98
1367366400000,139.23,140.06,104.0,116.38,21787942.839999996
1367452800000,116.38,126.9,91.11,106.25,24932099.529999997
1367539200000,106.25,109.0,79.0,98.1,22496255.300000004
1367625600000,98.1,116.3,92.0,112.9,14143158.980000002
1367712000000,112.9,118.85,107.0,115.98,9553872.230000002
1367798400000,115.98,124.9,106.01,112.25,17604384.699999996
1367884800000,112.25,114.0,97.52,109.61,14898971.680000002
1367971200000,109.61,116.78,109.5,113.2,6990518.98
1368057600000,113.2,113.72,108.8,112.8,3003068.42
1368144000000,112.8,122.5,111.54,117.7,9140709.08
1368230400000,117.7,118.74,113.0,115.64,3238018.3099999996
1368316800000,115.64,117.47,112.4,114.82,2357929.41
1368403200000,114.82,118.88,114.5,117.98,3058207.4899999993
1368489600000,117.98,119.8,109.42,111.4,10075279.719999999
1368576000000,111.4,116.44,103.02,114.22,12997994.799999997
1368662400000,114.22,118.97,112.1,118.21,5202992.380000001
1368748800000,118.21,125.56,116.57,123.5,9600699.690000001
1368835200000,123.5,125.31,122.25,123.21,2800255.8999999994
1368921600000,123.21,124.5,119.5,122.5,2495650.34
1369008000000,122.5,123.69,120.1,122.02,2108418.95
1369094400000,122.02,123.08,121.1,122.89,1628026.6799999997
1369180800000,122.89,124.5,122.0,123.8,2238395.81
1369267200000,123.8,126.93,123.0,126.3,2762861.5400000005
1369353600000,126.3,133.98,125.36,133.1,6317090.639999999
1369440000000,133.1,133.5,128.2,131.99,2200845.2899999996
1369526400000,131.99,136.0,130.61,133.5,3126240.27
1369612800000,133.5,135.47,124.0,130.64,6052716.470000001
1369699200000,130.64,130.64,125.4,129.0,2911329.389999999
1369785600000,129.0,132.72,127.6,132.25,2500237.4099999997
1369872000000,132.25,132.4,126.5,128.8,3179031.6099999994
1369958400000,128.8,130.0,126.33,128.82,2110227.34
1370044800000,128.82,129.79,127.1,129.3,810240.49
1370131200000,129.3,130.1,115.0,122.5,12332357.600000003
1370217600000,122.5,122.78,115.11,120.74,3426873.4
1370304000000,120.74,123.99,118.79,121.4,2633256.97
1370390400000,121.4,123.5,119.5,121.9,2015275.85
1370476800000,121.9,123.3,117.0,118.97,2623564.83
1370563200000,118.97,119.13,106.15,111.0,7357062.31
1370649600000,111.0,113.19,107.0,107.89,1862090.5999999999
1370736000000,107.89,108.99,88.0,100.44,14628128.88
1370822400000,100.44,110.63,95.0,106.35,6764668.73
1370908800000,106.35,109.6,103.23,109.0,1704624.5099999995
1370995200000,109.0,112.25,106.0,108.78,1916594.0099999998
1371081600000,108.78,110.3,100.3,103.95,3186391.58
1371168000000,103.95,104.7,97.1,99.99,3615245.1299999994
1371254400000,99.99,103.7,97.5,99.8,2257850.8000000003
1371340800000,99.8,122.27,98.9,99.9,862055.49
1371427200000,99.9,102.4,98.9,101.95,1516435.3800000001
1371513600000,101.95,113.3,101.03,107.35,6491826.469999999
1371600000000,107.35,110.99,104.66,108.25,1879212.2899999998
1371686400000,108.25,114.48,107.12,111.29,4774161.1
1371772800000,111.29,115.01,107.56,109.5,4221551.75
1371859200000,109.5,109.96,107.51,108.2,781056.9800000001
1371945600000,108.2,149.52,106.2,107.9,1180227.4000000001
1372032000000,107.9,108.33,100.76,102.1,2970209.4300000006
1372118400000,102.1,109.98,100.0,103.33,9737161.719999999
1372204800000,103.33,105.49,101.83,104.0,1361155.0199999998
1372291200000,104.0,104.0,100.06,101.74,1481838.86
1372377600000,101.74,101.79,92.25,94.66,4594020.58
1372464000000,94.66,100.44,93.0,95.0,2457873.2399999993
1372550400000,95.0,98.12,93.85,97.51,822038.88
1372636800000,97.51,98.18,86.01,88.05,4817325.360000001
1372723200000,88.05,92.57,87.51,90.51,2466507.4199999995
1372809600000,90.51,91.2,76.0,78.89,6073317.68
1372896000000,78.89,84.27,72.0,80.2,4966499.62
1372982400000,80.2,80.6,65.42,68.5,6454413.400000001
1373068800000,68.5,75.0,66.81,69.66,2866037.1399999997
1373155200000,69.66,77.0,66.6,76.5,3032307.8
1373241600000,76.5,80.0,72.46,76.0,4503253.449999998
1373328000000,76.0,78.3,72.51,76.7,2437106.0700000003
1373414400000,76.7,89.84,75.53,88.0,4916740.880000001
1373500800000,88.0,90.7,85.0,88.98,3084484.6599999997
1373587200000,88.98,104.17,88.0,93.99,9759561.49
1373673600000,93.99,98.32,87.76,98.32,3186590.7299999995
1373760000000,98.32,99.0,92.86,94.42,1171458.5100000002
1373846400000,94.42,101.94,93.11,98.89,3366165.02
1373932800000,98.89,100.73,96.0,97.1,1560692.6900000002
1374019200000,97.1,100.0,96.18,98.5,1642097.5999999994
1374105600000,98.5,98.8,86.2,90.07,5358091.06
1374192000000,90.07,95.2,87.6,92.09,2474448.1500000004
1374278400000,92.09,93.1,89.27,89.82,829452.97
1374364800000,89.82,92.0,88.0,92.0,769333.69
1374451200000,92.0,92.0,89.8,91.6,751344.12
1374537600000,91.6,97.13,91.6,95.56,2251574.5200000005
1374624000000,95.56,95.99,92.3,95.09,1304035.3
1374710400000,95.09,97.48,93.57,96.95,2086771.47
1374796800000,96.95,97.48,96.0,96.02,1004832.57
1374883200000,96.02,97.0,93.0,94.4,1383243.7999999996
1374969600000,94.4,100.58,94.0,98.78,4137932.55
1375056000000,98.78,102.85,98.45,101.48,2412405.7299999995
1375142400000,101.48,107.99,100.47,107.96,2793637.0200000005
1375228800000,107.96,111.65,103.55,106.21,4838033.809999999
1375315200000,106.21,108.0,103.0,104.0,1473502.4000000001
1375401600000,104.0,108.0,101.21,104.5,2793208.560000001
1375488000000,104.5,105.89,102.0,104.95,866021.1900000001
1375574400000,104.95,106.0,103.5,105.12,639772.28
1375660800000,105.12,107.77,105.0,106.72,1543737.64
1375747200000,106.72,107.5,105.11,106.56,1301008.14
1375833600000,106.56,106.96,105.22,105.99,719935.2200000002
1375920000000,105.99,106.65,100.96,103.05,2397802.0099999993
1376006400000,103.05,105.79,101.94,102.8,1133150.52
1376092800000,102.8,103.9,102.38,103.0,351636.35
1376179200000,103.0,105.19,102.7,105.0,820721.72
1376265600000,105.0,108.12,103.5,106.81,2030771.2499999998
1376352000000,106.81,109.64,104.5,109.6,1912320.24
1376438400000,109.6,115.0,108.0,112.56,5567652.069999999
1376524800000,112.56,113.32,108.78,109.99,1643457.6700000002
1376611200000,109.99,112.3,108.21,108.99,1378752.0
1376697600000,108.99,114.0,108.23,112.75,1373044.64
1376784000000,112.75,114.69,112.0,113.38,1059845.24
1376870400000,113.38,123.75,111.77,118.5,6088398.460000001
1376956800000,118.5,123.01,116.82,121.2,2803868.5300000007
1377043200000,121.2,125.0,119.68,123.3,3637947.81
1377129600000,123.3,124.49,120.54,122.0,1563933.7300000002
1377216000000,122.0,122.0,118.44,118.51,2180668.6100000003
1377302400000,118.51,121.39,118.02,119.6,1001638.1399999999
1377388800000,119.6,122.99,119.14,122.11,864221.2799999999
1377475200000,122.11,122.97,119.92,120.11,1226894.2899999998
1377561600000,120.11,133.0,120.0,131.29,6753064.339999998
1377648000000,131.29,131.72,128.02,128.76,1498911.3399999999
1377734400000,128.76,131.2,128.18,129.3,950327.4499999998
1377820800000,129.3,142.76,128.56,138.03,6130666.3
1377907200000,138.03,148.7,135.89,141.0,4379539.85
1377993600000,141.0,147.29,141.0,146.01,2012831.9899999998
1378080000000,146.01,148.5,142.11,144.0,1515953.5499999998
1378166400000,144.0,148.91,142.2,144.0,2289067.07
1378252800000,144.0,145.8,130.09,132.51,3789771.82
1378339200000,132.51,137.97,127.24,130.2,3388171.0599999996
1378425600000,130.2,134.0,121.9,121.9,2306510.19
1378512000000,121.9,131.02,121.25,128.99,1711444.13
1378598400000,128.99,129.87,124.06,126.32,898013.7300000001
1378684800000,126.32,137.48,124.0,133.1,3713063.38
1378771200000,133.1,195.12,117.44,132.62,1082263.63
1378857600000,132.62,145.9,127.5,142.1,5561047.2700000005
1378944000000,142.1,145.52,137.51,139.35,2726354.33
1379030400000,139.35,145.6,137.82,140.66,2701141.0200000005
1379116800000,140.66,142.0,136.5,136.71,1162873.35
1379203200000,136.71,141.0,135.04,138.3,852533.93
1379289600000,138.3,142.23,137.9,139.42,1295814.5200000003
1379376000000,139.42,141.37,138.0,139.15,1149306.1099999996
1379462400000,139.15,142.0,139.01,140.41,1148501.4
1379548800000,140.41,141.2,131.14,135.05,2695293.9099999997
1379635200000,135.05,137.28,131.0,133.81,1334825.5499999998
1379721600000,133.81,135.99,132.0,134.38,594386.0000000001
1379808000000,134.38,135.0,131.0,134.0,739648.9
1379894400000,134.0,135.0,132.0,133.4,596235.7
1379980800000,133.4,136.59,132.5,134.78,932097.5199999999
1380067200000,134.78,138.0,134.7,135.01,1122963.76
1380153600000,135.01,139.0,134.71,137.1,712709.66
1380240000000,137.1,142.66,134.83,138.93,3593626.790000001
1380326400000,138.93,143.0,138.02,142.5,1827958.4600000002
1380412800000,142.5,145.81,141.36,143.88,2567567.3899999997
1380499200000,143.88,145.81,138.12,141.9,1825855.1600000001
1380585600000,141.9,144.44,139.41,140.3,1092164.85
1380672000000,140.3,141.93,109.7,123.0,13742025.499999998
1380758400000,123.0,132.0,120.1,130.99,4386579.600000001
1380844800000,130.99,139.8,128.5,136.82,2387682.75
1380931200000,136.82,138.0,135.3,136.7,611381.9800000001
1381017600000,136.7,138.0,134.1,137.8,634030.9899999999
1381104000000,137.8,185.43,95.28,123.75,127606.93000000001
1381190400000,123.75,186.34,116.77,141.09,139240.49
1381276800000,141.09,189.34,118.58,145.97,117201.02999999998
1381363200000,145.97,189.18,120.39,133.16,123364.84000000001
1381449600000,133.16,190.28,114.1,165.43,129875.81
1381536000000,165.43,191.25,99.52,140.8,55079.000000000015
1381622400000,140.8,198.8,126.66,149.72,24464.43
1381708800000,149.72,203.38,114.08,153.99,80225.3
1381795200000,153.99,210.0,122.26,162.4,212210.26999999996
1381881600000,133.88,218.22,127.24,137.64,201242.87000000002
1381968000000,137.64,214.32,132.37,155.42,119445.78000000001
1382054400000,155.42,226.48,132.74,181.77,164016.68
1382140800000,181.77,248.58,130.44,192.44,134713.05
1382227200000,163.0,249.72,135.58,249.72,43172.92
1382313600000,249.72,270.0,149.64,187.4,207197.03
1382400000000,187.4,286.35,105.94,150.0,179341.94
1382486400000,215.06,303.0,135.8,202.24,193927.09
1382572800000,202.24,267.85,166.83,184.14,159859.54000000004
1382659200000,185.95,300.0,124.56,219.92,193917.06100000002
1382745600000,183.0,269.46,145.13,192.74,95833.43000000001
1382832000000,192.74,500.0,151.07,218.89,54772.899999999994
1382918400000,218.89,450.0,166.27,225.52,214606.66
1383004800000,225.52,301.16,145.19,217.83,226709.25999999998
1383091200000,217.83,375.0,150.75,210.75,199095.25300000003
1383177600000,203.77,301.35,176.76,202.1,144621.16
1383264000000,234.81,304.72,174.72,253.76,212016.02999999997
1383350400000,253.76,306.69,122.35,230.0,109208.03
1383436800000,230.0,305.9,182.1,209.46,53472.303
1383523200000,209.46,229.97,209.04,229.8,272010.58
1383609600000,229.8,286.76,222.05,244.96,261377.43
1383696000000,274.34,380.94,199.86,261.21,279454.62
1383782400000,261.21,489.65,229.9,357.51,289159.02999999997
1383868800000,296.49,489.84,204.09,346.0,266254.92
1383955200000,346.0,531.92,231.89,338.68,228219.8
1384041600000,338.68,457.26,221.22,375.46,51214.899999999994
1384128000000,375.46,513.0,247.22,338.9,75584.87
1384214400000,338.9,530.98,259.52,355.0,372341.80000000005
1384300800000,415.83,586.6,308.19,398.0,299850.68
1384387200000,422.92,626.34,330.08,426.5,268582.97000000003
1384473600000,425.84,612.5,355.92,410.83,375133.32000000007
1384560000000,410.83,672.33,284.0,467.59,210201.102
1384646400000,467.59,693.12,366.89,491.5,97968.86
1384732800000,720.0,742.03,416.03,658.79,382316.45999999996
1384819200000,658.79,1353.6,414.57,599.34,326682.66
1384905600000,599.34,900.05,450.0,591.81,356894.59
1384992000000,591.81,1266.3,581.37,662.7,379304.13
1385078400000,662.7,1610.7,642.7,800.0,379940.37
1385164800000,800.0,1036.16,679.0,822.16,298763.57999999996
1385251200000,822.16,1361.03,717.59,808.33,89818.58000000002
1385337600000,808.33,1779.8,712.8,801.6,338725.91000000003
1385424000000,801.6,1742.98,508.0,875.06,380540.96
1385510400000,875.06,1081.09,875.06,993.44,547589.3200000001
1385596800000,993.44,1639.46,850.95,999.0,185231.24
1385683200000,999.0,1599.98,891.0,1148.0,474694.05
1385769600000,1148.0,1683.36,845.47,1220.91,380148.0187
1385856000000,1125.43,2327.37,770.0,949.93,157701.9
1385942400000,949.93,1339.0,911.04,1022.95,389670.61
1386028800000,1022.95,2164.26,947.4,1047.11,430215.00999999995
1386115200000,1047.11,1616.39,975.85,1079.93,462511.30000000005
1386201600000,1079.93,1367.77,855.7,1032.05,488270.93
1386288000000,1032.05,1065.23,858.65,858.65,347549.4799999999
1386374400000,858.65,950.0,600.96,713.49,268627.68
1386460800000,713.49,800.36,670.0,779.0,83025.69999999998
1386547200000,779.0,1052.4,779.0,899.73,373845.5
1386633600000,899.73,975.11,899.44,954.64,394569.72000000003
1386720000000,954.64,979.23,820.0,883.78,390123.97000000003
1386806400000,883.78,1250.0,759.0,873.0,245211.83000000005
1386892800000,873.0,1296.21,769.25,868.23,262828.39
1386979200000,868.23,1590.8,813.26,1146.0,172573.24000000002
1387065600000,1146.0,1525.73,769.49,869.84,115230.09000000003
1387152000000,869.84,1533.53,662.66,707.0,422850.18000000005
1387238400000,707.0,871.54,674.74,702.0,325062.01000000007
1387324800000,702.0,702.0,380.0,528.0,480045.88
1387411200000,528.0,700.0,517.62,688.66,316045.61000000004
1387497600000,688.66,1085.0,613.8,624.39,291442.36
1387584000000,624.39,1087.95,523.26,621.45,193894.71999999997
1387670400000,621.45,1059.27,570.0,641.06,89636.79
1387756800000,641.06,1215.81,610.56,659.5,276361.83
1387843200000,659.5,1100.0,576.6,659.79,186776.68
1387929600000,659.79,1221.17,540.76,684.51,52421.05
1388016000000,684.51,1000.0,676.0,759.86,255264.69
1388102400000,759.86,769.01,714.15,731.86,321112.81
1388188800000,731.86,1325.49,635.0,737.39,151170.16
1388275200000,737.39,1243.34,590.82,738.18,78211.98999999999
1388361600000,738.18,1278.06,691.4,749.0,357317.55000000005
1388448000000,749.0,1032.0,601.07,723.44,256786.59000000003
1388534400000,723.44,1221.0,692.7,753.99,56482.979999999996
1388620800000,753.99,1049.08,689.9,799.04,321755.64
1388707200000,799.04,1403.64,659.89,808.52,347630.11
1388793600000,808.52,1050.0,649.44,820.31,240574.13
1388880000000,827.65,1379.22,733.64,913.93,138551.6
1388966400000,913.93,1383.65,837.0,987.54,431838.2700000001
1389052800000,936.27,1543.8,778.85,837.02,364931.48
1389139200000,837.02,1302.86,717.75,852.49,298432.72
1389225600000,824.98,1865.25,689.83,850.29,313388.76
1389312000000,850.29,1866.42,706.37,857.33,304008.32
1389398400000,857.33,1464.59,735.89,963.22,241965.06000000006
1389484800000,899.84,1987.2,733.67,860.0,105045.64
1389571200000,860.0,1248.26,632.17,850.0,405178.38
1389657600000,850.0,1886.44,696.56,1141.19,368665.41000000003
1389744000000,1141.19,1903.75,720.76,1172.06,338818.48
1389830400000,1172.06,1897.38,691.99,826.97,352130.25999999995
1389916800000,836.94,1211.54,695.98,804.35,380952.63
1390003200000,804.35,1814.74,683.0,1063.21,246364.81999999998
1390089600000,1063.21,1825.2,692.64,835.0,102094.00000000001
1390176000000,835.0,1878.73,707.2,959.73,123183.12000000001
1390262400000,959.73,1867.88,700.75,1093.9,522824.68999999994
1390348800000,1093.9,1851.86,727.14,817.27,400319.18000000005
1390435200000,817.27,1762.14,729.71,1012.18,358347.27999999997
1390521600000,1012.18,1775.25,721.28,794.93,329053.0
1390608000000,794.93,1847.18,715.36,812.02,301126.8599999999
1390694400000,812.02,1314.9,744.21,826.72,99396.38
1390780800000,810.23,1839.96,735.02,790.0,337638.42999999993
1390867200000,790.0,1647.0,688.0,815.99,325873.88
1390953600000,891.0,1525.49,712.83,795.0,287385.87
1391040000000,942.68,1523.4,651.9,808.0,299147.51
1391126400000,808.0,1729.85,695.99,812.19,391077.47
1391212800000,860.83,3000.0,695.3,1014.36,268229.57
1391299200000,1014.36,1523.06,731.91,814.86,116188.69000000002
1391385600000,1141.0,1758.08,702.9,998.24,318423.12
1391472000000,998.24,1500.0,683.19,857.53,362443.81
1391558400000,857.53,1253.94,682.01,802.69,337484.06999999995
1391644800000,802.69,1216.8,667.19,767.61,389140.65
1391731200000,904.43,1115.56,639.35,723.0,353390.34
1391817600000,723.0,1077.42,679.47,693.65,296818.99000000005
1391904000000,693.65,1100.0,602.31,696.49,276020.6
1391990400000,696.49,1200.0,550.0,690.2,327592.91000000003
1392076800000,690.2,1200.0,621.58,672.6,295743.68
1392163200000,672.6,1447.81,542.39,707.56,269187.21
1392249600000,707.56,1500.0,524.38,798.0,244679.80000000005
1392336000000,623.95,710.0,586.43,670.34,272106.11
1392422400000,627.53,1331.05,573.21,901.0,172526.63
1392508800000,656.28,1309.04,558.95,635.79,86213.03999999998
1392595200000,635.79,1085.41,593.68,638.1,185351.76000000004
1392681600000,638.1,1084.6,621.13,636.52,300157.08
1392768000000,671.79,2000.0,519.3,630.16,281389.96
1392854400000,630.16,1380.0,565.57,575.72,309509.79999999993
1392940800000,575.72,760.0,547.72,572.27,317640.43
1393027200000,610.78,1500.0,515.2,605.43,205254.81999999998
1393113600000,605.43,1500.0,495.36,616.88,106933.51000000001
1393200000000,616.88,1200.0,469.0,572.0,338753.88999999996
1393286400000,572.0,1050.0,350.83,522.84,325038.41000000003
1393372800000,522.84,650.0,522.84,593.14,383571.22000000003
1393459200000,593.14,960.92,480.38,596.49,322887.37
1393545600000,647.55,948.93,5.76,573.94,321170.13999999996
1393632000000,573.94,1145.94,253.67,575.0,250331.32
1393718400000,692.96,1100.0,501.96,544.61,469498.6
1393804800000,544.61,696.85,542.38,661.74,794976.6100000001
1393891200000,661.74,686.46,645.36,662.36,947328.8500000001
1393977600000,662.36,665.8,636.61,658.14,855787.6699999999
1394064000000,658.14,661.78,636.49,648.23,1367401.1800000002
1394150400000,648.23,655.62,600.49,616.55,1498290.23
1394236800000,616.55,625.64,588.55,609.15,1335982.85
1394323200000,609.15,637.58,598.48,627.11,1209993.27
1394409600000,627.11,633.53,594.73,612.88,1648979.9200000002
1394496000000,612.88,1016.82,560.0,641.82,1520733.1600000001
1394582400000,641.82,641.82,609.29,619.54,2022394.14
1394668800000,619.54,636.13,616.05,625.31,2168407.86
1394755200000,625.31,631.06,608.36,614.84,2514218.7000000007
1394841600000,614.84,628.81,609.17,624.05,2168732.03
1394928000000,624.05,627.23,613.11,619.46,2055390.7200000002
1395014400000,619.46,622.47,602.9,606.36,2227123.88
1395100800000,606.36,1287.8,585.65,598.87,2234320.09
1395187200000,598.87,607.07,590.12,594.92,2164735.6799999997
1395273600000,594.92,598.47,560.86,565.95,2471474.65
1395360000000,565.95,587.3,540.49,549.87,2173546.36
1395446400000,549.87,569.96,537.2,564.31,2078360.1500000001
1395532800000,564.31,564.31,538.72,551.15,2286135.31
1395619200000,551.15,572.49,531.24,567.53,2024402.7499999998
1395705600000,567.53,569.63,550.39,562.87,2172190.33
1395792000000,562.87,575.42,546.31,562.37,2087611.58
1395878400000,562.37,567.44,460.83,460.83,2010894.6999999997
1395964800000,460.83,514.64,455.32,482.39,2022261.8699999996
1396051200000,482.39,494.25,473.73,477.05,2087784.22
1396137600000,477.05,478.72,424.04,446.74,1769770.4000000004
1396224000000,446.74,474.36,422.43,444.59,1850592.7400000002
1396310400000,444.59,487.29,437.92,463.35,1845836.4200000002
1396396800000,463.35,480.21,409.12,424.3,2004152.9
1396483200000,424.3,448.77,386.72,436.35,1708540.9000000001
1396569600000,436.35,455.78,415.32,444.23,1127311.0999999999
1396656000000,444.23,668.66,415.61,456.62,529964.02
1396742400000,456.62,472.33,446.29,455.68,1644846.6799999997
1396828800000,455.68,485.08,447.98,462.38,1847982.3200000003
1396915200000,462.38,480.7,457.57,466.57,1839605.1400000001
1397001600000,466.57,479.67,451.07,457.34,1809262.8999999997
1397088000000,457.34,463.46,384.64,384.64,1547153.26
1397174400000,384.64,449.89,355.72,435.16,2175242.9499999997
1397260800000,435.16,469.51,428.02,437.69,2293511.1999999997
1397347200000,437.69,454.15,409.86,427.6,2143146.7800000003
1397433600000,427.6,497.91,420.13,478.48,3546258.2399999998
1397520000000,478.48,526.43,466.49,526.43,3945871.1500000004
1397606400000,526.43,549.04,496.12,537.04,4192651.96
1397692800000,537.04,537.04,486.89,502.0,4097576.4299999997
1397779200000,502.0,512.13,471.98,485.52,4112826.3699999996
1397865600000,485.52,516.88,473.15,506.02,4154929.4000000004
1397952000000,506.02,522.22,488.69,498.51,3879198.0499999993
1398038400000,498.51,524.69,490.67,495.16,3688692.92
1398124800000,495.16,520.51,483.4,487.93,2824567.05
1398211200000,487.93,509.96,482.24,487.29,2340457.4800000004
1398297600000,487.29,507.34,477.32,500.29,2075376.07
1398384000000,500.29,502.49,438.42,464.47,3000226.27
1398470400000,464.47,468.69,448.57,457.87,3157540.109999999
1398556800000,457.87,461.4,437.39,443.18,3154922.75
1398643200000,443.18,451.11,420.77,441.91,2004954.25
1398729600000,441.91,453.7,430.71,446.12,1670352.01
1398816000000,446.12,452.64,430.86,445.63,1831533.1999999997
1398902400000,445.63,464.49,444.5,460.13,1915772.59
1398988800000,460.13,463.39,441.99,453.67,1532239.3800000004
1399075200000,453.67,454.2,429.12,438.64,1143291.6900000004
1399161600000,438.64,446.61,428.79,436.05,1470650.16
1399248000000,436.05,443.86,426.44,430.87,1328247.8899999997
1399334400000,430.87,434.95,420.24,432.19,1809731.5899999999
1399420800000,432.19,458.8,423.55,446.5,2209759.8099999996
1399507200000,446.5,455.48,439.49,441.09,1134338.7499999998
1399593600000,441.09,455.77,438.5,445.44,997784.7899999999
1399680000000,445.44,459.23,441.28,451.83,210112.71999999994
1399766400000,451.83,455.4,429.82,433.18,845213.8499999999
1399852800000,433.18,441.07,430.18,438.19,610462.2499999999
1399939200000,438.19,442.27,432.73,433.91,1164049.42
1400025600000,433.91,444.28,433.88,442.63,978031.94
1400112000000,442.63,450.02,441.47,448.1,989003.2699999999
1400198400000,448.1,455.16,441.85,453.63,799913.5100000001
1400284800000,453.63,455.94,452.23,452.79,776390.6799999999
1400371200000,452.79,454.0,449.05,450.15,653912.74
1400457600000,450.15,451.69,441.2,443.9,602742.4900000001
1400544000000,443.9,486.02,437.11,484.43,883359.54
1400630400000,484.43,495.19,481.7,488.82,689104.31
1400716800000,488.82,519.27,485.45,515.39,1589075.1600000001
1400803200000,515.39,540.84,515.34,518.07,1457339.19
1400889600000,518.07,526.65,510.42,520.46,1492790.8700000003
1400976000000,520.46,589.0,520.45,570.49,1037758.33
1401062400000,570.49,586.4,564.65,582.02,1712997.8599999994
1401148800000,582.02,586.2,555.19,570.09,1947436.2599999998
1401235200000,570.09,581.77,562.56,570.83,2054559.3699999996
1401321600000,570.83,573.85,557.73,564.42,2121556.7299999995
1401408000000,564.42,613.28,564.02,612.37,3688564.7700000005
1401494400000,612.37,629.03,604.73,627.91,2738340.8400000003
1401580800000,627.91,675.12,622.77,650.08,2322782.87
1401667200000,650.08,662.6,625.47,655.46,2650871.52
1401753600000,655.46,675.92,610.13,668.4,2882819.58
1401840000000,668.4,669.6,604.13,638.75,3601867.65
1401926400000,638.75,665.5,635.46,660.33,1825395.47
1402012800000,660.33,663.86,647.22,650.41,3978265.2300000004
1402099200000,650.41,659.77,640.93,651.66,1298892.3
1402185600000,651.66,658.91,648.68,651.09,2167689.11
1402272000000,651.09,652.15,639.08,644.42,2126014.8400000003
1402358400000,644.42,661.45,641.71,655.69,2340867.15
1402444800000,655.69,663.08,642.04,643.11,2491455.000000001
1402531200000,643.11,643.93,589.19,595.57,2928621.9899999998
1402617600000,595.57,619.01,595.64,611.18,4612164.05
1402704000000,611.18,613.89,563.56,583.41,2985483.67
1402790400000,583.41,587.78,560.7,582.28,2272289.8400000003
1402876800000,582.28,606.21,544.69,599.08,2403694.5499999993
1402963200000,599.08,608.45,593.78,605.06,1820590.3299999998
1403049600000,605.06,614.39,603.65,606.21,2037434.5099999995
1403136000000,606.21,612.66,598.69,600.19,3433287.5
1403222400000,600.19,602.17,587.08,590.61,1312852.7899999998
1403308800000,590.61,599.21,584.83,597.02,1373722.2200000002
1403395200000,597.02,630.92,561.32,603.89,1240859.45
1403481600000,603.89,604.7,582.89,591.22,1594834.6400000001
1403568000000,591.22,595.66,585.41,588.76,1840620.2399999998
1403654400000,588.76,589.17,566.72,567.66,1797681.0299999998
1403740800000,567.66,582.69,565.81,582.69,2401035.72
1403827200000,582.69,603.14,580.32,601.52,2015064.2800000003
1403913600000,601.52,608.71,593.97,597.55,1778752.29
1404000000000,597.55,604.28,593.18,601.06,1736172.8599999999
1404086400000,601.06,637.29,596.59,635.09,2394861.37
1404172800000,635.09,652.47,634.02,643.09,2675353.9600000004
1404259200000,643.09,652.02,604.17,645.66,3099761.9600000004
1404345600000,645.66,646.68,633.71,638.21,2580980.4800000004
1404432000000,638.21,642.21,623.03,623.92,2291612.1799999997
1404518400000,623.92,627.91,619.69,622.95,2034965.62
1404604800000,622.95,863.02,568.94,626.65,1698242.2599999998
1404691200000,626.65,627.9,607.77,613.56,1590944.7299999997
1404777600000,613.56,619.64,609.35,615.35,2004899.1099999999
1404864000000,615.35,623.89,610.53,623.0,1920482.88
1404950400000,623.0,624.95,611.66,618.39,2253171.1899999995
1405036800000,618.39,633.61,616.11,632.9,1969199.34
1405123200000,632.9,638.58,625.92,635.9,2179286.05
1405209600000,635.9,638.63,627.54,628.03,1082830.36
1405296000000,628.03,628.99,616.06,618.31,1601572.73
1405382400000,618.31,624.42,617.68,619.56,2310446.2600000002
1405468800000,619.56,622.48,614.09,614.76,1873008.17
1405555200000,614.76,632.55,610.01,626.58,1833775.8599999999
1405641600000,626.58,630.15,617.86,627.43,2109225.77
1405728000000,627.43,634.18,625.13,627.0,2505181.1999999993
1405814400000,627.0,627.88,619.89,620.88,1442853.54
1405900800000,620.88,625.93,615.02,625.13,1596614.67
1405987200000,625.13,628.89,620.0,622.55,2068876.04
1406073600000,622.55,625.07,619.49,621.75,1372935.8800000004
1406160000000,621.75,621.98,599.42,601.86,2896094.22
1406246400000,601.86,608.97,597.28,600.54,3592179.3800000004
1406332800000,600.54,603.1,593.31,595.98,2095634.64
1406419200000,595.98,600.71,593.78,594.33,2118021.69
1406505600000,594.33,596.29,577.42,588.04,1391966.0299999998
1406592000000,588.04,591.33,579.55,585.83,3962906.0900000003
1406678400000,585.83,586.22,564.12,564.57,2397473.3499999996
1406764800000,564.57,593.73,564.03,588.39,2057947.9400000004
1406851200000,588.39,604.18,585.36,598.75,5356663.37
1406937600000,598.75,599.74,584.89,590.38,1278807.32
1407024000000,590.38,592.31,579.43,588.18,752201.73
1407110400000,588.18,595.39,586.15,593.1,2047890.4799999997
1407196800000,593.1,594.19,584.06,589.08,2429310.8900000006
1407283200000,589.08,593.68,587.27,588.68,1785940.7500000002
1407369600000,588.68,595.5,587.39,592.95,1485017.9399999997
1407456000000,592.95,608.36,592.58,595.76,1873039.3899999997
1407542400000,595.76,595.89,587.56,589.82,843722.68
1407628800000,589.82,596.75,586.86,592.44,796584.4099999999
1407715200000,592.44,593.78,571.19,575.43,1512262.72
1407801600000,575.43,578.2,561.25,567.9,1894843.87
1407888000000,567.9,571.11,522.68,542.09,2659458.34
1407974400000,542.09,544.57,495.96,504.83,5608470.7700000005
1408060800000,504.83,515.3,483.1,496.43,2407799.63
1408147200000,496.43,523.98,482.96,521.95,1956441.61
1408233600000,521.95,524.75,478.15,485.45,1584568.57
1408320000000,485.45,492.91,449.96,462.26,2991012.0700000003
1408406400000,462.26,487.36,455.61,484.01,2458098.8200000003
1408492800000,484.01,522.55,468.4,516.79,2965577.47
1408579200000,516.79,537.9,510.55,518.18,2974478.95
1408665600000,518.18,524.53,500.45,515.51,3116862.94
1408752000000,515.51,517.08,494.53,497.6,1596652.5
1408838400000,497.6,515.17,496.35,509.23,1294320.6099999999
1408924800000,509.23,510.81,500.33,503.42,1409621.0799999996
1409011200000,503.42,515.52,501.15,511.44,1831000.54
1409097600000,511.44,527.55,510.35,515.95,1982424.6299999997
1409184000000,515.95,522.76,490.5,511.25,2307082.4
1409270400000,511.25,515.08,506.97,511.03,1876846.5899999999
1409356800000,511.03,514.15,500.98,506.07,1337420.66
1409443200000,506.07,508.12,478.66,481.59,2982601.7699999996
1409529600000,481.59,487.3,471.41,477.22,3261178.7399999998
1409616000000,477.22,486.99,470.75,479.14,3291738.75
1409702400000,479.14,486.75,476.08,479.75,3018772.6700000004
1409788800000,479.75,497.48,473.95,491.3,4345165.840000001
1409875200000,491.3,494.12,482.93,484.54,3013185.13
1409961600000,484.54,491.23,479.85,484.11,1883095.01
1410048000000,484.11,490.37,476.54,485.72,1755360.29
1410134400000,485.72,487.46,468.87,475.54,3948928.44
1410220800000,475.54,478.17,467.8,474.97,3529051.37
1410307200000,474.97,490.77,471.44,479.91,4058785.1700000004
1410393600000,479.91,486.58,474.78,478.12,3086920.26
1410480000000,478.12,479.71,470.98,477.72,2514548.21
1410566400000,477.72,480.97,474.23,477.55,2569792.9899999998
1410652800000,477.55,480.32,471.1,477.51,2031789.95
1410739200000,477.51,478.77,473.17,477.89,2753462.2300000004
1410825600000,477.89,478.33,463.61,465.53,3139554.52
1410912000000,465.53,470.25,457.55,461.19,3522262.83
1410998400000,461.19,461.74,408.05,423.48,3946908.0700000008
1411084800000,423.48,428.72,385.48,397.57,6062707.609999999
1411171200000,397.57,428.15,386.92,412.46,5919676.650000001
1411257600000,412.46,415.57,394.74,401.55,4229727.119999999
1411344000000,401.55,900.23,397.11,404.4,5531782.0600000005
1411430400000,404.4,447.18,394.55,436.95,7490861.59
1411516800000,436.95,440.08,421.6,421.86,9217984.21
1411603200000,421.86,425.56,410.07,412.53,6143388.9399999995
1411689600000,412.53,416.61,400.07,403.91,4966479.78
1411776000000,403.91,408.1,395.41,399.24,3950428.0399999996
1411862400000,399.24,401.04,375.18,378.55,5453338.7
1411948800000,378.55,389.79,373.56,375.8,7924759.619999999
1412035200000,375.8,395.32,373.21,388.02,6520432.38
1412121600000,388.02,395.23,380.96,382.69,6892843.77
1412208000000,382.69,385.49,372.13,374.8,5471103.7299999995
1412294400000,374.8,378.1,363.12,363.75,6278574.05
1412380800000,363.75,369.95,327.59,335.19,8050734.6099999985
1412467200000,335.19,344.21,295.28,322.82,9512572.12
1412553600000,322.82,347.72,303.43,331.34,13642089.699999997
1412640000000,331.34,346.15,321.68,331.69,10076018.51
1412726400000,331.69,351.88,325.41,350.94,7413499.739999999
1412812800000,350.94,383.66,347.24,361.58,13020038.309999997
1412899200000,361.58,378.32,353.8,361.83,10394856.219999997
1412985600000,361.83,370.06,350.48,360.75,5049013.75
1413072000000,360.75,373.32,352.04,371.76,4077867.0599999996
1413158400000,371.76,392.04,365.86,386.69,8935310.48
1413244800000,386.69,408.35,385.03,396.65,11549913.83
1413331200000,396.65,397.98,388.08,393.1,8867207.21
1413417600000,393.1,400.0,371.08,379.81,7999668.980000001
1413504000000,379.81,384.59,371.68,379.96,6324477.57
1413590400000,379.96,396.05,373.57,391.07,3657801.1700000004
1413676800000,391.07,394.72,383.42,387.05,2088508.52
1413763200000,387.05,387.96,378.98,380.43,4075710.3500000006
1413849600000,380.43,388.75,378.15,383.31,3745779.17
1413936000000,383.31,383.67,376.88,377.29,4064736.4399999995
1414022400000,377.29,381.26,354.06,356.52,6999640.67
1414108800000,356.52,361.07,351.11,355.44,7185001.58
1414195200000,355.44,357.4,341.37,347.76,4929757.969999999
1414281600000,347.76,356.69,343.25,350.17,4076756.09
1414368000000,350.17,355.86,344.69,349.6,3777108.3199999994
1414454400000,349.6,355.77,348.92,350.35,3372185.12
1414540800000,350.35,352.13,334.44,334.76,4259966.29
1414627200000,334.76,350.21,333.88,344.21,5522262.75
1414713600000,344.21,347.89,336.05,337.22,4814121.89
1414800000000,337.22,338.72,321.14,325.44,4540440.649999999
1414886400000,325.44,329.68,319.75,322.57,3878749.8299999987
1414972800000,322.57,332.84,322.04,323.88,4435458.54
1415059200000,323.88,329.13,320.06,327.91,4955240.49
1415145600000,327.91,342.03,326.64,337.86,5342189.879999998
1415232000000,337.86,351.39,335.66,347.58,5388972.319999998
1415318400000,347.58,351.58,340.26,341.89,5215262.1
1415404800000,341.89,346.28,339.74,343.68,2834855.25
1415491200000,343.68,362.28,341.67,362.18,4466556.5
1415577600000,362.18,374.6,356.44,366.15,8387025.97
1415664000000,366.15,370.93,361.79,365.7,5798135.0
1415750400000,365.7,443.35,365.9,433.06,15737081.17
1415836800000,433.06,481.55,390.75,428.91,25304725.270000003
1415923200000,428.91,430.25,381.73,396.47,14250930.949999997
1416009600000,396.47,407.33,367.95,374.85,5185270.149999999
1416096000000,374.85,390.44,370.59,385.44,5497204.210000001
1416182400000,385.44,411.91,378.91,383.89,10942934.500000004
1416268800000,383.89,395.12,371.94,379.06,10404772.709999999
1416355200000,379.06,389.55,375.55,381.58,7592152.69
1416441600000,381.58,383.45,352.39,357.38,8084810.7700000005
1416528000000,357.38,358.78,344.13,351.57,8291129.609999999
1416614400000,351.57,364.39,350.29,351.67,4632290.669999999
1416700800000,351.67,370.59,350.92,366.03,4504560.44
1416787200000,366.03,388.71,362.55,379.79,9244691.019999998
1416873600000,379.79,394.84,369.55,376.65,17405251.290000003
1416960000000,376.65,378.64,364.29,365.26,8916241.9
1417046400000,365.26,374.77,365.01,369.59,5144146.309999999
1417132800000,369.59,383.83,356.64,378.46,16118258.33
1417219200000,378.46,389.75,372.15,375.61,31983637.300000004
1417305600000,375.61,380.65,372.28,374.17,4269105.55
1417392000000,374.17,382.86,369.8,378.71,7481865.15
1417478400000,378.71,384.24,376.61,380.79,9664274.229999999
1417564800000,380.79,384.37,373.43,377.06,8950322.29
1417651200000,377.06,380.89,363.75,368.86,9521316.150000002
1417737600000,368.86,379.43,367.57,377.74,11251853.900000002
1417824000000,377.74,380.64,372.23,375.98,4181319.52
1417910400000,375.98,377.86,352.47,376.78,3334332.18
1417996800000,376.78,377.33,364.62,364.81,8506201.990000002
1418083200000,364.81,365.5,344.66,352.52,15529628.169999998
1418169600000,352.52,353.77,341.97,348.81,9535221.350000001
1418256000000,348.81,365.8,338.77,347.07,18063629.15
1418342400000,347.07,356.85,346.8,353.68,9490205.299999999
1418428800000,353.68,352.92,343.71,348.75,6837218.93
1418515200000,348.75,352.73,345.38,348.67,4328238.85
1418601600000,348.67,351.1,344.3,345.21,7746836.160000002
1418688000000,345.21,345.95,328.1,331.49,13001054.77
1418774400000,331.49,336.73,315.13,320.02,19834674.23
1418860800000,320.02,325.26,303.77,310.96,18932813.68
1418947200000,310.96,319.67,305.81,317.7,13119110.67
1419033600000,317.7,332.14,316.15,330.39,9768954.93
1419120000000,330.39,332.27,320.39,322.21,6746131.41
1419206400000,322.21,334.53,319.43,330.86,11694687.750000002
1419292800000,330.86,337.65,325.12,335.21,8057502.859999999
1419379200000,335.21,336.38,320.5,322.22,7112691.119999999
1419465600000,322.22,324.03,316.45,319.04,4926116.300000002
1419552000000,319.04,332.79,316.27,329.59,7518851.539999999
1419638400000,329.59,329.77,312.3,315.71,6940336.88
1419724800000,315.71,324.08,310.63,316.45,6482718.74
1419811200000,316.45,321.4,295.07,314.1,6457547.06
1419897600000,314.1,315.76,309.3,311.07,7163083.260000001
1419984000000,311.07,319.57,307.86,318.78,6472822.840000001
1420070400000,318.78,321.31,314.17,314.95,4073067.1
1420156800000,314.95,316.86,312.84,315.03,4673971.81
1420243200000,315.03,316.98,284.75,287.18,14209564.719999999
1420329600000,287.18,289.82,255.69,264.66,24255392.110000007
1420416000000,264.66,278.54,263.18,274.23,14995382.77
1420502400000,274.23,284.93,271.52,282.37,6097640.45
1420588800000,282.37,295.95,280.29,292.13,8827163.999999998
1420675200000,292.13,293.89,278.41,281.85,5796312.289999999
1420761600000,281.85,290.04,276.73,287.63,5963203.53
1420848000000,287.63,288.71,271.19,271.93,4147357.0699999994
1420934400000,271.93,277.14,264.55,266.25,4122751.51
1421020800000,266.25,273.37,262.21,268.87,6899315.97
1421107200000,268.87,268.98,217.66,221.38,22745960.679999996
1421193600000,221.38,230.65,158.44,165.07,32911586.2
1421280000000,165.07,232.26,163.39,209.7,25672423.79
1421366400000,209.7,222.56,198.59,206.91,13208882.24
1421452800000,206.91,212.42,192.86,199.55,8685194.64
1421539200000,199.55,221.29,190.94,210.57,8429486.120000001
1421625600000,210.57,220.03,205.88,215.65,6744459.269999999
1421712000000,215.65,216.22,203.5,210.43,7926400.720000001
1421798400000,210.43,229.3,206.03,228.31,9390361.64
1421884800000,228.31,238.59,225.4,232.67,12508308.91
1421971200000,232.67,238.35,224.83,232.4,8855407.24
1422057600000,232.4,248.99,229.31,248.35,8011743.350000001
1422144000000,248.35,255.91,241.86,252.46,12509649.51
1422230400000,252.46,309.31,252.23,269.04,29806496.63
1422316800000,269.04,276.57,245.03,263.37,13130803.269999998
1422403200000,263.37,268.02,227.86,236.36,15880595.930000002
1422489600000,236.36,242.07,220.25,233.89,12723448.2
1422576000000,233.89,245.21,227.11,232.05,11316575.199999997
1422662400000,232.05,235.48,216.27,218.37,9645307.870000001
1422748800000,218.37,233.56,210.26,227.1,9058010.170000002
1422835200000,227.1,242.06,222.03,238.32,8965813.61
1422921600000,238.32,249.5,224.28,227.48,15000263.949999997
1423008000000,227.48,230.79,220.18,226.58,12495299.110000001
1423094400000,226.58,229.2,214.29,216.32,9055713.17
1423180800000,216.32,225.93,215.86,223.38,11628519.330000002
1423267200000,223.38,230.86,222.96,227.99,9046632.120000001
1423353600000,227.99,230.95,219.42,223.95,6564922.659999999
1423440000000,223.95,224.82,215.41,220.07,20192733.62
1423526400000,220.07,222.01,214.66,219.73,18877297.990000002
1423612800000,219.73,223.43,217.53,219.05,15909377.359999998
1423699200000,219.05,222.98,216.76,221.91,11084499.82
1423785600000,221.91,241.86,220.95,236.44,26243104.700000003
1423872000000,236.44,261.37,235.15,258.86,33313626.71
1423958400000,258.86,266.93,225.35,233.26,43921119.98
1424044800000,233.26,239.99,228.14,235.76,27187677.1
1424131200000,235.76,247.11,231.89,243.51,27926884.799999997
1424217600000,243.51,245.37,231.69,235.58,23813015.67
1424304000000,235.58,243.97,234.77,241.9,15852470.09
1424390400000,241.9,247.59,239.1,243.92,20434846.7
1424476800000,243.92,247.34,241.78,245.26,10570761.529999997
1424563200000,245.26,247.34,233.24,235.56,18107359.630000003
1424649600000,235.56,240.75,231.03,239.61,14856549.479999999
1424736000000,239.61,240.48,234.46,238.99,10787951.209999999
1424822400000,238.99,240.26,233.64,235.05,9092357.66
1424908800000,235.05,238.26,233.68,236.5,12064967.5
1424995200000,236.5,258.14,235.42,253.32,42282820.7
1425081600000,253.32,255.61,248.25,253.84,9999594.97
1425168000000,253.84,260.33,244.19,258.1,12964061.930000002
1425254400000,258.1,274.38,257.06,273.39,21562624.62
1425340800000,273.39,287.17,266.57,281.54,45650597.339999996
1425427200000,281.54,284.62,265.59,272.44,38656923.73
1425513600000,272.44,280.49,262.84,275.27,33599454.29
1425600000000,275.27,277.99,269.11,272.82,27014943.37
1425686400000,272.82,278.39,269.44,274.81,16708000.400000002
1425772800000,274.81,279.06,271.7,274.01,13902830.080000002
1425859200000,274.01,292.79,274.23,290.51,43259194.29
1425945600000,290.51,300.55,287.95,290.36,46657647.91
1426032000000,290.36,297.36,289.15,295.51,23542829.979999993
1426118400000,295.51,297.99,290.75,294.75,31607747.19
1426204800000,294.75,295.47,286.0,286.98,28288614.09
1426291200000,286.98,288.18,277.55,281.99,21495879.22
1426377600000,281.99,287.04,279.99,285.23,11238833.93
1426464000000,285.23,294.27,284.75,290.72,19355605.130000003
1426550400000,290.72,292.04,283.12,285.73,18775700.27
1426636800000,285.73,285.53,248.16,256.23,55391241.400000006
1426723200000,256.23,264.66,246.7,261.3,46525086.82
1426809600000,261.3,265.22,257.78,261.77,13853175.649999999
1426896000000,261.77,263.67,254.05,259.87,13413360.83
1426982400000,259.87,270.7,259.18,268.66,14980752.1
1427068800000,268.66,270.27,257.58,265.53,21749937.39
1427155200000,265.53,267.39,242.9,246.7,38033136.21
1427241600000,246.7,249.09,235.08,246.74,32092197.459999997
1427328000000,246.74,254.25,244.0,248.09,22412560.369999997
1427414400000,248.09,249.61,244.79,247.37,15543779.04
1427500800000,247.37,254.17,246.79,252.41,13890988.510000002
1427587200000,252.41,252.77,239.46,242.32,18971340.67
1427673600000,242.32,248.77,236.62,247.16,20963830.54
1427760000000,247.16,248.85,240.39,244.27,18515676.319999997
1427846400000,244.27,247.73,239.36,246.76,16412525.859999998
1427932800000,246.76,255.36,243.03,252.98,20354036.740000002
1428019200000,252.98,256.45,250.61,254.6,18264452.580000002
1428105600000,254.6,255.58,249.4,254.09,7805160.890000001
1428192000000,254.09,260.41,248.76,259.79,11277271.870000001
1428278400000,259.79,261.9,251.31,255.64,11857398.399999999
1428364800000,255.64,256.16,247.66,254.39,11401051.129999999
1428451200000,254.39,254.52,242.79,244.85,25401433.029999997
1428537600000,244.85,246.26,237.49,243.23,16846896.220000003
1428624000000,243.23,244.08,231.89,234.77,23728422.409999996
1428710400000,234.77,240.5,231.96,236.9,12319489.66
1428796800000,236.9,238.13,231.99,236.03,7814533.929999998
1428883200000,236.03,236.74,220.42,223.78,23982950.770000003
1428969600000,223.78,224.69,213.77,218.23,25315606.180000003
1429056000000,218.23,223.4,217.46,223.06,17099352.4
1429142400000,223.06,229.91,223.0,228.55,19315044.080000002
1429228800000,228.55,229.34,220.2,222.79,15015559.030000001
1429315200000,222.79,224.39,220.37,223.64,8152434.6899999995
1429401600000,223.64,226.96,221.54,223.24,7984589.439999999
1429488000000,223.24,226.38,221.54,224.49,10082693.46
1429574400000,224.49,235.38,223.1,233.95,15658818.329999998
1429660800000,233.95,238.29,232.13,234.18,18280060.360000003
1429747200000,234.18,235.83,232.49,235.51,9982620.66
1429833600000,235.51,236.47,228.87,231.52,16221169.240000002
1429920000000,231.52,232.55,225.78,226.07,10015666.25
1430006400000,226.07,227.13,213.34,219.09,22088733.34
1430092800000,219.09,244.87,216.73,228.29,27696437.629999995
1430179200000,228.29,229.61,222.25,225.22,14896418.520000003
1430265600000,225.22,226.84,222.42,225.32,13743340.370000001
1430352000000,225.32,240.33,224.7,236.05,26242196.770000003
1430438400000,236.05,239.46,232.25,233.07,14178420.16
1430524800000,233.07,236.46,231.32,235.49,8703582.59
1430611200000,235.49,243.5,233.83,240.17,13389153.750000002
1430697600000,240.17,242.97,237.43,239.06,16599243.56
1430784000000,239.06,239.5,231.28,236.03,18333196.43
1430870400000,236.03,237.31,228.09,229.94,24127653.29
1430956800000,229.94,240.06,228.38,237.87,21315971.419999998
1431043200000,237.87,246.93,236.02,243.64,21226000.839999996
1431129600000,243.64,247.9,238.39,241.36,15281109.260000002
1431216000000,241.36,244.84,238.25,239.97,10634289.969999999
1431302400000,239.97,244.23,238.66,242.31,13819530.93
1431388800000,242.31,243.19,239.34,241.82,9712214.399999999
1431475200000,241.82,243.85,234.18,236.37,20329395.14
1431561600000,236.37,238.97,232.49,236.99,16833656.68
1431648000000,236.99,238.68,235.28,237.09,10932777.420000002
1431734400000,237.09,237.82,234.32,236.08,6415070.13
1431820800000,236.08,237.58,235.62,236.32,6738302.350000001
1431907200000,236.32,237.0,231.47,232.69,12516261.19
1431993600000,232.69,234.32,231.43,232.01,9550029.31
1432080000000,232.01,235.03,231.76,233.99,11626735.040000001
1432166400000,233.99,236.54,233.64,235.48,10114419.3
1432252800000,235.48,241.95,234.39,240.55,17630641.470000003
1432339200000,240.55,241.6,238.09,238.76,8659651.389999999
1432425600000,238.76,242.18,237.45,241.21,7278251.73
1432512000000,241.21,242.19,235.21,237.66,6301300.86
1432598400000,237.66,239.55,235.35,237.45,8842430.87
1432684800000,237.45,239.27,235.93,237.37,11445501.959999999
1432771200000,237.37,238.28,236.61,237.07,8508673.190000001
1432857600000,237.07,237.99,235.24,236.91,9241377.0
1432944000000,236.91,237.0,231.72,233.03,9738568.060000002
1433030400000,233.03,234.21,229.14,229.8,9036624.58
1433116800000,229.8,231.89,220.96,223.14,19658919.59
1433203200000,223.14,227.63,222.04,225.48,13666049.760000002
1433289600000,225.48,227.92,223.36,225.42,12279838.71
1433376000000,225.42,226.78,223.72,224.0,9934190.66
1433462400000,224.0,226.35,221.09,224.78,12703848.450000001
1433548800000,224.78,225.82,223.7,225.21,5074897.56
1433635200000,225.21,227.46,221.97,223.51,9097310.33
1433721600000,223.51,229.72,222.92,228.72,16824026.07
1433808000000,228.72,231.45,227.46,229.61,12617632.44
1433894400000,229.61,230.47,227.76,229.25,9556657.68
1433980800000,229.25,230.67,228.55,229.79,8745318.43
1434067200000,229.79,232.0,229.17,230.25,9406856.67
1434153600000,230.25,232.95,228.99,232.39,8803491.09
1434240000000,232.39,235.55,232.06,233.83,7700053.79
1434326400000,233.83,238.41,233.32,237.09,15006949.32
1434412800000,237.09,254.45,236.14,249.72,29956654.189999998
1434499200000,249.72,258.03,246.06,247.71,30652977.320000004
1434585600000,247.71,251.97,242.81,248.73,19421567.700000003
1434672000000,248.73,250.69,243.71,245.22,20914718.44
1434758400000,245.22,247.74,238.59,244.95,12470598.73
1434844800000,244.95,246.59,241.12,244.2,6140997.65
1434931200000,244.2,248.59,243.3,247.5,11713076.04
1435017600000,247.5,247.57,242.44,243.78,9432470.120000001
1435104000000,243.78,244.51,238.98,240.54,11415709.87
1435190400000,240.54,244.02,239.24,242.54,9791297.899999999
1435276800000,242.54,243.35,240.31,243.14,9112156.610000001
1435363200000,243.14,251.6,241.44,250.94,13525813.79
1435449600000,250.94,251.47,246.64,249.0,9953465.82
1435536000000,249.0,257.27,248.06,257.06,23504772.59
1435622400000,257.06,268.56,255.44,263.99,30621602.749999996
1435708800000,263.99,265.04,254.36,257.37,17316801.189999998
1435795200000,257.37,261.61,253.35,255.05,11560214.59
1435881600000,255.05,256.67,252.58,255.77,9335969.36
1435968000000,255.77,260.79,253.4,260.4,8502000.62
1436054400000,260.4,274.05,257.81,269.82,716728275.56
1436140800000,269.82,277.58,266.92,269.78,10519975295.740002
1436227200000,269.78,271.75,263.04,266.5,11104556.710000003
1436313600000,266.5,273.21,263.59,269.47,12157995.1
1436400000000,269.47,272.08,265.66,268.32,13058350.840000002
1436486400000,268.32,295.05,264.89,285.21,33254590.310000006
1436572800000,285.21,298.16,282.58,292.11,13584989.419999998
1436659200000,292.11,315.44,291.24,310.71,36866127.78000001
1436745600000,310.71,311.36,276.64,290.35,42741263.669999994
1436832000000,290.35,296.66,284.99,287.18,17635928.720000003
1436918400000,287.18,292.99,283.15,283.37,17274148.91
1437004800000,283.37,291.02,273.79,276.31,34155564.7
1437091200000,276.31,280.71,271.3,278.66,17217352.98
1437177600000,278.66,282.19,220.93,275.77,15358107.160000004
1437264000000,275.77,277.05,271.22,273.52,8322465.99
1437350400000,273.52,279.03,271.55,277.47,12900609.620000001
1437436800000,277.47,280.97,274.04,274.98,13667891.129999999
1437523200000,274.98,277.17,273.13,276.94,11596311.21
1437609600000,276.94,278.1,274.24,275.12,9870635.230000002
1437696000000,275.12,289.64,274.56,289.06,21095041.669999994
1437782400000,289.06,290.93,284.93,289.79,12024889.590000002
1437868800000,289.79,293.45,285.58,292.31,9038050.699999997
1437955200000,292.31,296.68,285.24,293.73,20358325.619999997
1438041600000,293.73,296.72,291.6,294.57,14466428.06
1438128000000,294.57,295.21,286.9,288.44,14738216.660000002
1438214400000,288.44,289.67,284.75,287.37,12888680.650000002
1438300800000,287.37,289.1,280.78,284.28,14019071.26
1438387200000,284.28,284.94,276.38,280.96,11068826.77
1438473600000,280.96,282.66,276.06,281.66,9978638.47
1438560000000,281.66,284.42,279.21,281.36,13006246.25
1438646400000,281.36,286.0,279.98,284.31,12732203.170000002
1438732800000,284.31,286.0,280.33,282.02,10854754.46
1438819200000,282.02,282.05,276.93,278.53,9319083.229999999
1438905600000,278.53,279.77,274.33,276.93,11919665.170000002
1438992000000,276.93,279.38,257.91,259.24,22308123.689999998
1439078400000,259.24,266.77,259.01,263.93,15154749.090000002
1439164800000,263.93,266.39,260.74,263.77,12873441.839999998
1439251200000,263.77,270.11,261.5,269.28,13681939.600000001
1439337600000,269.28,271.71,264.51,266.37,15232934.049999999
1439424000000,266.37,268.53,260.83,262.55,14962211.79
1439510400000,262.55,267.12,260.28,265.24,13899139.99
1439596800000,265.24,267.46,259.71,260.69,10303301.209999999
1439683200000,260.69,262.21,255.21,257.52,17880398.96
1439769600000,257.52,259.95,253.52,257.35,12378054.88
1439856000000,257.35,257.93,246.54,246.83,23896056.77
1439942400000,246.83,248.28,214.25,225.87,55514712.12
1440028800000,225.87,237.86,225.68,234.67,21225055.429999996
1440115200000,234.67,236.34,229.97,232.67,13485729.49
1440201600000,232.67,235.23,221.23,229.47,16976922.689999998
1440288000000,229.47,232.75,223.8,226.89,11204081.450000001
1440374400000,226.89,228.01,207.45,211.58,43008579.42000001
1440460800000,211.58,226.61,196.56,220.36,40651749.53
1440547200000,220.36,230.5,218.7,225.19,20986286.439999998
1440633600000,225.19,228.36,221.45,221.97,13631111.38
1440720000000,221.97,235.18,219.64,231.67,20751420.400000002
1440806400000,231.67,233.28,226.31,228.6,10072201.230000002
1440892800000,228.6,232.12,224.98,228.05,9118089.37
1440979200000,228.05,231.67,224.1,229.13,12521966.490000002
1441065600000,229.13,231.95,225.66,226.84,15206241.049999997
1441152000000,226.84,230.41,225.4,228.67,13443780.84
1441238400000,228.67,229.76,225.22,226.25,12337406.44
1441324800000,226.25,231.15,225.94,230.66,14174313.3
1441411200000,230.66,236.36,227.78,232.94,11253257.499999998
1441497600000,232.94,243.21,232.05,240.28,15939620.22
1441584000000,240.28,242.47,237.56,239.57,13744695.260000002
1441670400000,239.57,245.93,238.86,243.32,18605471.959999997
1441756800000,243.32,244.39,235.66,237.24,16636258.66
1441843200000,237.24,241.24,234.05,238.21,14447606.82
1441929600000,238.21,240.94,238.06,240.18,10992443.11
1442016000000,240.18,240.63,232.95,235.63,10407178.61
1442102400000,235.63,236.12,228.15,230.03,11983360.239999998
1442188800000,230.03,232.39,226.02,230.21,14070910.100000001
1442275200000,230.21,416.92,227.62,230.07,11425472.450000001
1442361600000,230.07,231.57,224.82,228.82,11866728.120000003
1442448000000,228.82,234.83,227.81,232.92,12975914.37
1442534400000,232.92,234.45,230.38,232.49,12397852.019999998
1442620800000,232.49,233.14,229.88,231.32,8004103.619999998
1442707200000,231.32,232.64,229.59,231.13,7676869.889999999
1442793600000,231.13,232.17,225.49,226.63,12180039.189999998
1442880000000,226.63,232.89,224.16,229.62,16390021.579999998
1442966400000,229.62,232.66,228.23,230.17,10064288.44
1443052800000,230.17,236.2,229.43,234.85,16797644.6
1443139200000,234.85,237.44,233.1,235.47,14510987.85
1443225600000,235.47,235.62,232.59,234.48,9449846.09
1443312000000,234.48,234.79,231.53,233.03,8429802.52
1443398400000,233.03,239.39,232.53,238.98,15282768.649999999
1443484800000,238.98,240.75,234.74,236.89,13637645.51
1443571200000,236.89,238.16,234.59,235.71,11946864.919999996
1443657600000,235.71,239.86,234.36,237.05,12534482.83
1443744000000,237.05,238.55,235.53,236.45,11378441.649999999
1443830400000,236.45,239.52,235.87,238.57,10338780.02
1443916800000,238.57,250.98,237.05,238.75,7618430.24
1444003200000,238.75,239.95,236.51,239.71,14631928.870000003
1444089600000,239.71,247.57,238.53,245.92,19242190.459999997
1444176000000,245.92,247.46,241.57,242.94,15363142.530000001
1444262400000,242.94,244.71,241.58,242.58,10762328.440000001
1444348800000,242.58,244.7,241.39,244.42,9897714.729999997
1444435200000,244.42,246.22,242.67,245.48,9547124.749999998
1444521600000,245.48,248.39,243.85,247.78,10232454.51
1444608000000,247.78,248.5,244.92,245.76,9961674.100000001
1444694400000,245.76,250.95,243.25,249.47,18553307.06
1444780800000,249.47,254.72,248.44,252.2,17511356.74
1444867200000,252.2,256.59,251.81,254.46,15465023.860000001
1444953600000,254.46,267.28,254.21,262.89,24886162.95
1445040000000,262.89,274.39,262.46,269.78,30715446.419999998
1445126400000,269.78,272.82,259.94,261.47,13921233.739999998
1445212800000,261.47,265.57,260.32,263.72,15352671.070000002
1445299200000,263.72,272.02,262.98,270.02,20200355.33
1445385600000,270.02,272.49,263.49,267.1,16006977.089999998
1445472000000,267.1,278.51,266.94,274.97,25481882.57
1445558400000,274.97,279.41,273.65,276.38,19221822.38
1445644800000,276.38,283.21,276.13,282.72,16875626.48
1445731200000,282.72,295.69,281.82,286.74,32946170.25
1445817600000,286.74,287.66,279.72,284.62,20794049.79
1445904000000,284.62,298.35,284.41,295.01,31003938.180000003
1445990400000,295.01,307.35,293.85,304.07,35116852.660000004
1446076800000,304.07,318.35,301.45,312.67,43194878.83
1446163200000,312.67,333.79,310.83,327.6,50796355.29000001
1446249600000,327.6,335.35,303.97,311.68,33762428.440000005
1446336000000,311.68,327.09,301.38,325.84,23427549.610000003
1446422400000,325.84,367.5,319.33,360.87,76862250.2
1446508800000,360.87,418.67,358.15,395.57,163481625.81000003
1446595200000,395.57,491.34,370.89,400.34,229672999.39
1446681600000,400.34,446.74,366.14,383.01,121763708.16
1446768000000,383.01,395.79,349.81,370.22,94921694.03999999
1446854400000,370.22,390.59,368.81,385.12,39495094.98000001
1446940800000,385.12,390.27,365.0,371.38,35907981.63999999
1447027200000,371.38,384.72,360.44,380.33,47074440.94
1447113600000,380.33,381.94,323.92,336.94,74896052.35999998
1447200000000,336.94,341.51,296.59,304.24,83078426.53
1447286400000,304.24,346.67,305.17,334.11,54120828.190000005
1447372800000,334.11,341.73,324.24,333.87,32480298.94
1447459200000,333.87,514.12,326.67,331.76,23836097.909999996
1447545600000,331.76,334.83,314.13,317.77,28640663.54
1447632000000,317.77,332.06,314.24,330.36,28260517.56
1447718400000,330.36,346.09,328.92,333.83,32944787.509999998
1447804800000,333.83,337.27,329.38,335.59,26194853.270000003
1447891200000,335.59,335.6,323.86,325.19,28543062.130000006
1447977600000,325.19,327.25,309.5,321.13,35090324.42
1448064000000,321.13,328.03,318.25,324.65,14652996.710000003
1448150400000,324.65,327.33,318.92,323.06,11915632.160000002
1448236800000,323.06,324.97,320.12,322.44,13839023.939999998
1448323200000,322.44,323.07,315.63,318.38,16282941.41
1448409600000,318.38,330.09,315.78,327.5,25200934.8
1448496000000,327.5,368.88,327.4,353.61,73395832.56
1448582400000,353.61,363.59,344.97,359.71,36905315.06999999
1448668800000,359.71,359.87,350.92,355.85,19988211.490000002
1448755200000,355.85,372.95,354.62,371.03,24546100.050000004
1448841600000,371.03,382.3,368.07,378.03,48913368.39
1448928000000,378.03,379.28,353.66,362.03,40821470.73000002
1449014400000,362.03,362.72,347.63,360.27,32881089.02
1449100800000,360.27,371.26,355.52,360.36,31673283.279999994
1449187200000,360.36,363.58,354.42,361.79,21820610.22
1449273600000,361.79,389.99,361.77,386.13,43438102.08
1449360000000,386.13,401.93,384.12,393.71,52068577.42999999
1449446400000,393.71,398.28,381.85,394.75,38102878.79
1449532800000,394.75,410.9,389.08,410.4,29543120.070000004
1449619200000,410.4,423.24,403.38,416.54,61289838.70000002
1449705600000,416.54,420.32,410.03,415.87,29794270.990000002
1449792000000,415.87,453.08,414.29,450.33,76433917.46000002
1449878400000,450.33,468.41,403.9,433.12,91838640.61000001
1449964800000,433.12,440.83,420.52,434.93,27898250.740000002
1450051200000,434.93,449.67,428.01,442.32,97068568.80000001
1450137600000,442.32,464.64,441.91,463.6,48912227.89
1450224000000,463.6,465.24,436.95,453.39,84336145.41
1450310400000,453.39,458.05,447.81,453.38,29344348.080000002
1450396800000,453.38,466.18,453.6,463.87,38417336.019999996
1450483200000,463.87,467.11,452.34,462.02,28327900.14
1450569600000,462.02,462.65,430.94,442.07,54316484.949999996
1450656000000,442.07,445.17,423.9,437.54,53270215.589999974
1450742400000,437.54,443.14,433.65,436.5,28845536.359999996
1450828800000,436.5,444.35,433.92,442.41,27877349.090000004
1450915200000,442.41,459.6,441.25,452.79,36096662.150000006
1451001600000,452.79,458.29,449.69,454.24,19251958.85
1451088000000,454.24,457.58,401.09,415.81,88564770.72000001
1451174400000,415.81,425.27,406.33,422.37,28259303.470000006
1451260800000,422.37,429.77,417.21,421.87,28978639.73
1451347200000,421.87,433.44,419.71,432.09,30163445.669999998
1451433600000,432.09,434.8,420.72,427.32,29289417.37
1451520000000,427.32,433.54,417.04,430.08,27758278.71000001
1451606400000,430.08,436.6,425.91,434.25,20334286.58
1451692800000,434.25,436.72,431.08,433.48,14566820.98
1451779200000,433.48,434.38,421.99,431.08,23479915.75
1451865600000,431.08,435.22,428.78,433.33,22943968.23
1451952000000,433.33,434.76,428.99,431.36,19499588.990000002
1452038400000,431.36,431.82,424.68,430.71,18699813.690000005
1452124800000,430.71,458.16,428.4,457.62,58253615.04
1452211200000,457.62,464.03,446.21,452.84,41594025.330000006
1452297600000,452.84,454.91,444.2,449.11,17858022.01
1452384000000,449.11,449.17,438.08,446.52,19778456.659999996
1452470400000,446.52,451.29,440.5,447.74,25358480.820000004
1452556800000,447.74,447.88,443.62,445.18,19913390.75
1452643200000,445.18,444.43,419.4,432.22,39525345.309999995
1452729600000,432.22,433.11,427.14,429.22,19948730.580000002
1452816000000,429.22,430.32,364.63,372.18,107060613.38999999
1452902400000,372.18,386.37,350.29,385.18,68297105.67
1452988800000,385.18,390.8,377.61,382.34,25464382.419999998
1453075200000,382.34,387.31,373.69,384.28,26546465.929999996
1453161600000,384.28,386.79,375.51,378.84,25417876.87
1453248000000,378.84,425.66,372.93,414.0,76873917.14000002
1453334400000,414.0,422.82,403.91,410.2,37264942.16000001
1453420800000,410.2,411.2,374.74,382.14,56548790.08999999
1453507200000,382.14,394.87,380.05,388.55,23908533.740000002
1453593600000,388.55,404.93,384.67,402.29,25770175.6
1453680000000,402.29,403.67,386.74,392.75,26793044.71
1453766400000,392.75,397.68,387.32,389.67,22384754.470000006
1453852800000,389.67,397.46,388.72,395.08,17297117.37
1453939200000,395.08,395.44,376.82,379.87,29717813.069999997
1454025600000,379.87,385.62,363.39,380.12,51890815.03
1454112000000,380.12,381.36,375.58,377.85,13720656.849999998
1454198400000,377.85,380.83,366.82,369.67,14718855.75
1454284800000,369.67,379.75,364.58,371.71,27688089.33
1454371200000,371.71,376.79,372.11,373.58,19123252.46
1454457600000,373.58,376.59,366.41,367.98,22266682.16
1454544000000,367.98,391.74,367.84,390.59,38961905.519999996
1454630400000,390.59,390.97,384.46,386.18,23688228.06
1454716800000,386.18,385.94,373.23,376.62,29801286.78
1454803200000,376.62,381.97,374.92,377.87,15395728.349999996
1454889600000,377.87,381.51,371.7,372.24,23424062.519999996
1454976000000,372.24,377.3,371.72,375.4,20801701.390000004
1455062400000,375.4,385.4,373.37,381.02,37137791.07000001
1455148800000,381.02,383.07,372.37,379.23,23858467.37000001
1455235200000,379.23,387.15,379.02,383.45,20685663.270000003
1455321600000,383.45,393.66,383.18,390.02,18757146.480000004
1455408000000,390.02,406.45,390.15,405.9,29442484.660000008
1455494400000,405.9,410.77,395.91,400.46,34862753.82
1455580800000,400.46,409.33,399.12,406.19,27726590.039999995
1455667200000,406.19,421.04,405.49,417.51,37559686.21
1455753600000,417.51,425.47,415.38,420.99,32541108.100000005
1455840000000,420.99,425.0,416.62,420.25,21991480.990000006
1455926400000,420.25,442.3,419.24,439.52,48500793.64999999
1456012800000,439.52,447.53,426.27,437.62,44120520.94999999
1456099200000,437.62,439.73,431.77,437.56,24563030.200000003
1456185600000,437.56,440.92,414.42,420.27,39915706.3
1456272000000,420.27,425.02,410.13,422.6,28041199.839999996
1456358400000,422.6,427.16,417.62,423.42,22692099.400000002
1456444800000,423.42,427.4,419.18,427.25,22642013.939999998
1456531200000,427.25,434.35,427.24,431.86,18543436.419999994
1456617600000,431.86,435.47,420.81,432.55,21876091.36
1456704000000,432.55,441.07,430.16,436.14,30077319.64
1456790400000,436.14,438.85,428.7,433.06,29312670.819999993
1456876800000,433.06,436.05,423.75,425.06,24893851.789999995
1456963200000,425.06,425.16,414.98,419.44,33188751.110000007
1457049600000,419.44,423.55,407.14,409.24,31416610.309999995
1457136000000,409.24,410.04,387.71,399.33,51725937.08
1457222400000,399.33,412.42,391.23,405.92,25324456.270000003
1457308800000,405.92,416.17,399.26,414.88,25349627.959999997
1457395200000,414.88,416.47,408.31,411.98,22204517.91
1457481600000,411.98,414.86,408.84,412.75,21035428.970000003
1457568000000,412.75,417.99,410.7,415.65,23114636.619999997
1457654400000,415.65,422.42,415.17,419.05,25469781.32
1457740800000,419.05,420.66,406.94,410.31,24660321.630000006
1457827200000,410.31,415.51,409.66,412.43,14457108.03
1457913600000,412.43,416.04,411.26,414.17,20471448.570000004
1458000000000,414.17,417.3,412.45,414.81,20227610.870000005
1458086400000,414.81,417.75,413.82,415.74,18509954.169999998
1458172800000,415.74,420.62,415.25,418.2,18409340.709999997
1458259200000,418.2,418.89,402.19,408.24,27178165.73
1458345600000,408.24,411.11,399.62,407.86,15084656.24
1458432000000,407.86,413.37,406.82,411.68,12577521.639999999
1458518400000,411.68,412.42,407.25,411.08,17637705.24
1458604800000,411.08,418.31,410.54,415.99,20425092.47
1458691200000,415.99,418.68,414.75,416.82,16945568.01
1458777600000,416.82,417.46,413.26,414.36,16210776.63
1458864000000,414.36,418.49,412.05,415.53,14431200.379999999
1458950400000,415.53,417.46,414.14,416.52,11696306.67
1459036800000,416.52,427.4,414.94,424.71,26137150.499999996
1459123200000,424.71,425.14,420.01,422.14,18410749.990000002
1459209600000,422.14,424.48,406.01,414.99,28765857.04
1459296000000,414.99,415.53,408.09,412.06,17890792.6
1459382400000,412.06,416.9,411.58,415.51,17407273.180000003
1459468800000,415.51,417.45,412.18,416.24,15852511.009999994
1459555200000,416.24,419.74,415.12,419.56,13137339.880000003
1459641600000,419.56,420.53,416.33,419.31,9591214.819999998
1459728000000,419.31,421.1,415.12,419.21,14031939.639999997
1459814400000,419.21,425.17,417.88,422.21,17259518.42
1459900800000,422.21,423.94,418.65,421.59,13836754.89
1459987200000,421.59,422.52,417.46,420.09,15200495.84
1460073600000,420.09,423.35,415.15,417.43,19810838.24
1460160000000,417.43,420.31,412.2,418.26,12291880.81
1460246400000,418.26,421.89,416.78,420.87,9805027.909999998
1460332800000,420.87,422.71,418.03,422.0,15374299.05
1460419200000,422.0,426.55,420.94,423.22,24580503.66
1460505600000,423.22,426.73,421.68,423.84,16183793.940000001
1460592000000,423.84,425.42,421.72,424.93,13038970.540000005
1460678400000,424.93,429.95,423.34,429.23,23214560.07
1460764800000,429.23,432.37,427.28,429.51,12517265.770000003
1460851200000,429.51,431.06,423.68,426.19,10980868.32
1460937600000,426.19,430.37,424.16,428.45,13951524.869999997
1461024000000,428.45,436.5,426.86,435.12,19713466.34
1461110400000,435.12,443.45,432.3,441.42,32596620.310000002
1461196800000,441.42,452.09,438.38,450.82,28168774.310000002
1461283200000,450.82,451.4,442.98,443.76,22192327.499999996
1461369600000,443.76,451.67,441.14,449.17,18998214.94
1461456000000,449.17,464.2,448.37,453.1,33980397.08
1461542400000,453.1,468.41,451.9,462.32,37614684.78
1461628800000,462.32,468.92,459.88,466.57,31451239.12
1461715200000,466.57,468.76,445.3,446.99,41539684.78
1461801600000,446.99,449.55,433.73,448.87,36369788.370000005
1461888000000,448.87,456.56,445.5,455.36,20264761.950000003
1461974400000,455.36,457.06,447.25,448.23,15994805.55
1462060800000,448.23,454.09,447.48,453.08,9838490.74
1462147200000,453.08,454.7,440.48,444.45,32863011.969999995
1462233600000,444.45,451.05,441.68,449.88,22292253.480000004
1462320000000,449.88,451.07,444.46,446.62,17676609.73
1462406400000,446.62,449.01,443.9,448.34,18765369.39
1462492800000,448.34,461.77,445.92,459.45,31122708.039999995
1462579200000,459.45,460.73,453.54,459.16,14247601.98
1462665600000,459.16,460.09,454.74,457.34,12689581.139999997
1462752000000,457.34,464.41,454.93,460.31,22322043.94
1462838400000,460.31,463.17,446.75,448.85,27245560.229999997
1462924800000,448.85,455.9,449.64,451.91,18030850.05
1463011200000,451.91,455.48,448.35,454.61,22252919.479999997
1463097600000,454.61,457.09,450.49,455.69,14768796.05
1463184000000,455.69,457.5,453.11,456.75,9319128.9
1463270400000,456.75,460.14,454.14,458.97,9745309.9
1463356800000,458.97,459.59,450.75,455.37,16731954.009999998
1463443200000,455.37,455.98,452.11,453.35,15741822.36
1463529600000,453.35,456.9,452.74,453.98,14884550.900000002
1463616000000,453.98,455.28,441.13,442.08,26626097.49
1463702400000,442.08,450.18,435.37,441.87,21415312.029999997
1463788800000,441.87,445.07,438.63,443.95,10213550.38
1463875200000,443.95,444.34,437.62,439.01,12691382.280000001
1463961600000,439.01,444.65,438.71,443.95,15885933.699999996
1464048000000,443.95,447.62,442.74,445.92,14837671.740000002
1464134400000,445.92,450.62,444.99,450.2,16954105.419999998
1464220800000,450.2,454.17,447.67,453.86,17093327.229999997
1464307200000,453.86,479.35,453.46,472.1,63894987.4
1464393600000,472.1,533.78,468.3,526.68,75400711.08000001
1464480000000,526.68,547.92,496.89,515.67,80753301.33
1464566400000,515.67,549.23,513.4,531.64,41433165.41
1464652800000,531.64,547.8,516.35,527.84,60896411.70999999
1464739200000,527.84,540.99,522.54,537.86,38742660.85000002
1464825600000,537.86,540.95,530.21,536.44,28380698.689999998
1464912000000,536.44,573.61,534.92,568.07,59464310.84
1464998400000,568.07,592.99,560.42,572.89,50353517.33
1465084800000,572.89,584.14,567.31,575.93,37233994.18999999
1465171200000,575.93,585.61,574.24,584.69,37131086.57
1465257600000,584.69,592.56,550.66,577.67,49082472.70999999
1465344000000,577.67,583.31,565.91,581.14,28706216.310000002
1465430400000,581.14,582.34,568.28,575.97,28010575.910000004
1465516800000,575.97,579.69,570.68,578.89,26290866.599999994
1465603200000,578.89,591.75,577.2,590.58,24790441.269999996
1465689600000,590.58,683.55,591.43,667.25,139684630.34999996
1465776000000,667.25,717.45,658.95,699.76,149442548.70999998
1465862400000,699.76,703.93,654.35,685.33,92456323.08
1465948800000,685.33,694.97,671.1,692.69,53863568.89999999
1466035200000,692.69,770.53,687.71,762.17,169704647.02
1466121600000,762.17,774.18,703.97,749.64,160302360.31
1466208000000,749.64,776.27,729.83,756.22,91049039.39
1466294400000,756.22,765.91,739.77,763.9,45778123.16
1466380800000,763.9,767.15,719.39,734.39,83627863.56
1466467200000,734.39,734.19,626.82,668.46,166787928.07000002
1466553600000,668.46,679.26,586.44,590.27,129532585.34
1466640000000,590.27,630.31,539.94,622.24,154289129.68999997
1466726400000,622.24,685.22,616.86,653.4,128990817.05999999
1466812800000,653.4,686.8,640.74,665.92,67442141.08999999
1466899200000,665.92,668.56,610.79,627.7,56403088.14999999
1466985600000,627.7,649.13,616.24,646.25,63747137.14
1467072000000,646.25,659.21,634.9,646.13,49673830.22999999
1467158400000,646.13,646.47,620.93,637.21,50898093.669999994
1467244800000,637.21,673.26,631.27,669.78,58215062.69
1467331200000,669.78,684.68,661.57,671.24,62394480.64999999
1467417600000,671.24,699.16,668.7,697.48,46555796.900000006
1467504000000,697.48,703.5,644.14,662.72,66591457.019999996
1467590400000,662.72,679.61,643.92,676.45,42756935.480000004
1467676800000,676.45,681.21,657.6,665.32,36687264.25
1467763200000,665.32,678.41,662.68,673.84,31708100.52
1467849600000,673.84,679.43,603.04,634.81,97638992.02
1467936000000,634.81,664.33,633.5,663.73,49243011.01999998
1468022400000,663.73,664.32,622.45,653.11,62061207.33999999
1468108800000,653.11,654.36,634.41,649.15,18955766.47
1468195200000,649.15,657.56,640.62,646.93,29925667.33
1468281600000,646.93,673.19,644.57,671.18,44047499.679999985
1468368000000,671.18,669.78,656.99,660.82,41791464.21999999
1468454400000,660.82,663.32,644.83,659.12,31747796.810000002
1468540800000,659.12,668.3,656.95,664.82,23817606.650000002
1468627200000,664.82,668.6,654.43,660.72,13557557.030000003
1468713600000,660.72,682.32,658.13,676.19,31614610.499999996
1468800000000,676.19,681.69,663.78,670.32,28809674.389999997
1468886400000,670.32,675.26,664.13,672.35,20401885.259999998
1468972800000,672.35,674.36,659.39,664.23,25025260.479999997
1469059200000,664.23,666.63,657.6,666.31,21351693.89
1469145600000,666.31,668.32,645.65,650.84,43283429.35
1469232000000,650.84,658.57,645.28,653.72,19544154.52
1469318400000,653.72,664.53,650.38,659.59,19642346.77
1469404800000,659.59,663.13,651.23,654.17,22378123.77
1469491200000,654.17,657.99,644.1,655.07,32178346.330000002
1469577600000,655.07,658.51,646.9,655.13,19568911.51
1469664000000,655.13,657.62,650.46,655.23,18452583.66
1469750400000,655.23,657.89,650.66,654.83,17757920.47
1469836800000,654.83,658.43,650.05,652.25,12721755.549999999
1469923200000,652.25,656.43,621.39,621.85,39918066.12
1470009600000,621.85,627.35,603.26,606.62,41229298.84
1470096000000,606.62,615.01,469.07,513.32,75338595.53999999
1470182400000,513.32,570.15,512.3,568.25,47170751.540000014
1470268800000,568.25,583.94,561.46,578.06,25725621.160000004
1470355200000,578.06,578.11,567.02,573.05,15992890.370000001
1470441600000,573.05,589.4,565.4,586.27,14676841.260000002
1470528000000,586.27,596.45,580.38,592.13,15491523.11
1470614400000,592.13,593.96,586.09,588.64,14726811.569999998
1470700800000,588.64,589.94,582.56,585.01,15304277.920000002
1470787200000,585.01,600.17,582.76,590.36,29376783.83
1470873600000,590.36,598.69,586.18,587.59,23640952.52
1470960000000,587.59,590.45,581.97,587.92,15009453.0
1471046400000,587.92,589.57,582.86,584.85,11327014.840000002
1471132800000,584.85,587.45,559.05,571.24,18959307.419999998
1471219200000,571.24,573.85,557.91,567.85,19218972.97
1471305600000,567.85,583.13,565.39,580.55,21634083.15
1471392000000,580.55,581.86,568.17,572.61,18886741.539999995
1471478400000,572.61,578.54,570.81,573.35,17509679.71
1471564800000,573.35,578.88,562.58,574.95,14701859.36
1471651200000,574.95,583.02,572.96,581.84,13416689.989999998
1471737600000,581.84,584.16,578.5,581.46,8294321.52
1471824000000,581.46,590.91,576.94,587.36,19658058.09
1471910400000,587.36,591.35,578.34,583.97,18772369.52
1471996800000,583.97,585.81,576.95,579.15,16337141.070000002
1472083200000,579.15,582.04,568.47,577.43,18885349.6
1472169600000,577.43,582.05,575.69,580.11,12329289.760000002
1472256000000,580.11,582.05,566.76,570.66,10747219.569999998
1472342400000,570.66,576.62,570.21,574.71,7377921.740000001
1472428800000,574.71,577.37,572.24,573.84,13658675.329999998
1472515200000,573.84,579.79,571.64,577.0,15894364.740000002
1472601600000,577.0,578.12,571.59,573.89,14338677.420000002
1472688000000,573.89,628.62,570.06,572.01,14860164.270000003
1472774400000,572.01,576.48,570.02,575.08,15212974.250000004
1472860800000,575.08,603.63,573.4,599.81,21055514.229999997
1472947200000,599.81,614.23,588.03,609.94,18646011.82
1473033600000,609.94,611.05,598.91,606.32,15350055.700000001
1473120000000,606.32,611.54,603.99,610.89,14864563.85
1473206400000,610.89,616.5,606.81,613.45,18429525.05
1473292800000,613.45,628.84,611.63,626.53,22710390.62
1473379200000,626.53,627.88,617.56,623.65,17644950.640000004
1473465600000,623.65,626.64,621.37,625.72,9600113.750000002
1473552000000,625.72,630.31,593.17,607.05,22467346.61
1473638400000,607.05,610.37,599.98,608.26,17058938.64
1473724800000,608.26,611.58,605.46,609.41,16850860.189999998
1473811200000,609.41,611.81,606.02,609.68,14790994.709999997
1473897600000,609.68,611.5,604.54,608.18,13887402.330000002
1473984000000,608.18,609.99,605.27,608.58,13353736.94
1474070400000,608.58,610.46,605.08,606.91,9724490.110000001
1474156800000,606.91,612.65,604.37,611.94,10004923.580000002
1474243200000,611.94,615.18,607.39,609.17,12981851.259999998
1474329600000,609.17,611.59,604.16,609.37,13809380.94
1474416000000,609.37,608.99,592.15,597.65,22059386.51
1474502400000,597.65,600.52,591.0,595.96,13296898.030000003
1474588800000,595.96,603.56,592.39,603.32,15497804.309999999
1474675200000,603.32,607.0,599.27,603.91,8196210.730000002
1474761600000,603.91,604.93,598.38,600.25,8038530.82
1474848000000,600.25,609.9,594.97,607.14,16599494.610000001
1474934400000,607.14,609.85,602.18,605.26,15534315.770000001
1475020800000,605.26,606.54,602.93,605.07,11484005.37
1475107200000,605.07,607.08,600.3,605.21,15371678.329999998
1475193600000,605.21,608.66,600.0,608.03,14534745.840000002
1475280000000,608.03,616.22,607.61,615.44,10415543.040000001
1475366400000,615.44,615.85,607.8,611.07,10075766.82
1475452800000,611.07,613.76,608.79,612.22,13462741.780000003
1475539200000,612.22,612.72,606.76,609.52,15300692.54
1475625600000,609.52,613.38,607.63,611.76,14336704.75
1475712000000,611.76,612.3,607.67,610.7,13276379.57
1475798400000,610.7,622.56,608.99,616.76,20151738.03
1475884800000,616.76,619.61,613.38,618.39,8448043.45
1475971200000,618.39,619.62,613.11,616.15,8272292.080000001
1476057600000,616.15,618.29,613.02,617.48,15551284.259999998
1476144000000,617.48,642.62,613.44,641.3,35304762.68000001
1476230400000,641.3,644.72,632.9,635.96,17220669.84
1476316800000,635.96,639.03,632.08,634.89,16231265.749999998
1476403200000,634.89,640.52,628.94,636.98,20115071.439999998
1476489600000,636.98,642.61,635.25,637.21,7944839.52
1476576000000,637.21,642.23,636.68,640.6,8307713.550000001
1476662400000,640.6,641.78,635.61,637.23,17730609.34
1476748800000,637.23,639.51,631.44,635.63,15725013.159999996
1476835200000,635.63,637.22,623.3,629.08,22008214.560000002
1476921600000,629.08,630.72,626.12,628.81,13082682.280000001
1477008000000,628.81,632.97,627.97,630.32,17538531.839999996
1477094400000,630.32,658.34,629.12,656.46,24088524.009999994
1477180800000,656.46,662.17,647.95,653.39,14391235.249999998
1477267200000,653.39,653.48,645.19,650.79,21726106.560000006
1477353600000,650.79,662.45,648.44,650.96,24027865.19
1477440000000,650.96,678.09,650.32,675.87,31945313.31
1477526400000,675.87,689.97,673.62,682.73,31832260.590000004
1477612800000,682.73,688.27,679.28,687.66,26662834.660000004
1477699200000,687.66,720.88,686.0,716.35,38321542.32999999
1477785600000,716.35,715.63,688.25,697.19,27793156.44
1477872000000,697.19,706.81,681.19,699.13,26655992.919999998
1477958400000,699.13,733.55,695.91,726.56,49453204.459999986
1478044800000,726.56,734.34,717.69,733.24,28323207.500000004
1478131200000,733.24,745.09,671.41,684.75,69037395.74
1478217600000,684.75,705.04,681.53,701.79,33529392.409999996
1478304000000,701.79,705.53,694.8,703.94,15515436.629999999
1478390400000,703.94,713.29,697.72,710.1,18314720.89
1478476800000,710.1,714.08,698.09,706.35,21532748.33
1478563200000,706.35,714.37,697.1,711.72,28070601.48
1478649600000,711.72,739.28,707.33,722.03,51521971.21000001
1478736000000,722.03,723.47,707.16,715.74,23843943.790000003
1478822400000,715.74,719.39,711.49,714.67,18282242.669999998
1478908800000,714.67,718.68,701.6,703.63,19448200.240000002
1478995200000,703.63,706.7,685.04,702.54,25249834.799999997
1479081600000,702.54,707.43,696.52,703.9,26594987.790000003
1479168000000,703.9,716.97,689.26,711.68,29507049.589999996
1479254400000,711.68,744.38,709.23,740.25,58124038.08999998
1479340800000,740.25,750.99,732.87,737.58,46942563.42
1479427200000,737.58,750.12,732.47,747.53,29666065.54
1479513600000,747.53,754.62,737.54,748.35,19275826.28
1479600000000,748.35,752.58,712.86,728.84,34865417.779999994
1479686400000,728.84,739.29,727.94,735.68,23512514.770000003
1479772800000,735.68,753.28,731.88,749.72,32964822.919999998
1479859200000,749.72,752.23,731.76,741.22,28182760.36
1479945600000,741.22,744.21,725.59,734.25,27499439.490000006
1480032000000,734.25,739.57,727.52,739.01,21167760.409999996
1480118400000,739.01,741.02,725.74,734.65,16621931.98
1480204800000,734.65,738.48,728.28,729.62,15708046.73
1480291200000,729.62,737.69,728.66,733.23,24940545.84
1480377600000,733.23,736.14,729.26,732.27,23955735.85
1480464000000,732.27,745.2,731.13,742.5,29045211.42
1480550400000,742.5,756.48,740.62,752.9,40445669.01
1480636800000,752.9,778.45,752.7,772.09,48775600.169999994
1480723200000,772.09,772.71,754.29,765.16,30220712.980000008
1480809600000,765.16,768.65,756.97,767.47,14590852.019999994
1480896000000,767.47,770.45,747.44,754.57,38786859.49999999
1480982400000,754.57,761.83,750.0,759.06,25392239.299999997
1481068800000,759.06,769.24,754.03,765.44,26290891.749999996
1481155200000,765.44,772.79,759.82,768.58,21992435.819999993
1481241600000,768.58,774.88,765.34,770.56,18544394.22
1481328000000,770.56,777.66,768.19,775.26,13670987.360000001
1481414400000,775.26,773.39,763.65,768.53,13241479.120000001
1481500800000,768.53,781.32,766.32,777.88,22298053.150000002
1481587200000,777.88,791.17,766.42,778.96,25836065.39
1481673600000,778.96,780.79,770.09,777.16,19248506.85
1481760000000,777.16,779.9,772.42,774.7,20246549.55
1481846400000,774.7,783.48,773.81,782.98,21320496.28
1481932800000,782.98,794.37,778.42,788.8,18597362.32
1482019200000,788.8,792.26,784.4,786.85,11525747.479999999
1482105600000,786.85,796.5,784.47,789.21,20091187.73
1482192000000,789.21,800.88,785.76,799.68,27165924.229999997
1482278400000,799.68,832.71,797.51,831.42,53139686.220000006
1482364800000,831.42,875.91,826.13,858.48,60405089.07
1482451200000,858.48,913.21,858.41,909.46,91602483.79999998
1482537600000,909.46,922.13,880.09,893.03,41485750.35
1482624000000,893.03,899.37,847.96,892.44,37165871.38999999
1482710400000,892.44,912.69,884.1,895.84,34947512.82000001
1482796800000,895.84,937.92,893.89,925.95,45462762.169999994
1482883200000,925.95,975.49,924.77,975.35,73414117.80999997
1482969600000,975.35,983.57,948.61,971.58,58952996.58
1483056000000,971.58,975.45,927.07,961.24,67317418.08
1483142400000,961.24,966.63,939.54,965.31,26344071.73
1483228800000,965.31,1004.68,952.47,998.2,40556453.23
1483315200000,998.2,1034.28,992.96,1020.56,65906558.35000001
1483401600000,1020.56,1036.75,1008.7,1035.27,55610551.24000002
1483488000000,1035.27,1145.79,1024.0,1135.99,170443440.1
1483574400000,1135.99,1157.7,875.51,991.61,244730625.86999997
1483660800000,991.61,1028.49,855.09,892.13,179077035.41000006
1483747200000,892.13,903.15,805.1,892.03,113037531.70999998
1483833600000,892.03,939.59,879.55,904.93,70232713.49000001
1483920000000,904.93,910.49,871.69,901.43,55922540.13
1484006400000,901.43,916.38,884.71,905.93,48560021.660000004
1484092800000,905.93,917.03,752.45,786.05,160075686.95000002
1484179200000,786.05,828.54,742.95,811.48,93677378.15000002
1484265600000,811.48,832.8,771.9,826.23,72334342.79
1484352000000,826.23,839.91,809.42,820.18,36571037.02
1484438400000,820.18,827.13,808.95,821.73,20004735.099999998
1484524800000,821.73,836.17,816.59,826.29,27465191.810000002
1484611200000,826.29,906.15,826.11,903.34,73682688.02
1484697600000,903.34,914.84,847.78,874.55,61006478.13999999
1484784000000,874.55,906.14,871.32,894.8,52024298.39
1484870400000,894.8,900.87,878.07,893.71,34710429.86
1484956800000,893.71,928.5,891.54,919.97,37066202.24999999
1485043200000,919.97,939.89,887.9,919.65,43806610.64999999
1485129600000,919.65,928.47,911.72,923.63,30009717.46000001
1485216000000,923.63,925.39,888.44,892.99,52806934.35999999
1485302400000,892.99,904.86,885.74,893.0,33758309.29000001
1485388800000,893.0,919.18,893.38,917.48,30641245.25
1485475200000,917.48,922.75,909.32,920.18,28035949.500000004
1485561600000,920.18,923.2,908.58,919.54,13104943.99
1485648000000,919.54,925.44,909.41,915.1,10165781.76
1485734400000,915.1,922.12,912.55,920.54,17661961.939999998
1485820800000,920.54,967.46,918.93,965.69,51710659.7
1485907200000,965.69,986.37,959.8,983.34,43574583.230000004
1485993600000,983.34,1009.14,974.15,1003.32,50092443.720000006
1486080000000,1003.32,1026.27,989.76,1015.15,61991893.38
1486166400000,1015.15,1041.33,1001.61,1037.61,39886248.63
1486252800000,1037.61,1038.13,1000.56,1015.08,31517814.82
1486339200000,1015.08,1031.85,1012.74,1024.29,32300185.340000004
1486425600000,1024.29,1055.04,1022.37,1054.35,43193853.65
1486512000000,1054.35,1071.41,1017.23,1057.53,67914973.42
1486598400000,1057.53,1074.35,926.37,980.85,145611146.46
1486684800000,980.85,1007.0,945.88,998.24,60174379.96000001
1486771200000,998.24,1016.49,988.88,1006.59,28337862.54
1486857600000,1006.59,1012.85,992.12,999.83,14824816.8
1486944000000,999.83,1010.23,973.6,995.47,32628545.269999992
1487030400000,995.47,1012.61,985.44,1010.11,39798021.120000005
1487116800000,1010.11,1015.17,997.61,1009.79,23569549.439999998
1487203200000,1009.79,1039.98,1008.44,1033.41,39114743.330000006
1487289600000,1033.41,1060.99,1016.59,1051.98,47815360.529999994
1487376000000,1051.98,1067.04,1045.65,1053.55,26861504.86
1487462400000,1053.55,1057.02,1034.82,1049.72,18876881.839999996
1487548800000,1049.72,1082.83,1043.35,1078.29,32959720.15
1487635200000,1078.29,1126.96,1075.44,1123.86,62908569.42
1487721600000,1123.86,1138.41,1092.52,1123.12,53647453.36999998
1487808000000,1123.12,1182.56,1111.71,1173.69,77129234.85
1487894400000,1173.69,1212.67,1091.72,1177.88,133991698.76000002
1487980800000,1177.88,1180.41,1116.21,1148.38,53004430.45
1488067200000,1148.38,1177.33,1131.12,1175.34,35751451.029999994
1488153600000,1175.34,1196.17,1166.43,1190.77,42035366.629999995
1488240000000,1190.77,1207.73,1175.24,1187.64,60373806.34000001
1488326400000,1187.64,1226.14,1159.02,1224.25,61965198.160000004
1488412800000,1224.25,1287.42,1211.52,1254.38,98043721.94
1488499200000,1254.38,1292.06,1251.17,1283.05,85877785.10000001
1488585600000,1283.05,1287.7,1230.13,1264.58,48598294.940000005
1488672000000,1264.58,1275.01,1242.81,1274.22,32104972.38
1488758400000,1274.22,1281.86,1259.85,1279.71,39591110.809999995
1488844800000,1279.71,1284.25,1146.68,1233.82,108683763.79
1488931200000,1233.82,1242.09,1137.22,1148.55,116351173.72999999
1489017600000,1148.55,1208.99,1131.14,1194.04,70427061.56
1489104000000,1194.04,1329.88,987.18,1110.74,223838184.32
1489190400000,1110.74,1201.1,1105.55,1180.05,82387198.05
1489276800000,1180.05,1236.59,1156.15,1224.22,53441762.059999995
1489363200000,1224.22,1244.35,1208.87,1241.34,74376298.08999999
1489449600000,1241.34,1254.9,1222.74,1243.43,56060040.24
1489536000000,1243.43,1257.25,1235.78,1253.97,54486969.65
1489622400000,1252.49,1325.77,1120.08,1172.67,508763800.44000006
1489708800000,1172.67,1174.62,1055.79,1066.79,183882273.86000004
1489795200000,1066.79,1106.78,942.31,971.73,212773705.62999997
1489881600000,971.73,1062.1,969.72,1022.12,108128237.74999999
1489968000000,1022.12,1059.33,992.04,1047.61,63833143.49
1490054400000,1047.61,1124.9,1042.25,1118.88,101052628.74999997
1490140800000,1118.88,1117.09,997.74,1042.38,120731772.04999998
1490227200000,1042.38,1064.74,1021.49,1030.65,58898591.14000001
1490313600000,1030.65,1039.11,927.35,940.07,130042865.53
1490400000000,940.07,974.66,895.13,965.46,118395379.47
1490486400000,965.46,1003.56,948.71,970.64,83256791.17
1490572800000,970.64,1047.3,960.45,1043.87,92333148.02999999
1490659200000,1043.87,1068.86,1014.53,1044.25,83571921.92
1490745600000,1044.25,1058.87,1008.43,1043.25,71264995.49000001
1490832000000,1043.25,1052.31,1022.73,1038.61,77635731.40000002
1490918400000,1038.61,1088.44,1035.49,1079.85,96545808.04
1491004800000,1079.85,1102.75,1068.21,1086.91,55022303.220000006
1491091200000,1086.91,1108.92,1071.96,1098.06,77854373.84999998
1491177600000,1098.06,1158.5,1100.26,1148.28,111871636.8
1491264000000,1148.28,1159.99,1121.45,1141.94,81164094.43999998
1491350400000,1141.94,1145.28,1111.54,1130.1,78336858.92999999
1491436800000,1130.1,1202.07,1130.83,1186.86,108187133.15999998
1491523200000,1186.86,1200.78,1173.23,1192.49,71184485.99000001
1491609600000,1192.49,1200.01,1168.3,1182.57,39395653.33
1491696000000,1182.57,1214.96,1175.31,1203.76,54498333.280000016
1491782400000,1203.76,1214.91,1197.49,1208.15,48473680.72
1491868800000,1208.15,1229.03,1194.62,1221.84,46047108.79
1491955200000,1221.84,1226.34,1207.36,1212.23,54703412.15
1492041600000,1212.23,1219.09,1147.99,1176.4,78458454.37000002
1492128000000,1176.4,1195.65,1152.47,1177.35,56136336.65
1492214400000,1177.35,1194.16,649.54,1177.84,34159494.269999996
1492300800000,1177.84,1190.35,1159.13,1171.68,22538918.540000007
1492387200000,1171.68,1201.41,1173.76,1194.87,56506415.02
1492473600000,1194.87,1215.07,1193.66,1204.94,64901955.36000001
1492560000000,1204.94,1218.81,1193.55,1216.54,53444862.03000001
1492646400000,1216.54,1246.92,1212.15,1237.27,69225121.0
1492732800000,1237.27,1255.96,1236.17,1253.09,52498802.34
1492819200000,1253.09,1264.49,1208.84,1238.63,55777872.72
1492905600000,1238.63,1253.5,1226.5,1248.66,54422375.300000004
1492992000000,1248.66,1254.1,1231.76,1249.01,49281629.32
1493078400000,1249.01,1278.15,1240.02,1268.74,57031380.56000001
1493164800000,1268.74,1317.34,1265.49,1287.32,77649710.38
1493251200000,1287.32,1357.79,1280.74,1338.39,83322524.38
1493337600000,1338.39,1361.76,1271.22,1335.28,104546836.71000001
1493424000000,1335.28,1352.26,1302.84,1333.76,55982948.14
1493510400000,1333.76,1366.53,1296.96,1360.75,55472430.85999999
1493596800000,1360.75,1444.17,1346.75,1413.79,144414038.51
1493683200000,1413.79,1469.67,1396.19,1451.55,103360936.72
1493769600000,1451.55,1498.68,1401.24,1493.05,122579548.74999999
1493856000000,1493.05,1618.78,1437.61,1524.57,213089733.26999998
1493942400000,1524.57,1579.15,1482.76,1510.28,188027670.71
1494028800000,1510.28,1567.16,1501.42,1552.26,92749304.64999999
1494115200000,1552.26,1562.99,1480.71,1542.58,111708422.44000001
1494201600000,1542.58,1669.75,1550.17,1666.75,174698059.47000003
1494288000000,1666.75,1759.27,1635.48,1684.68,219171058.20000002
1494374400000,1684.68,1779.27,1673.87,1777.32,156210179.89999995
1494460800000,1777.32,1858.56,1717.96,1822.79,198837113.42000002
1494547200000,1822.79,1820.56,1640.76,1686.75,192165529.95
1494633600000,1686.75,1778.82,1594.69,1777.86,128403355.86000003
1494720000000,1777.86,1795.44,1731.4,1777.62,72878838.57000001
1494806400000,1777.62,1781.06,1662.6,1719.2,139663711.27
1494892800000,1719.2,1757.6,1643.4,1743.76,130383267.16
1494979200000,1743.76,1842.67,1710.46,1806.3,170956038.58
1495065600000,1806.3,2208.03,1788.82,1886.62,135901905.40999997
1495152000000,1886.62,1972.64,1880.9,1963.86,191523926.25
1495238400000,1963.86,2050.45,1943.9,2045.55,179347309.06000003
1495324800000,2045.55,2091.83,1991.07,2045.61,161037485.13
1495411200000,2045.61,2258.72,1990.35,2119.29,373486166.01000005
1495497600000,2119.29,2285.65,2112.22,2275.17,251969081.95999992
1495584000000,2275.17,2485.41,2271.67,2438.47,353734030.8800001
1495670400000,2438.47,2781.31,2233.3,2306.96,622139030.97
1495756800000,2306.96,2618.19,2044.44,2248.52,469472851.3
1495843200000,2244.89,2322.37,1868.56,2052.43,446034004.05
1495929600000,2052.43,2300.52,2051.07,2189.02,266766116.86
1496016000000,2189.02,2337.35,2117.34,2278.21,204101576.10999998
1496102400000,2278.21,2329.26,2147.1,2192.55,270069146.9
1496188800000,2192.55,2330.62,2168.37,2303.34,261223035.97
1496275200000,2303.34,2460.84,2303.34,2412.65,290070431.89
1496361600000,2412.65,2493.97,2385.59,2492.6,199765372.83
1496448000000,2492.6,2582.77,2449.95,2545.43,177168595.48999998
1496534400000,2545.43,2559.79,2478.18,2524.06,149060810.38
1496620800000,2524.06,2705.38,2523.92,2704.96,225611887.46999997
1496707200000,2704.96,2931.24,2699.68,2870.5,538772473.7800001
1496793600000,2870.5,2880.95,2626.56,2691.51,340329903.74
1496880000000,2691.51,2808.41,2623.61,2798.78,260898606.09999996
1496966400000,2798.78,2852.07,2786.07,2811.43,189237110.89999998
1497052800000,2811.43,2914.19,2807.36,2900.25,246869682.12
1497139200000,2900.25,2977.86,2705.59,2973.45,447285225.1600001
1497225600000,2973.45,2985.06,2483.63,2656.77,585158909.8600001
1497312000000,2656.77,2784.77,2647.44,2712.99,314476276.73
1497398400000,2712.99,2803.72,2348.99,2467.27,448294279.43999994
1497484800000,2467.27,2521.6,2125.56,2442.46,606264366.03
1497571200000,2442.46,2536.42,2335.28,2508.58,286630757.5800001
1497657600000,2508.58,2690.71,2454.81,2655.1,246698591.89999998
1497744000000,2655.1,2676.04,2488.59,2539.56,235239296.33999997
1497830400000,2539.56,2617.75,2518.78,2616.82,210372750.84999993
1497916800000,2616.82,2800.48,2613.98,2754.38,300034010.60999995
1498003200000,2754.38,2804.41,2549.96,2677.62,480462987.31000006
1498089600000,2677.62,2757.32,2623.17,2722.84,210318780.96
1498176000000,2722.84,2759.66,2699.48,2710.37,155303414.18
1498262400000,2710.37,2741.56,2540.35,2590.05,228007287.01999998
1498348800000,2590.05,2660.66,2472.37,2541.62,220679135.80999997
1498435200000,2541.62,2584.75,2327.26,2446.05,401912134.89
1498521600000,2446.05,2585.06,2309.63,2583.75,381517099.89000005
1498608000000,2583.75,2616.95,2490.11,2577.74,279792448.24
1498694400000,2577.74,2627.66,2510.8,2558.37,421400621.01000005
1498780800000,2558.37,2576.28,2469.54,2480.61,183878856.31
1498867200000,2480.61,2529.62,2387.47,2424.61,160661673.79000002
1498953600000,2424.61,2555.34,2375.86,2536.46,165839565.17
1499040000000,2536.46,2617.48,2506.3,2572.47,212244951.17
1499126400000,2572.47,2658.73,2569.99,2617.32,210433639.12999997
1499212800000,2617.32,2642.74,2562.04,2627.86,232257106.92999998
1499299200000,2627.86,2634.84,2581.8,2614.24,156558009.82
1499385600000,2614.24,2617.48,2484.73,2513.88,229168229.21999997
1499472000000,2513.88,2568.73,2480.62,2564.86,136973389.48000002
1499558400000,2564.86,2576.73,2509.65,2511.43,99506518.53000002
1499644800000,2511.43,2530.34,2271.79,2344.02,297270301.01
1499731200000,2344.02,2412.75,2265.48,2324.29,341998621.06
1499817600000,2324.29,2424.82,2262.08,2403.09,257095280.16000003
1499904000000,2403.09,2436.66,2334.96,2362.44,208630220.68000004
1499990400000,2362.44,2370.53,2165.36,2234.17,257704533.43
1500076800000,2234.17,2237.13,1974.03,1975.08,320719096.8000001
1500163200000,1975.08,2044.41,1808.99,1914.09,364287861.73
1500249600000,1914.09,2233.83,1913.79,2233.39,368366495.36
1500336000000,2233.39,2462.99,2164.59,2320.23,1195852125.07
1500422400000,2320.23,2412.38,2243.13,2282.58,357639189.62
1500508800000,2255.6,2932.81,2139.67,2866.02,1119361637.3899999
1500595200000,2866.02,2873.96,2622.54,2675.08,529154789.97
1500681600000,2675.08,2876.71,2658.59,2836.53,341992860.18
1500768000000,2836.53,2856.67,2675.65,2756.61,299874065.35
1500854400000,2756.61,2798.89,2715.69,2763.42,229056439.55000004
1500940800000,2763.42,2779.08,2472.62,2582.58,534765380.7300001
1501027200000,2582.58,2631.73,2441.54,2559.21,340471451.84000003
1501113600000,2559.21,2712.92,2547.74,2691.88,269880857.99
1501200000000,2691.88,2843.78,2683.59,2806.75,383479795.72999996
1501286400000,2806.75,2812.13,2699.42,2733.5,230818894.94000006
1501372800000,2733.5,2773.06,2621.68,2766.49,222941869.12000006
1501459200000,2766.49,2916.3,2723.05,2883.27,254855644.05
1501545600000,2883.27,2946.02,2659.62,2746.99,341216428.59999996
1501632000000,2746.99,2773.8,2668.87,2720.53,222534344.58999997
1501718400000,2720.53,2822.88,2717.62,2809.99,188518207.79999998
1501804800000,2809.99,2892.67,2779.51,2878.49,195800289.46999994
1501891200000,2878.49,3344.01,2875.91,3262.8,503737620.3900001
1501977600000,3262.8,3295.07,3166.52,3232.03,196485180.69000003
1502064000000,3232.03,3425.13,3198.51,3401.91,294021645.22999996
1502150400000,3401.91,3494.87,3357.15,3429.38,366169429.24999994
1502236800000,3429.38,3437.15,3251.03,3348.79,324058681.71999997
1502323200000,3348.79,3453.84,3322.92,3425.67,242024460.27000004
1502409600000,3425.67,3706.48,3409.79,3654.37,345135492.38
1502496000000,3654.37,3967.26,3611.36,3871.62,469532325.42
1502582400000,3871.62,4189.42,3847.31,4062.6,638917500.33
1502668800000,4062.6,4336.71,3978.95,4327.94,540927757.84
1502755200000,4327.94,4436.48,3837.13,4161.66,872840682.32
1502841600000,4161.66,4398.06,3938.62,4387.4,472960334.47
1502928000000,4387.4,4487.5,4194.1,4278.92,554232802.5099999
1503014400000,4278.92,4362.73,3978.28,4105.37,603898315.4600002
1503100800000,4105.37,4189.68,3957.46,4150.45,462726032.2499999
1503187200000,4150.45,4182.29,4034.4,4066.6,288193446.20000005
1503273600000,4066.6,4097.25,3966.93,4005.1,365174045.8
1503360000000,4005.1,4142.68,3612.21,4089.7,659657838.8899999
1503446400000,4089.7,4255.62,4070.49,4141.09,402341700.06
1503532800000,4141.09,4364.11,4111.71,4318.35,351918916.65
1503619200000,4318.35,4461.71,4292.63,4364.41,362283252.96999997
1503705600000,4364.41,4379.28,4263.28,4352.3,199403922.85
1503792000000,4352.3,4408.18,4321.12,4345.75,185180843.08
1503878400000,4345.75,4403.13,4195.23,4390.31,325285703.32
1503964800000,4390.31,4647.83,4350.22,4597.31,455467850.19000006
1504051200000,4597.31,4644.06,4491.79,4583.02,313470136.87
1504137600000,4583.02,4765.07,4580.13,4735.11,338981145.11
1504224000000,4735.11,4925.23,4690.17,4921.85,491140823.49
1504310400000,4921.85,4976.52,4448.64,4573.8,747713818.1000003
1504396800000,4573.8,4719.78,4397.74,4612.92,470135795.40000004
1504483200000,4612.92,4621.01,4098.58,4267.45,737227669.3599999
1504569600000,4267.45,4496.67,4004.62,4409.08,673865367.51
1504656000000,4409.08,4660.04,4401.53,4618.71,504730392.61
1504742400000,4618.71,4690.55,4493.2,4635.6,324955580.75999993
1504828800000,4635.6,4699.59,4130.88,4326.45,820351547.84
1504915200000,4326.45,4402.15,4185.33,4335.13,424781087.4599999
1505001600000,4335.13,4338.08,4032.15,4245.89,580434353.3700001
1505088000000,4245.89,4364.42,4134.62,4217.9,375270425.27
1505174400000,4217.9,4387.76,4074.97,4158.92,453410371.33
1505260800000,4158.92,4174.58,3752.01,3870.29,952337673.07
1505347200000,3870.29,3941.65,3218.98,3243.08,1214762585.8
1505433600000,3243.08,3824.43,2979.88,3713.76,1780627494.07
1505520000000,3713.76,3893.67,3551.83,3698.92,627570803.1699998
1505606400000,3698.92,3796.56,3485.83,3689.61,351337652.00000006
1505692800000,3689.61,4122.75,3689.0,4100.28,586961094.03
1505779200000,4100.28,4120.71,3852.22,3907.96,488905729.58
1505865600000,3907.96,4053.04,3846.76,3882.16,342446567.99
1505952000000,3882.16,3912.79,3576.54,3617.27,543581823.64
1506038400000,3617.27,3753.51,3505.81,3600.83,414624735.40999997
1506124800000,3600.83,3813.39,3563.18,3788.02,253376821.96
1506211200000,3788.02,3790.89,3633.88,3667.52,183856548.42999998
1506297600000,3667.52,3971.5,3665.67,3932.83,386691658.28000003
1506384000000,3932.83,3982.31,3858.75,3892.7,248490544.9
1506470400000,3892.7,4232.35,3882.08,4212.2,480385932.7300001
1506556800000,4212.2,4274.64,4112.88,4195.65,386913597.39
1506643200000,4195.65,4237.51,4030.37,4172.79,404608126.53
1506729600000,4172.79,4383.27,4164.25,4360.62,290803262.22999996
1506816000000,4360.62,4412.62,4258.32,4403.09,262509171.00000003
1506902400000,4403.09,4477.38,4364.67,4401.32,314636219.26
1506988800000,4401.32,4435.99,4230.73,4314.18,353053270.47999996
1507075200000,4314.18,4355.29,4183.57,4218.66,272457434.13
1507161600000,4218.66,4365.76,4143.35,4321.44,271925394.91
1507248000000,4321.44,4422.15,4296.93,4371.94,269898916.12
1507334400000,4371.94,4472.92,4319.48,4435.81,176344033.25
1507420800000,4435.81,4622.87,4419.36,4611.7,323069883.84999996
1507507200000,4611.7,4875.38,4556.15,4777.49,518594381.58000004
1507593600000,4777.49,4930.0,4722.81,4763.36,475717720.64
1507680000000,4763.36,4874.89,4718.6,4824.2,338555516.36
1507766400000,4824.2,5432.63,4814.98,5432.62,924528971.86
1507852800000,5432.62,5852.78,5391.97,5637.26,1211476307.17
1507939200000,5637.26,5839.62,5568.86,5824.71,434413169.85000014
1508025600000,5824.71,5862.69,5448.22,5688.14,571171109.01
1508112000000,5685.47,5795.33,5576.1,5759.33,414698351.80999994
1508198400000,5759.25,5773.32,5521.09,5598.58,368672153.43
1508284800000,5598.58,5601.3,5114.87,5575.83,674558013.67
1508371200000,5576.71,5737.41,5517.62,5698.65,469784583.03000003
1508457600000,5698.62,6075.32,5611.39,5993.11,729503498.62
1508544000000,5993.11,6187.2,5874.54,6006.65,685014118.4900002
1508630400000,6006.65,6070.56,5722.98,5982.86,618898602.4000001
1508716800000,5982.86,6048.98,5644.22,5903.61,801167911.7600001
1508803200000,5903.61,5904.63,5463.41,5513.08,811973622.94
1508889600000,5513.08,5747.96,5375.64,5734.0,585753078.9099998
1508976000000,5734.0,5970.4,5689.92,5887.61,547679679.25
1509062400000,5887.62,5997.83,5692.32,5764.56,488293134.4299999
1509148800000,5764.56,5871.04,5654.8,5726.61,305619630.97
1509235200000,5726.61,6295.43,5679.37,6147.52,967005103.1899999
1509321600000,6147.7,6226.18,6018.97,6124.28,481625985.88000005
1509408000000,6124.28,6467.2,6090.83,6451.24,637852198.71
1509494400000,6449.1,6738.74,6355.0,6737.78,869809013.28
1509580800000,6737.78,7339.91,6737.77,7024.81,1663210280.79
1509667200000,7024.81,7445.62,6938.93,7152.12,1121025851.2399998
1509753600000,7146.98,7492.24,6957.84,7363.8,773379980.0400001
1509840000000,7363.8,7599.44,7284.33,7389.55,789295377.98
1509926400000,7389.55,7429.7,6934.73,6959.23,1148142213.05
1510012800000,6959.27,7222.37,6957.8,7102.75,716830940.4300001
1510099200000,7102.23,7869.1,7026.97,7444.36,1632565142.7999997
1510185600000,7444.36,7457.12,7040.83,7129.59,915984331.0100002
1510272000000,7129.59,7318.97,6406.05,6565.8,1513437215.7199998
1510358400000,6565.8,6821.5,6197.87,6339.86,878104352.35
1510444800000,6339.87,6490.53,5493.64,5878.13,1629165385.9000003
1510531200000,5878.09,6760.15,5828.34,6522.45,1135285192.46
1510617600000,6522.45,6728.59,6419.18,6597.06,634625185.98
1510704000000,6597.06,7330.06,6596.94,7283.22,922979805.7099999
1510790400000,7283.02,7964.64,7119.17,7853.68,1010130763.21
1510876800000,7853.68,8000.19,7534.7,7699.95,917610890.7800002
1510963200000,7699.95,7857.52,7458.9,7780.91,571138652.04
1511049600000,7781.02,8100.87,7675.41,8042.64,541398743.0899999
1511136000000,8042.64,8294.12,7947.28,8244.69,617375381.03
1511222400000,8245.87,8368.36,7819.06,8099.97,938357457.0200001
1511308800000,8099.92,8304.37,8091.63,8234.55,539720096.2700001
1511395200000,8234.5,8266.55,8012.35,8013.41,555468612.4900001
1511481600000,8013.38,8332.94,7900.17,8200.8,595729324.03
1511568000000,8203.45,8761.98,8153.7,8754.69,718488771.6
1511654400000,8754.62,9474.62,8746.56,9318.42,782505339.08
1511740800000,9318.42,9733.61,9316.84,9733.2,1025227943.0600001
1511827200000,9732.63,9969.58,9638.2,9906.04,865344708.87
1511913600000,9906.04,11417.84,8938.7,9837.86,2418813607.1
1512000000000,9848.05,10689.06,9023.77,9946.76,1836222132.0
1512086400000,9947.08,10942.8,9420.93,10861.47,1353681928.1200001
1512172800000,10861.47,11175.23,10715.55,10912.73,950480980.9799999
1512259200000,10912.72,11851.09,10578.43,11246.21,1380018585.11
1512345600000,11244.2,11624.63,10917.81,11623.91,1057871728.1000001
1512432000000,11624.37,11901.87,11486.13,11667.13,1048852814.6700001
1512518400000,11667.13,13843.2,11661.76,13749.57,2437071089.31
1512604800000,13750.09,16879.26,13401.61,16850.31,4510237727.47
1512691200000,16867.98,17294.85,13906.1,16047.61,4546039343.160001
1512777600000,16048.18,16313.18,13151.47,14843.42,2699910952.7299995
1512864000000,14839.98,15783.2,13031.0,15059.6,2904043306.62
1512950400000,15060.45,17399.18,15024.56,16732.47,2634286293.3799996
1513036800000,16733.29,17560.65,16254.53,17083.9,2246170904.4900002
1513123200000,17083.9,17267.96,15669.86,16286.82,2576087118.9900002
1513209600000,16286.82,16941.08,16023.64,16467.91,1773839031.47
1513296000000,16467.91,17987.03,16442.2,17604.85,2682391445.1400003
1513382400000,17594.08,19587.7,17318.54,19345.49,2078840140.6699996
1513468800000,19346.6,19870.62,18750.91,19065.71,2264654715.24
1513555200000,19065.71,19221.1,18114.42,18972.32,2597534512.56
1513641600000,18971.19,19021.97,16812.8,17523.7,3136736167.5800004
1513728000000,17521.73,17813.6,15642.69,16461.97,3791802687.09
1513814400000,16461.09,17301.83,14952.98,15632.12,2619322345.64
1513900800000,15632.12,15823.72,10875.71,13664.97,6245749210.720001
1513987200000,13664.97,15493.23,13356.07,14396.46,2491925424.46
1514073600000,14396.63,14413.72,12166.45,13789.95,2428438615.0699997
1514160000000,13789.95,14467.43,13010.71,13833.49,1487889394.7700002
1514246400000,13830.19,16094.67,13748.49,15756.56,2198591885.81
1514332800000,15757.02,16514.59,14534.66,15416.64,2162840047.75
1514419200000,15416.34,15505.51,13466.07,14398.7,2425924542.02
1514505600000,14398.45,15109.81,13951.08,14392.57,1733609498.72
1514592000000,14392.14,14461.46,11962.09,12531.52,2387320308.7
1514678400000,12532.38,14241.82,12359.43,13850.4,1492144790.5600002
1514764800000,13850.49,13921.53,12877.67,13444.88,1057824930.49
1514851200000,13444.88,15306.13,12934.16,14754.13,1956797428.73
1514937600000,14754.09,15435.01,14579.71,15156.62,1604243779.8100004
1515024000000,15156.49,15408.66,14244.67,15180.08,1656714736.6200004
1515110400000,15180.08,17126.95,14832.36,16954.78,2283999823.23
1515196800000,16954.76,17252.85,16286.57,17172.3,1412734372.97
1515283200000,17174.5,17184.81,15791.13,16228.16,1309539657.27
1515369600000,16228.26,16302.92,13902.31,14976.17,2166377004.44
1515456000000,14976.17,15390.28,14221.55,14468.5,1486819779.1999998
1515542400000,14468.09,14919.49,13450.54,14919.49,2025098826.6700003
1515628800000,14920.36,14979.96,12825.95,13308.06,2373501575.8400006
1515715200000,13308.06,14129.08,12851.91,13841.19,1402302163.3799996
1515801600000,13841.19,14595.04,13830.28,14243.12,1728449477.94
1515888000000,14244.12,14415.67,13031.91,13638.63,1112593389.3600001
1515974400000,13638.63,14355.82,13416.71,13631.98,1170474410.9900002
1516060800000,13634.6,13648.84,10032.69,11282.49,3842665826.51
1516147200000,11282.49,11736.3,9205.38,11162.7,3666990987.2200003
1516233600000,11162.7,12018.43,10642.33,11175.52,2357283479.7100005
1516320000000,11175.52,11865.21,10867.18,11521.76,1486253564.8799999
1516406400000,11521.82,13031.04,11502.11,12783.94,1492733043.6999996
1516492800000,12783.54,12787.35,11101.73,11549.93,1552759579.93
1516579200000,11549.98,11913.74,10067.76,10814.52,1812006767.41
1516665600000,10814.52,11388.52,9980.5,10858.23,1710189953.85
1516752000000,10853.78,11531.6,10506.55,11429.02,1286454469.9299998
1516838400000,11428.11,11741.92,10930.34,11175.87,1061075432.0399998
1516924800000,11175.87,11656.54,10346.86,11104.2,1560148763.05
1517011200000,11104.34,11638.69,10879.2,11459.71,1031101766.89
1517097600000,11460.39,12064.19,11407.94,11767.74,1038156585.41
1517184000000,11767.74,11860.29,11089.52,11233.95,920850134.55
1517270400000,11234.32,11263.7,9871.21,10107.26,1720908669.9099998
1517356800000,10107.4,10377.96,9698.13,10226.86,1230911399.88
1517443200000,10226.86,10280.84,8726.95,9114.72,1964323235.0300002
1517529600000,9114.73,9147.93,7786.2,8870.82,2768780611.16
1517616000000,8872.87,9504.37,8194.68,9251.27,1253491922.98
1517702400000,9251.27,9400.99,7889.83,8218.05,1413211740.05
1517788800000,8218.05,8391.29,6627.31,6937.08,2534165069.8500004
1517875200000,6936.43,7932.38,5968.36,7701.25,3397606093.37
1517961600000,7701.25,8572.68,7208.86,7592.72,2159778956.3699994
1518048000000,7593.78,8643.94,7590.48,8260.69,1594683617.3999999
1518134400000,8259.26,8743.2,7775.36,8696.83,1348083408.4999998
1518220800000,8696.83,9081.49,8176.25,8569.29,1348938542.63
1518307200000,8569.32,8573.35,7862.31,8084.61,1013773945.8599999
1518393600000,8084.61,8997.34,8084.41,8911.27,1085938337.2
1518480000000,8911.17,8955.15,8379.35,8544.69,853342369.73
1518566400000,8544.69,9508.22,8542.98,9485.64,1220884857.86
1518652800000,9485.64,10223.58,9363.38,10033.75,1666686428.5800002
1518739200000,10033.75,10303.14,9720.38,10188.73,1061853371.6099999
1518825600000,10188.73,11119.45,10074.07,11097.21,1327924901.4499998
1518912000000,11097.21,11288.34,10161.01,10417.23,1659709575.59
1518998400000,10418.12,11265.96,10336.32,11182.28,1186535653.5899997
1519084800000,11182.28,11802.23,11130.95,11256.43,1640343867.7900002
1519171200000,11256.78,11295.58,10256.21,10481.66,1982721124.6299999
1519257600000,10481.66,10941.57,9757.19,9847.96,1795951829.82
1519344000000,9847.96,10420.67,9604.0,10175.51,1399448203.1500003
1519430400000,10175.51,10528.0,9396.54,9705.73,1244484468.55
1519516800000,9705.73,9873.79,9329.44,9610.11,793093192.65
1519603200000,9610.11,10457.51,9411.82,10326.5,1181729273.48
1519689600000,10326.5,10879.38,10154.24,10594.76,1060840699.0199999
1519776000000,10594.76,11067.76,10303.14,10334.44,1126074675.64
1519862400000,10334.44,11090.3,10247.56,10929.37,952472120.01
1519948800000,10929.37,11191.94,10801.45,11043.12,852908489.63
1520035200000,11043.12,11530.66,11043.12,11465.36,812200126.21
1520121600000,11465.36,11539.79,11084.01,11504.42,690727335.5699999
1520208000000,11503.94,11694.15,11431.55,11440.73,791471905.1099999
1520294400000,11440.33,11441.65,10589.28,10735.45,1210081181.35
1520380800000,10735.45,10913.7,9470.73,9928.56,1858869115.0
1520467200000,9928.56,10119.21,9086.85,9316.72,1492236089.9699996
1520553600000,9316.77,9433.38,8393.45,9252.76,2081621422.6900003
1520640000000,9252.76,9518.62,8727.43,8797.27,1084925795.7200003
1520726400000,8797.27,9735.64,8484.32,9544.84,1374814644.2199998
1520812800000,9543.98,9907.41,8796.52,9142.15,1435404200.3999999
1520899200000,9142.27,9486.12,8856.65,9160.12,1228556284.31
1520985600000,9160.12,9360.66,7966.94,8217.7,1385579913.69
1521072000000,8216.22,8432.12,7698.47,8268.41,1519850464.5600002
1521158400000,8267.95,8616.63,7924.11,8283.23,1082790136.5400002
1521244800000,8283.23,8360.64,7765.41,7883.45,901939422.9699999
1521331200000,7882.67,8299.86,7318.46,8215.4,1535519444.93
1521417600000,8215.5,8725.6,8129.66,8623.14,1447812723.06
1521504000000,8623.14,9056.23,8339.8,8920.71,1150462439.4199998
1521590400000,8920.53,9184.51,8778.69,8911.35,991376396.9700004
1521676800000,8911.37,9107.0,8500.88,8724.98,1023286566.1700001
1521763200000,8724.98,8935.88,8307.58,8934.8,939997284.4499999
1521849600000,8935.51,9036.23,8515.53,8548.06,827663165.3499999
1521936000000,8548.39,8690.36,8395.85,8472.84,657643520.2599999
1522022400000,8472.56,8521.04,7869.27,8152.2,1079038734.8000002
1522108800000,8152.18,8226.24,7752.3,7808.48,930754990.5400001
1522195200000,7808.42,8117.79,7752.6,7959.78,657712114.9
1522281600000,7959.78,7983.77,6927.11,7106.62,1379180030.2900002
1522368000000,7106.62,7280.27,6595.26,6853.76,1584675343.2
1522454400000,6853.75,7228.4,6806.34,6943.77,915400590.5799998
1522540800000,6943.77,7056.22,6463.54,6835.84,889887684.72
1522627200000,6835.58,7131.36,6792.3,7074.6,748861435.1700001
1522713600000,7074.65,7528.97,7039.88,7434.3,905326798.6500002
1522800000000,7434.3,7442.42,6727.09,6815.5,877199782.16
1522886400000,6815.5,6933.66,6602.38,6790.45,777145174.77
1522972800000,6790.45,6869.53,6526.67,6634.86,605651287.4300001
1523059200000,6634.86,7083.85,6624.47,6917.2,564883141.53
1523145600000,6917.2,7132.03,6911.02,7049.92,425825572.08
1523232000000,7049.92,7204.28,6633.69,6789.53,901899441.92
1523318400000,6789.53,6922.84,6676.72,6871.07,424510977.28000003
1523404800000,6871.07,6999.37,6839.16,6977.13,450141340.24
1523491200000,6977.04,8051.95,6791.33,7927.73,1490759969.77
1523577600000,7927.73,8237.16,7758.8,7899.11,1171435820.5900002
1523664000000,7898.74,8195.34,7841.19,8022.51,537286381.88
1523750400000,8022.51,8437.03,8021.04,8376.73,570527804.55
1523836800000,8376.73,8430.93,7929.24,8079.77,713471956.8500001
1523923200000,8079.77,8187.6,7858.12,7921.63,580880500.84
1524009600000,7921.65,8246.57,7908.92,8189.96,593507448.69
1524096000000,8189.92,8321.01,8136.42,8301.82,602099034.8799999
1524182400000,8301.82,8945.14,8243.49,8877.08,979994921.45
1524268800000,8877.15,9047.82,8631.18,8935.72,829073400.6700001
1524355200000,8935.85,9043.98,8788.44,8823.36,610183093.4300001
1524441600000,8823.46,9025.73,8804.2,8968.25,553892335.4300001
1524528000000,8967.86,9741.91,8957.68,9655.77,1276464750.73
1524614400000,9657.69,9765.23,8757.06,8873.62,1779806222.9600003
1524700800000,8873.57,9315.13,8669.38,9282.12,997427934.63
1524787200000,9289.01,9385.87,8923.48,8938.47,758182407.3500001
1524873600000,8938.47,9435.9,8892.52,9351.47,774111704.69
1524960000000,9349.94,9552.67,9189.07,9407.04,640931911.3599998
1525046400000,9407.35,9459.81,9133.6,9248.45,574099218.2299999
1525132800000,9248.25,9251.66,8851.1,9077.28,669555436.9800001
1525219200000,9077.28,9271.62,8993.82,9232.19,527488395.49999994
1525305600000,9232.19,9817.19,9172.28,9745.04,857646889.1699998
1525392000000,9746.26,9785.15,9547.21,9699.61,663887678.34
1525478400000,9700.37,9968.85,9687.09,9845.9,679872376.4099998
1525564800000,9846.44,9936.96,9441.93,9644.92,608650204.18
1525651200000,9643.99,9662.23,9202.13,9377.81,692580062.4900001
1525737600000,9377.08,9472.09,9063.07,9196.13,673924125.2800001
1525824000000,9196.13,9373.46,8987.27,9321.16,625495066.0700002
1525910400000,9321.52,9393.95,9017.13,9032.22,629850604.1199999
1525996800000,9032.22,9032.27,8363.5,8421.0,1176888629.2199998
1526083200000,8420.82,8653.8,8225.97,8486.67,783972252.36
1526169600000,8488.07,8773.96,8350.91,8709.46,525395861.85999995
1526256000000,8709.46,8883.0,8312.72,8672.9,874556394.3
1526342400000,8672.88,8848.69,8441.25,8480.16,730739738.89
1526428800000,8480.16,8501.65,8119.17,8344.78,789660713.2399999
1526515200000,8342.69,8476.45,8015.77,8071.04,615539512.7
1526601600000,8071.04,8280.45,7940.35,8247.91,558167598.74
1526688000000,8247.91,8397.27,8160.8,8249.24,381458405.43999994
1526774400000,8249.24,8591.45,8181.46,8533.0,418898289.04
1526860800000,8533.22,8585.85,8347.88,8419.65,463653636.94
1526947200000,8419.67,8428.6,7962.43,7992.75,543342369.34
1527033600000,7992.75,8031.63,7460.66,7505.77,934151146.29
1527120000000,7505.77,7729.48,7283.77,7584.74,826278113.23
1527206400000,7584.78,7652.37,7347.96,7475.36,634474356.9999999
1527292800000,7475.36,7626.69,7314.71,7355.06,368322782.2800001
1527379200000,7355.06,7420.07,7256.67,7362.23,341348321.24
1527465600000,7362.23,7455.55,7092.91,7118.88,526854342.95000005
1527552000000,7118.88,7533.03,7069.01,7474.75,634849312.0699999
1527638400000,7474.75,7571.08,7295.78,7393.02,505870975.00000006
1527724800000,7393.02,7608.87,7349.52,7502.15,458223966.11999995
1527811200000,7501.74,7614.66,7370.27,7530.55,458687659.49999994
1527897600000,7530.55,7697.34,7467.79,7643.26,362414878.6
1527984000000,7643.26,7774.96,7606.76,7719.75,332313005.48
1528070400000,7719.73,7760.73,7469.21,7503.2,427448262.28999996
1528156800000,7503.32,7672.7,7394.97,7629.4,440337235.4
1528243200000,7629.4,7701.35,7504.98,7661.79,396116252.6499999
1528329600000,7661.79,7755.92,7651.13,7700.11,342496821.56
1528416000000,7700.4,7709.61,7559.5,7627.52,310121436.66
1528502400000,7627.56,7691.74,7495.72,7513.69,218013881.08
1528588800000,7513.76,7514.04,6661.98,6773.72,895514425.38
1528675200000,6773.72,6913.85,6652.89,6887.37,482788065.14
1528761600000,6887.43,6888.33,6462.61,6556.94,509372466.35
1528848000000,6556.94,6623.0,6140.63,6310.43,797087281.1299999
1528934400000,6310.43,6719.44,6286.23,6643.26,620296377.14
1529020800000,6643.63,6667.23,6380.69,6396.71,379228601.06999993
1529107200000,6396.71,6569.15,6345.99,6503.1,232805888.96
1529193600000,6503.1,6585.77,6446.38,6457.78,224575526.45
1529280000000,6457.78,6802.03,6401.41,6714.82,430241689.12
1529366400000,6714.56,6839.6,6672.2,6741.28,370797057.9800001
1529452800000,6741.28,6817.9,6569.96,6761.27,400530201.21999997
1529539200000,6761.27,6790.08,6687.66,6720.64,295690715.68
1529625600000,6720.64,6731.51,5941.32,6051.47,862826624.24
1529712000000,6051.47,6257.88,6033.2,6166.54,350697378.51000005
1529798400000,6166.36,6254.02,5782.13,6157.78,667479078.3100001
1529884800000,6157.78,6344.45,6095.25,6260.35,492834172.9999999
1529971200000,6260.4,6286.36,6067.49,6088.39,391396653.43000007
1530057600000,6092.26,6192.11,6021.69,6141.57,383457137.86
1530144000000,6141.57,6172.23,5844.26,5871.28,385907044.98999995
1530230400000,5870.81,6286.67,5813.02,6203.8,554799001.49
1530316800000,6203.81,6503.33,6194.51,6385.38,419284677.67999995
1530403200000,6385.43,6429.5,6262.72,6339.04,259708490.63000003
1530489600000,6342.69,6673.71,5537.86,6615.66,465916040.78
1530576000000,6616.6,6670.3,6473.48,6509.58,356390898.96999997
1530662400000,6508.43,6777.97,6411.13,6590.06,412202352.61999995
1530748800000,6589.77,6691.32,6448.23,6534.81,421189063.03000015
1530835200000,6534.81,6633.44,6458.14,6602.02,310759733.11999995
1530921600000,6602.03,6814.42,6518.23,6758.08,277167900.03
1531008000000,6758.08,6782.85,6684.15,6707.38,268455446.0799999
1531094400000,6707.46,6803.1,6625.58,6668.84,328316145.78
1531180800000,6668.84,6683.61,6277.23,6306.85,470432142.71999997
1531267200000,6306.87,6405.59,6293.68,6394.36,327667754.34999996
1531353600000,6394.36,6394.93,6084.0,6253.6,409078182.62999994
1531440000000,6253.66,6349.21,6131.54,6229.83,319802271.97999996
1531526400000,6229.61,6332.46,6190.18,6268.75,174416786.36
1531612800000,6268.32,6401.5,6245.75,6364.26,218543291.79
1531699200000,6364.26,6761.84,6349.83,6740.55,494264915.93
1531785600000,6740.54,7476.24,6677.56,7326.7,799401451.3600001
1531872000000,7326.76,7590.65,7253.71,7383.39,788460811.9200001
1531958400000,7383.39,7563.7,7289.9,7477.5,522544440.4600001
1532044800000,7477.1,7676.55,7279.34,7333.93,603034414.7900001
1532131200000,7333.93,7453.07,7220.37,7405.4,297440355.2099999
1532217600000,7405.4,7569.28,7345.25,7398.64,355565264.85999995
1532304000000,7398.64,7798.59,7376.66,7718.0,745533303.0200001
1532390400000,7718.0,8485.71,7692.16,8395.82,1166560702.15
1532476800000,8395.81,8481.11,8061.07,8170.23,736530740.45
1532563200000,8170.37,8302.24,7862.67,7937.25,643953970.4399999
1532649600000,7937.1,8278.01,7806.25,8182.89,646256012.0999999
1532736000000,8182.88,8238.04,8070.04,8230.87,295872316.41
1532822400000,8230.82,8291.55,8123.53,8216.78,280233415.96000004
1532908800000,8216.7,8273.61,7867.44,8176.06,681120739.9700001
1532995200000,8176.08,8176.27,7663.7,7735.3,765186307.2299998
1533081600000,7736.25,7760.74,7449.31,7610.9,595404848.87
1533168000000,7610.9,7713.32,7470.86,7542.34,424093581.76
1533254400000,7542.34,7542.49,7296.76,7417.6,586982505.8199999
1533340800000,7417.6,7490.89,6940.15,7017.89,534002935.96000004
1533427200000,7017.89,7092.53,6898.31,7042.39,368914046.39000005
1533513600000,7042.57,7160.4,6854.79,6945.78,410408444.75
1533600000000,6945.77,7150.86,6685.02,6723.21,575690006.3
1533686400000,6723.29,6723.99,6133.03,6285.02,838853615.9000001
1533772800000,6285.06,6631.23,6195.02,6543.24,575748446.4
1533859200000,6543.25,6582.14,6025.91,6153.41,639457019.98
1533945600000,6152.95,6488.55,6014.26,6242.54,545722619.12
1534032000000,6242.53,6483.39,6176.89,6322.92,366460108.71
1534118400000,6322.41,6545.02,6157.03,6263.2,452431672.70000005
1534204800000,6263.2,6266.5,5891.87,6199.6,759847789.73
1534291200000,6199.63,6620.07,6193.63,6274.22,852103141.8299999
1534377600000,6274.22,6478.07,6217.33,6323.81,454679037.37000024
1534464000000,6323.81,6594.72,6300.45,6591.16,477089455.5799999
1534550400000,6591.18,6622.16,6322.44,6405.71,336744293.82000005
1534636800000,6405.74,6560.88,6330.56,6502.18,253984821.78
1534723200000,6502.24,6537.54,6248.39,6269.9,397981291.83
1534809600000,6270.09,6506.69,6259.81,6491.11,396746063.4
1534896000000,6491.09,6890.79,6264.34,6366.13,764005011.17
1534982400000,6366.14,6575.28,6356.96,6538.95,340811486.76
1535068800000,6539.13,6736.83,6481.76,6708.96,382456858.96
1535155200000,6708.94,6808.89,6684.19,6749.56,258296664.14000005
1535241600000,6749.71,6793.17,6588.48,6720.6,265820591.17000002
1535328000000,6720.6,6944.21,6674.84,6915.73,405769271.51
1535414400000,6915.92,7136.71,6877.2,7091.38,487789642.00000006
1535500800000,7091.38,7137.47,6944.76,7052.0,356139022.29
1535587200000,7051.61,7072.64,6818.69,6998.76,425475685.5499999
1535673600000,6998.76,7096.73,6903.08,7026.96,349131152.79
1535760000000,7026.96,7272.03,7025.58,7203.46,300301833.37
1535846400000,7203.46,7384.38,7144.71,7301.26,447453370.84000003
1535932800000,7301.25,7350.58,7204.89,7270.05,309327793.2900001
1536019200000,7270.05,7417.65,7246.76,7369.86,343762001.56
1536105600000,7369.89,7401.43,6694.06,6705.03,797851163.64
1536192000000,6705.06,6727.19,6295.11,6515.42,823309044.2800001
1536278400000,6515.42,6549.39,6345.48,6411.78,344487243.98999995
1536364800000,6413.12,6480.57,6134.76,6200.16,317380272.1
1536451200000,6200.23,6451.25,6161.83,6249.07,244400344.43000004
1536537600000,6249.07,6371.42,6247.64,6324.43,320435279.63000005
1536624000000,6324.43,6415.51,6199.19,6295.54,324512939.8600001
1536710400000,6295.54,6357.89,6208.28,6337.11,332537236.17
1536796800000,6337.08,6534.89,6337.08,6492.0,425090869.75
1536883200000,6492.17,6591.59,6393.84,6486.01,377989402.0
1536969600000,6485.39,6573.19,6473.47,6522.08,208349557.0
1537056000000,6522.68,6525.05,6404.31,6502.44,200545603.13000005
1537142400000,6502.44,6538.82,6216.83,6261.48,399675966.34
1537228800000,6261.33,6393.39,6238.25,6346.44,348485895.4
1537315200000,6346.44,6522.9,6131.02,6398.8,452379323.07
1537401600000,6398.83,6551.93,6345.15,6505.9,552065654.02
1537488000000,6505.97,6785.22,6501.01,6762.06,569642976.2399999
1537574400000,6762.07,6834.49,6633.01,6716.6,261159308.21999997
1537660800000,6716.6,6768.56,6663.9,6702.7,169080003.37000003
1537747200000,6702.73,6717.6,6557.82,6583.53,324660682.65000004
1537833600000,6583.53,6694.34,6333.21,6437.74,1268962980.2699997
1537920000000,6437.74,6543.92,6383.16,6462.6,264402806.67
1538006400000,6462.6,6733.94,6434.76,6686.13,345096700.06
1538092800000,6686.13,6806.1,6545.41,6635.38,497340510.08000004
1538179200000,6635.4,6635.42,6474.23,6603.75,478737020.65
1538265600000,6603.75,6741.96,6543.68,6623.71,174302164.07
1538352000000,6623.82,6662.6,6510.54,6594.98,256959931.62000003
1538438400000,6594.98,6618.95,6478.04,6525.47,267166277.81
1538524800000,6525.46,6537.07,6428.98,6492.26,306385346.57
1538611200000,6492.61,6622.32,6486.86,6579.79,277614018.4499999
1538697600000,6580.0,6683.55,6546.98,6632.87,262562344.98000002
1538784000000,6632.88,6637.08,6563.25,6589.94,162722103.97000003
1538870400000,6589.94,6622.49,6535.02,6601.15,179378859.36999997
1538956800000,6601.46,6698.31,6565.01,6650.07,313507433.76
1539043200000,6650.07,6657.0,6589.39,6631.79,213976678.25
1539129600000,6631.79,6633.22,6487.86,6581.07,323664963.17999995
1539216000000,6581.07,6581.59,6171.95,6209.47,654924117.8
1539302400000,6209.47,6296.56,6173.86,6250.85,289840137.46000004
1539388800000,6252.1,6280.73,6238.92,6267.27,137705035.60999998
1539475200000,6267.27,6346.56,6247.17,6277.73,215422888.18999997
1539561600000,6277.73,7234.83,6244.77,6612.36,1190524168.22
1539648000000,6612.69,6724.91,6545.54,6583.05,324232509.78
1539734400000,6583.05,6589.2,6511.6,6574.52,220418636.60999998
1539820800000,6576.4,6616.27,6445.05,6488.72,331761115.47999996
1539907200000,6489.37,6503.09,6449.36,6469.28,237855085.41
1539993600000,6469.28,6645.2,6395.45,6490.56,127185847.76000004
1540080000000,6490.6,6557.39,6474.47,6509.87,105283929.04
1540166400000,6509.87,6531.23,6460.38,6483.23,202766914.39
1540252800000,6484.32,6496.2,6438.99,6470.22,220913293.61
1540339200000,6470.63,6538.35,6465.73,6476.25,222068131.81999996
1540425600000,6476.52,6497.9,6432.3,6462.77,231214963.96
1540512000000,6462.77,6514.0,6441.81,6457.21,215447656.35
1540598400000,6457.21,6479.0,6445.95,6470.17,124066466.35
1540684800000,6470.17,6483.24,6444.74,6470.74,109118160.96999998
1540771200000,6470.74,6483.39,6282.58,6313.91,342463526.51000005
1540857600000,6314.38,6340.68,6286.3,6309.11,269592154.09999996
1540944000000,6309.11,6391.25,6241.49,6342.61,245357244.51999998
1541030400000,6342.81,6402.59,6322.6,6381.3,199861220.45
1541116800000,6381.3,6420.93,6371.57,6394.66,179385606.68
1541203200000,6394.65,6398.09,6336.96,6376.32,183565304.27
1541289600000,6376.55,6498.16,6351.92,6467.05,175805188.94
1541376000000,6467.05,6475.8,6406.69,6433.74,155758902.32000002
1541462400000,6433.53,6482.81,6412.56,6479.72,239808254.24
1541548800000,6479.72,6562.79,6476.59,6529.68,360052788.55999994
1541635200000,6530.94,6542.42,6438.27,6446.06,273205386.69
1541721600000,6446.06,6457.97,6352.45,6377.99,237893036.71000007
1541808000000,6377.99,6419.92,6376.17,6396.37,94313328.60000001
1541894400000,6396.39,6414.18,6326.38,6408.18,130156001.55999999
1541980800000,6408.18,6435.41,6350.87,6375.08,181575610.86
1542067200000,6375.08,6389.43,6315.58,6339.17,227689745.74
1542153600000,6339.17,6375.7,5469.93,5741.47,1045469380.1700003
1542240000000,5740.51,5767.06,5300.75,5647.5,820864013.9600002
1542326400000,5647.5,5676.54,5487.87,5586.27,397196182.85999995
1542412800000,5586.97,5602.01,5524.7,5568.94,164182152.18
1542499200000,5567.95,5701.35,5567.95,5615.26,233409182.43
1542585600000,5615.26,5615.98,4757.01,4809.62,1072037780.4500002
1542672000000,4809.62,4953.56,4168.25,4441.81,1433400842.16
1542758400000,4441.81,4689.55,4315.58,4593.04,686284917.85
1542844800000,4593.04,4640.72,4297.21,4320.68,376852837.5799999
1542931200000,4320.68,4419.48,4157.19,4343.42,521825987.7300001
1543017600000,4343.42,4432.0,3741.2,3854.11,503028289.38
1543104000000,3854.11,4165.93,3550.04,4004.15,819869496.2
1543190400000,4004.46,4124.7,3598.81,3784.59,715341714.7099998
1543276800000,3784.77,3878.9,3613.11,3822.99,555212127.53
1543363200000,3822.99,4398.57,3822.94,4263.55,726808596.55
1543449600000,4263.52,4444.39,4130.68,4286.69,479575430.64
1543536000000,4286.85,4331.07,3916.3,4009.67,497762735.41999996
1543622400000,4009.67,4309.65,3942.62,4197.46,280927570.34
1543708800000,4197.7,4318.79,4077.67,4143.86,262154694.41
1543795200000,4143.86,4159.01,3795.18,3871.41,423985399.8200001
1543881600000,3871.41,4082.68,3770.92,3948.44,373361232.89
1543968000000,3948.44,3961.8,3719.19,3737.53,320944415.6600001
1544054400000,3737.53,3883.43,3467.92,3485.18,590923562.4200001
1544140800000,3485.18,3576.11,3248.0,3420.57,699930576.16
1544227200000,3420.57,3602.49,3295.21,3461.07,357552449.78000003
1544313600000,3461.07,3718.58,3436.5,3592.84,295321498.65000004
1544400000000,3592.84,3645.49,3416.77,3467.16,287141843.7699999
1544486400000,3467.16,3483.58,3348.98,3401.02,230671778.42000002
1544572800000,3401.02,3545.37,3380.48,3485.59,257293632.75
1544659200000,3485.59,3493.76,3272.81,3305.11,286236674.73999995
1544745600000,3305.11,3333.24,3180.97,3235.48,291055654.7300001
1544832000000,3235.48,3271.76,3169.53,3232.51,165383412.2
1544918400000,3232.51,3319.83,3227.4,3255.37,148182655.42
1545004800000,3255.37,3639.65,3239.06,3548.19,412454521.39000005
1545091200000,3548.19,3727.99,3481.46,3715.85,327807644.75000006
1545177600000,3715.85,3969.7,3693.57,3736.54,620695447.3800001
1545264000000,3736.54,4225.52,3712.82,4137.66,724855205.5000001
1545350400000,4137.66,4247.71,3831.2,3898.81,516656937.14
1545436800000,3898.81,4060.34,3849.23,4045.24,250085915.72000006
1545523200000,4045.24,4117.65,3972.39,4007.63,235997621.20999998
1545609600000,4007.63,4303.37,4006.6,4081.95,459290147.25
1545696000000,4081.95,4094.61,3734.85,3834.73,367200910.65
1545782400000,3834.73,3923.93,3746.86,3848.78,263439573.84
1545868800000,3848.78,3888.92,3622.39,3646.09,305729129.12
1545955200000,3646.09,4007.71,3628.43,3947.86,353705007.17
1546041600000,3947.86,4004.14,3774.38,3797.06,214891355.44
1546128000000,3797.06,3925.18,3760.8,3896.21,191958416.82
1546214400000,3896.21,3904.28,3701.48,3747.39,206190463.73999998
1546300800000,3747.39,3938.75,3696.94,3880.15,170598307.98999998
1546387200000,3880.15,3989.59,3826.29,3961.01,210854603.82999998
1546473600000,3961.01,3965.52,3778.76,3835.86,176488072.05999997
1546560000000,3835.86,3901.65,3783.88,3874.06,401278599.0699999
1546646400000,3890.3,3952.42,3769.08,3855.39,974929866.0599998
1546732800000,3855.39,4145.16,3796.42,4102.85,994390293.02
1546819200000,4102.85,4132.62,4001.35,4050.4,209289368.12000003
1546905600000,4050.4,4156.16,3990.34,4040.75,268091045.43999997
1546992000000,4040.75,4092.91,4013.0,4048.34,223639028.93000004
1547078400000,4048.34,4085.09,3631.07,3668.15,412522198.12
1547164800000,3668.15,3729.69,3616.41,3669.2,231465488.10000002
1547251200000,3669.2,3692.12,3611.2,3664.38,103912541.38
1547337600000,3664.38,3675.2,3528.24,3551.24,164125048.97000003
1547424000000,3551.24,3748.88,3544.53,3703.9,204793029.92000002
1547510400000,3703.9,3724.3,3590.49,3621.24,198582447.52999997
1547596800000,3621.24,3704.37,3611.38,3643.99,196211595.52999997
1547683200000,3643.99,3695.28,3586.92,3685.3,168287506.1
1547769600000,3685.3,3685.39,3620.44,3648.05,118317804.99000002
1547856000000,3648.05,3799.62,3643.01,3729.78,143238228.41000003
1547942400000,3729.78,3754.65,3529.25,3567.73,177628515.92000002
1548028800000,3567.73,3599.83,3535.19,3571.92,129002622.91000001
1548115200000,3571.92,3635.69,3473.77,3602.04,191355241.82999998
1548201600000,3602.04,3631.15,3543.96,3572.05,135864247.54999998
1548288000000,3572.05,3616.33,3546.5,3598.52,113155246.94999999
1548374400000,3598.52,3607.43,3539.41,3582.89,116674680.75000001
1548460800000,3582.89,3676.4,3578.62,3596.5,105927045.53999999
1548547200000,3596.5,3605.99,3511.29,3565.08,93766117.66999999
1548633600000,3565.08,3567.56,3402.56,3453.42,206309738.63000005
1548720000000,3453.42,3463.2,3369.19,3418.25,158106686.99999997
1548806400000,3418.25,3488.91,3395.94,3467.21,146422486.09999996
1548892800000,3467.21,3499.78,3422.83,3434.13,128773893.14
1548979200000,3434.13,3478.55,3398.96,3461.63,144476056.43
1549065600000,3461.63,3519.14,3441.21,3508.68,94144187.11999999
1549152000000,3508.68,3514.43,3424.42,3449.62,79591219.07
1549238400000,3449.62,3470.8,3429.21,3431.24,82280894.53999999
1549324800000,3431.24,3447.88,3415.67,3447.66,84042727.18
1549411200000,3447.66,3459.33,3362.24,3394.89,150408587.84999996
1549497600000,3394.89,3406.54,3369.1,3375.33,97390901.91999997
1549584000000,3375.33,3735.1,3363.32,3660.03,317023029.45000005
1549670400000,3660.03,3673.71,3616.11,3652.26,94200588.33
1549756800000,3652.26,3719.1,3572.03,3685.14,585258235.7
1549843200000,3685.14,3688.59,3608.18,3611.34,146354074.38
1549929600000,3611.34,3648.67,3574.22,3617.41,164816438.52999997
1550016000000,3617.41,3655.89,3590.01,3605.87,146822348.56
1550102400000,3605.87,3619.7,3567.39,3588.72,117804856.33000004
1550188800000,3588.72,3640.65,3575.95,3593.49,130398989.32000001
1550275200000,3593.49,3639.75,3592.04,3617.24,86973822.78
1550361600000,3617.24,3706.17,3601.89,3670.92,889311613.16
1550448000000,3670.92,3952.44,3661.42,3912.57,376203280.44000006
1550534400000,3912.57,4010.91,3882.52,3924.24,292137057.43
1550620800000,3924.24,3992.31,3898.91,3974.05,209282292.49999994
1550707200000,3974.05,4026.54,3900.28,3937.04,187314178.84999993
1550793600000,3937.04,3996.15,3917.66,3983.53,170405341.78000006
1550880000000,3983.53,4192.39,3948.48,4149.09,584180592.5899999
1550966400000,4149.09,4221.62,3755.38,3771.62,319071544.93
1551052800000,3771.62,3885.06,3771.53,3845.51,185036583.31999996
1551139200000,3845.51,3852.66,3791.9,3817.88,126868886.86999997
1551225600000,3817.88,3851.84,3699.53,3830.72,175069054.72
1551312000000,3830.72,3909.86,3798.0,3823.37,170646670.66000003
1551398400000,3823.37,3866.12,3822.67,3831.48,101774924.72000001
1551484800000,3831.48,3846.38,3790.74,3842.94,73894412.95
1551571200000,3842.94,3853.28,3788.04,3812.31,64065044.769999996
1551657600000,3812.31,3857.31,3705.14,3731.28,269948794.21
1551744000000,3731.28,3893.52,3720.49,3874.18,165062256.27
1551830400000,3874.18,3916.29,3839.39,3874.98,129520549.48
1551916800000,3874.98,3911.76,3853.2,3882.61,146201726.65
1552003200000,3882.61,3932.02,3804.98,3868.02,153405087.61
1552089600000,3868.02,3975.25,3860.66,3947.74,108370246.05
1552176000000,3947.74,3948.21,3897.82,3929.84,68252920.51
1552262400000,3929.84,3941.99,3849.45,3874.89,126998648.58999999
1552348800000,3874.89,3904.7,3827.23,3888.57,130291591.52999999
1552435200000,3888.57,3898.25,3853.06,3878.44,108286926.77999999
1552521600000,3878.44,3922.21,3825.03,3881.44,133931876.1
1552608000000,3881.44,3935.1,3876.17,3927.08,125588541.01
1552694400000,3927.08,4069.11,3924.98,4027.01,166216280.54000005
1552780800000,4027.01,4030.38,3970.97,3998.0,68146133.16000001
1552867200000,3998.0,4038.99,3964.31,3988.85,109428478.55000001
1552953600000,3988.85,4032.04,3972.47,4024.14,118919147.35000001
1553040000000,4024.14,4064.95,3995.49,4056.75,148490744.88000003
1553126400000,4056.75,4082.29,3953.53,3996.93,178077036.21
1553212800000,3996.93,4018.21,3984.0,4000.84,90726555.77
1553299200000,4000.84,4019.36,3982.47,4007.21,74094017.69999999
1553385600000,4007.21,4010.3,3970.35,3994.11,64375076.75000001
1553472000000,3994.11,4005.29,3887.68,3924.55,136398998.16
1553558400000,3924.55,3943.2,3902.52,3942.22,93805733.55
1553644800000,3942.22,4054.32,3932.79,4045.98,149005782.25999996
1553731200000,4045.98,4046.44,4014.69,4036.45,102296341.2
1553817600000,4036.45,4122.89,4031.22,4111.38,170915132.78999996
1553904000000,4111.38,4146.88,4066.87,4118.13,102400533.83
1553990400000,4118.13,4129.43,4098.79,4112.69,56727425.18999999
1554076800000,4112.69,4164.33,4082.2,4151.32,152826759.04000002
1554163200000,4151.32,5104.42,4147.7,4906.93,814748125.72
1554249600000,4906.93,5335.7,4831.59,4976.59,809158339.99
1554336000000,4976.59,5071.98,4799.77,4913.36,370109007.61
1554422400000,4913.36,5074.13,4897.61,5047.23,280722247.29
1554508800000,5047.23,5240.19,4938.0,5057.25,275839573.81000006
1554595200000,5057.25,5266.04,5044.28,5201.16,993477357.79
1554681600000,5201.16,5347.88,5141.23,5294.09,366577921.15
1554768000000,5294.09,5294.09,5159.13,5201.3,253577595.35999998
1554854400000,5201.3,5460.94,5178.61,5318.6,349643837.48
1554940800000,5318.6,5343.66,4987.65,5048.56,356812822.08
1555027200000,5048.56,5118.61,4927.62,5081.5,220667543.6
1555113600000,5081.5,5128.96,5056.19,5080.66,118956124.91
1555200000000,5080.66,5186.82,5031.2,5165.59,108148233.82
1555286400000,5165.59,5195.31,4969.31,5037.27,205867031.18
1555372800000,5037.27,5232.03,5029.16,5212.81,207311534.28
1555459200000,5212.81,5270.76,5190.81,5236.26,194699629.17000005
1555545600000,5236.26,5317.78,5232.99,5289.75,187312150.45999998
1555632000000,5289.75,5353.01,5212.18,5295.53,158699049.54999998
1555718400000,5295.53,5366.6,5274.45,5326.18,123577001.55999997
1555804800000,5326.18,5348.59,5232.77,5305.74,134681237.4
1555891200000,5305.74,5444.76,5265.73,5394.67,242498187.66
1555977600000,5394.67,5626.83,5371.31,5539.1,368556751.67
1556064000000,5539.1,5633.0,5390.98,5454.58,339093001.24
1556150400000,5454.58,5521.61,5031.69,5162.67,374798664.86
1556236800000,5162.67,5361.94,5104.18,5234.09,366773360.1800001
1556323200000,5234.09,5282.97,5192.45,5233.47,114603527.72999996
1556409600000,5233.47,5313.7,5218.42,5272.45,133564683.50999999
1556496000000,5272.45,5299.51,5162.81,5237.96,167206787.27
1556582400000,5237.96,5372.23,5224.64,5350.64,172540196.25
1556668800000,5350.64,5417.17,5346.7,5389.54,147345369.73
1556755200000,5389.54,5531.15,5387.29,5500.72,192256639.91
1556841600000,5500.72,5891.9,5484.78,5753.38,432335283.6199999
1556928000000,5753.38,5901.36,5596.15,5840.08,263390273.65999997
1557014400000,5840.08,5849.5,5709.74,5794.14,147662500.75999996
1557100800000,5794.14,5823.67,5644.15,5748.17,200316185.52000004
1557187200000,5748.17,6031.54,5748.17,5819.57,353043890.9399999
1557273600000,5819.57,6032.25,5753.08,5998.71,241917027.37000003
1557360000000,5998.71,6194.91,5988.65,6171.96,310336580.18000007
1557446400000,6171.96,6444.57,6133.21,6358.29,430403405.13
1557532800000,6358.29,7394.94,6357.02,7191.36,933141315.9399999
1557619200000,7191.36,7541.61,6793.21,6977.63,1023203366.47
1557705600000,6977.63,8127.75,6873.42,7806.36,1140302646.5900002
1557792000000,7806.36,8297.02,7631.34,7980.13,976094121.2800002
1557878400000,7980.13,8263.29,7849.92,8183.83,694202804.3200002
1557964800000,8183.83,8352.25,7679.05,7874.11,762104107.71
1558051200000,7874.11,7930.98,6668.67,7371.96,1023961962.8499998
1558137600000,7371.96,7491.67,7213.72,7266.08,303317486.96
1558224000000,7266.08,8281.66,7257.26,8193.14,723011166.17
1558310400000,8193.14,8193.14,7591.85,7998.29,637617163.2600001
1558396800000,7998.29,8102.32,7807.77,7947.93,357803946.8400001
1558483200000,7947.93,8033.76,7533.66,7626.89,424501866.32
1558569600000,7626.89,7971.26,7478.74,7876.5,386766321.2
1558656000000,7876.5,8165.45,7801.57,7996.4,413162746.84999996
1558742400000,7996.4,8140.82,7948.68,8059.13,179206342.0
1558828800000,8059.13,8779.0,7894.53,8726.23,483663699.62
1558915200000,8726.23,8931.53,8668.46,8785.17,507164714.7499998
1559001600000,8785.17,8818.71,8562.2,8718.85,360752199.96000004
1559088000000,8718.85,8760.48,8444.1,8664.56,380343928.7
1559174400000,8664.56,9065.89,8027.21,8276.25,815525590.66
1559260800000,8276.25,8570.78,8116.0,8550.67,502056527.53999996
1559347200000,8550.67,8619.21,8459.65,8555.87,229736992.44999996
1559433600000,8555.87,8819.9,8547.48,8737.91,221708083.04999998
1559520000000,8737.91,8740.24,8073.18,8114.49,534972187.7099999
1559606400000,8114.49,8114.49,7463.94,7677.47,809220381.2599999
1559692800000,7677.47,7917.14,7591.88,7791.29,387021977.05
1559779200000,7791.29,7872.1,7467.52,7807.36,342084400.01000005
1559865600000,7807.36,8127.63,7767.37,8002.63,407241297.21000004
1559952000000,8002.63,8058.91,7796.46,7933.78,186055499.53000003
1560038400000,7933.78,7964.75,7535.9,7643.44,234551796.19
1560124800000,7643.44,8061.5,7533.53,8021.0,339520552.04999995
1560211200000,8021.0,8049.78,7724.58,7917.32,282632009.37
1560297600000,7917.32,8250.0,7834.57,8174.14,399065678.3600001
1560384000000,8174.14,8326.2,8053.65,8235.57,315594036.84999996
1560470400000,8235.57,8724.42,8180.39,8693.96,424131990.83
1560556800000,8693.96,8905.14,8621.48,8853.56,333656492.3900001
1560643200000,8853.56,9372.89,8800.96,8979.18,767025702.5
1560729600000,8979.18,9468.85,8976.99,9336.01,606269265.81
1560816000000,9336.01,9357.22,8941.83,9081.71,473016555.8500001
1560902400000,9081.71,9313.18,9045.47,9280.54,293070485.24
1560988800000,9280.54,9600.28,9219.81,9536.85,424436854.56999993
1561075200000,9536.85,10230.86,9536.85,10218.87,765543626.58
1561161600000,10218.87,11207.97,10086.32,10689.54,1240328392.4899998
1561248000000,10689.54,11285.51,10513.81,10855.99,619160985.9900001
1561334400000,10855.99,11100.92,10555.71,11035.74,565444720.4399999
1561420800000,11035.74,11778.22,10992.37,11740.34,943085334.5700003
1561507200000,11740.34,13826.76,11679.1,12913.28,2685872365.08
1561593600000,12913.28,13314.05,10335.34,11154.09,2345027203.81
1561680000000,11154.09,12433.0,10772.75,12355.06,1408438810.3200002
1561766400000,12355.06,12362.9,11352.27,11884.1,968516834.6100003
1561852800000,11884.1,12200.02,10677.83,10769.05,917158052.3899999
1561939200000,10769.05,11207.0,10006.43,10591.87,1225129699.5700002
1562025600000,10591.87,10927.6,9678.1,10844.13,1239524970.3999996
1562112000000,10844.13,12009.59,10841.91,11981.61,1313585829.8900003
1562198400000,11981.61,12055.11,11067.68,11156.52,831236841.56
1562284800000,11156.52,11435.38,10787.94,10993.25,734424868.0800002
1562371200000,10993.25,11709.27,10985.4,11248.94,549769169.1600001
1562457600000,11248.94,11605.43,11109.42,11474.28,418161890.29
1562544000000,11474.28,12386.28,11339.02,12296.16,762033323.2900001
1562630400000,12296.16,12808.06,12117.31,12567.02,993891866.3400002
1562716800000,12567.02,13183.73,11569.94,12099.12,1554955347.9
1562803200000,12099.12,12099.91,11002.39,11343.12,1185222449.6699998
1562889600000,11343.12,11931.91,11096.61,11797.37,647690095.1600001
1562976000000,11797.37,11835.87,10827.53,11363.97,668325183.2800001
1563062400000,11363.97,11447.92,10118.85,10204.41,814667763.3199999
1563148800000,10204.41,11070.18,9877.02,10850.26,965178341.6099999
1563235200000,10850.26,11025.76,9366.82,9423.44,1140137759.73
1563321600000,9423.44,9982.24,9086.51,9696.15,965256823.82
1563408000000,9696.15,10776.54,9292.61,10638.35,1033842556.6200001
1563494400000,10638.35,10757.41,10135.16,10532.94,658190962.51
1563580800000,10532.94,11094.32,10379.19,10759.42,608954333.21
1563667200000,10759.42,10833.99,10329.89,10586.71,405339891.13000005
1563753600000,10586.71,10676.6,10072.07,10325.87,524442852.25
1563840000000,10325.87,10328.44,9820.61,9854.15,529438124.07000005
1563926400000,9854.15,9920.54,9535.78,9772.14,531611909.4100001
1564012800000,9772.14,10184.43,9744.7,9882.43,403576364.35
1564099200000,9882.43,9890.05,9668.52,9847.45,312717110.0299999
1564185600000,9847.45,10202.95,9310.47,9478.32,512612117.05
1564272000000,9478.32,9591.52,9135.64,9531.77,267243770.15
1564358400000,9531.77,9717.69,9386.9,9506.93,299936368.38000005
1564444800000,9506.93,9749.53,9391.78,9595.52,276402322.58
1564531200000,9595.52,10123.94,9581.6,10089.25,416343142.54
1564617600000,10089.25,10488.81,9890.49,10409.79,442037342.04999995
1564704000000,10409.79,10666.64,10340.82,10528.99,463688251.78
1564790400000,10528.99,10915.0,10509.35,10820.41,367536516.76000005
1564876800000,10820.41,11074.95,10572.24,10978.91,431699306.3600001
1564963200000,10978.91,11945.38,10978.89,11807.96,870917186.9599999
1565049600000,11807.96,12316.85,11224.1,11467.1,949534019.9899998
1565136000000,11467.1,12138.55,11393.98,11974.28,834719365.8000001
1565222400000,11974.28,12042.87,11498.04,11982.8,588463519.9200001
1565308800000,11982.8,12027.57,11674.06,11865.21,464214586.71000004
1565395200000,11865.21,11971.35,11232.42,11293.59,470049694.44
1565481600000,11293.59,11584.35,11119.32,11549.06,292814721.19000006
1565568000000,11549.06,11554.74,11240.38,11387.41,229908138.9
1565654400000,11387.41,11439.48,10765.3,10872.0,483240069.78000003
1565740800000,10872.0,10873.44,9924.58,10031.89,728247545.7600001
1565827200000,10031.89,10451.61,9497.12,10308.51,842979140.9000003
1565913600000,10308.51,10544.97,9764.32,10360.43,635040831.47
1566000000000,10360.43,10474.64,10010.76,10220.75,251018339.59
1566086400000,10220.75,10512.89,10079.46,10326.25,223456175.82999995
1566172800000,10326.25,10937.26,10278.31,10922.16,426168059.97
1566259200000,10922.16,10956.06,10576.37,10770.76,332208752.0300001
1566345600000,10770.76,10805.7,9870.07,10131.67,584554031.6800001
1566432000000,10131.67,10231.99,9777.06,10104.11,380411207.72
1566518400000,10104.11,10468.14,10053.67,10410.49,324471966.31
1566604800000,10410.49,10430.99,9911.2,10150.07,283755017.72
1566691200000,10150.07,10353.95,9907.03,10141.75,259448931.14000002
1566777600000,10141.75,10626.93,10141.75,10364.91,437989368.72
1566864000000,10364.91,10381.92,10038.26,10175.47,269489962.46
1566950400000,10175.47,10281.59,9600.83,9722.83,486936428.33000004
1567036800000,9722.83,9724.52,9344.69,9492.81,406305621.25
1567123200000,9492.81,9699.85,9368.27,9587.25,276606372.8900001
1567209600000,9587.25,9714.11,9512.03,9624.54,148320616.41
1567296000000,9624.54,9823.53,9578.66,9768.36,149995549.70999998
1567382400000,9768.36,10459.0,9764.76,10387.5,429220162.81000006
1567468800000,10387.5,10773.27,10296.3,10625.1,550564712.8100001
1567555200000,10625.1,10827.14,10392.88,10585.2,436210232.44
1567641600000,10585.2,10659.6,10475.88,10556.16,253210793.59000003
1567728000000,10556.16,10938.39,10228.17,10309.91,577987384.81
1567814400000,10309.91,10574.99,10304.22,10491.96,197436363.35999998
1567900800000,10491.96,10595.71,10286.85,10420.88,198370974.82000002
1567987200000,10420.88,10514.59,10101.87,10314.88,340516851.62
1568073600000,10314.88,10395.1,9966.94,10109.46,266382297.99999994
1568160000000,10109.46,10251.97,9874.13,10165.01,283998084.25000006
1568246400000,10165.01,10472.07,10057.09,10428.96,275877681.6
1568332800000,10428.96,10591.45,9855.34,10372.29,251594742.16
1568419200000,10372.29,10455.38,10251.96,10365.56,161565882.04
1568505600000,10365.56,10401.53,10279.58,10313.02,120645589.36000001
1568592000000,10313.02,10411.06,10103.87,10271.79,280632567.98999995
1568678400000,10271.79,10297.99,10152.47,10198.62,221966422.12000003
1568764800000,10198.62,10272.19,10100.9,10163.38,221697128.63
1568851200000,10163.38,10368.46,9641.11,10281.03,456963432.59999996
1568937600000,10281.03,10321.18,10065.55,10176.38,213229233.56000006
1569024000000,10176.38,10187.64,9944.61,9988.38,179453539.42999998
1569110400000,9988.38,10096.66,9871.97,10036.98,178007946.6
1569196800000,10036.98,10073.79,9636.2,9694.6,327752087.23
1569283200000,9694.6,9787.58,8107.01,8542.54,1084866143.86
1569369600000,8542.54,8752.2,8246.24,8446.97,631898763.5600002
1569456000000,8446.97,8471.02,7753.71,8074.99,652614929.71
1569542400000,8074.99,8304.22,7888.5,8201.36,390323710.87
1569628800000,8201.36,8345.03,8044.45,8223.65,244186983.14999998
1569715200000,8223.65,8265.99,7943.33,8065.26,226712656.13999996
1569801600000,8065.26,8372.24,7736.96,8314.62,407250929.35999995
1569888000000,8314.62,8537.6,8212.01,8326.64,355446344.42
1569974400000,8326.64,8403.51,8186.3,8391.52,205325219.16000003
1570060800000,8391.52,8434.63,8105.02,8246.3,250685863.87
1570147200000,8246.3,8267.11,8021.3,8168.05,214500278.91000003
1570233600000,8168.05,8232.25,8052.51,8172.48,141685742.44
1570320000000,8172.48,8221.03,7822.65,7868.31,239636660.01000005
1570406400000,7868.31,8326.01,7798.09,8215.11,321239400.7300001
1570492800000,8215.11,8354.19,8126.71,8191.87,173334218.06000003
1570579200000,8191.87,8697.56,8132.74,8593.16,398201725.28999996
1570665600000,8593.16,8672.58,8466.13,8596.57,250267419.87
1570752000000,8596.57,8834.11,8259.77,8278.05,326882172.4200001
1570838400000,8278.05,8439.44,8272.12,8316.66,92609964.74
1570924800000,8316.66,8498.59,8194.16,8296.34,168896951.17000002
1571011200000,8296.34,8414.24,8228.06,8363.94,146015532.86
1571097600000,8363.94,8439.31,8116.92,8173.48,205674618.32
1571184000000,8173.48,8193.41,7945.77,8014.39,274670310.11999995
1571270400000,8014.39,8145.5,7948.95,8082.46,175172893.7
1571356800000,8082.46,8157.36,7850.66,7972.62,221065928.42
1571443200000,7972.62,8108.69,7919.05,7973.63,143202359.40000004
1571529600000,7973.63,8326.13,7911.49,8247.25,205394286.05
1571616000000,8247.25,8359.52,8177.11,8223.25,188511539.88
1571702400000,8223.25,8318.41,8021.36,8034.5,200593851.4
1571788800000,8034.5,8071.8,7336.06,7479.54,457672451.4199999
1571875200000,7479.54,7524.31,7370.13,7444.2,213663114.76
1571961600000,7444.2,8783.85,7431.2,8671.1,656574822.3600001
1572048000000,8671.1,10380.48,8654.84,9258.98,1457875080.4199996
1572134400000,9258.98,9805.42,9114.58,9550.6,614726341.05
1572220800000,9550.6,9934.71,9201.49,9222.23,522287119.68000007
1572307200000,9222.23,9565.11,9099.36,9432.86,377872980.9
1572393600000,9432.86,9441.8,9018.3,9169.86,315824657.2199999
1572480000000,9169.86,9423.16,8972.0,9157.52,329788397.2
1572566400000,9157.52,9308.62,9072.62,9260.59,251360754.53
1572652800000,9260.59,9400.44,9223.46,9311.99,159847329.63000003
1572739200000,9311.99,9396.1,9108.22,9221.61,144662760.97000003
1572825600000,9221.61,9578.74,9141.0,9421.54,275923701.69
1572912000000,9421.54,9495.36,9196.64,9323.61,233491267.39999998
1572998400000,9323.61,9455.53,9269.82,9347.27,208985449.51
1573084800000,9347.27,9382.63,9114.14,9208.52,196879610.58999997
1573171200000,9208.52,9263.83,8682.74,8772.31,371135404.9700001
1573257600000,8772.31,8881.08,8732.62,8822.19,116025279.27000001
1573344000000,8822.19,9126.98,8767.94,9045.85,162649216.88
1573430400000,9045.85,9084.49,8619.78,8726.31,226035620.36999997
1573516800000,8726.31,8868.85,8576.09,8815.14,194901130.09000003
1573603200000,8815.14,8840.33,8721.68,8773.82,138900524.49
1573689600000,8773.82,8811.04,8584.92,8640.42,164630654.05000004
1573776000000,8640.42,8773.4,8393.29,8468.57,267441968.16
1573862400000,8468.57,8539.42,8442.03,8498.94,79597461.02
1573948800000,8498.94,8641.12,8411.3,8515.28,122271717.67999998
1574035200000,8515.28,8537.87,8075.63,8190.16,250358969.38
1574121600000,8190.16,8215.95,8016.54,8133.57,198180594.32
1574208000000,8133.57,8232.23,8047.73,8093.6,147086043.42999998
1574294400000,8093.6,8133.73,7437.33,7632.59,354377783.29999995
1574380800000,7632.59,7721.9,6815.03,7292.2,680349857.2000002
1574467200000,7292.2,7368.18,7119.41,7339.24,185099411.38000003
1574553600000,7339.24,7364.59,6888.89,6930.09,249710266.28000003
1574640000000,6930.09,7386.06,6560.13,7138.23,596056755.8300002
1574726400000,7138.23,7350.44,7042.5,7170.11,259675008.68
1574812800000,7170.11,7681.51,6873.1,7531.5,485895588.22999996
1574899200000,7531.5,7663.45,7388.79,7442.33,225350756.08999994
1574985600000,7442.33,7872.17,7425.49,7769.38,285280637.59999996
1575072000000,7769.38,7821.01,7487.1,7571.77,189533166.63
1575158400000,7571.77,7575.5,7261.95,7420.53,226245528.67000002
1575244800000,7420.53,7442.62,7193.09,7320.94,184009273.34
1575331200000,7320.94,7420.34,7260.93,7313.64,135997337.7
1575417600000,7313.64,7764.68,7110.76,7207.78,360525572.36999995
1575504000000,7207.78,7492.96,7175.85,7406.75,220875659.78000006
1575590400000,7406.75,7607.79,7323.86,7558.58,209851296.56
1575676800000,7558.58,7640.51,7503.1,7514.86,106572219.76999998
1575763200000,7514.86,7594.8,7414.51,7539.7,120000308.77999999
1575849600000,7539.7,7667.04,7296.42,7350.62,262161330.43
1575936000000,7350.62,7403.64,7176.42,7233.84,170419385.86
1576022400000,7233.84,7284.74,7167.13,7212.01,143267855.42
1576108800000,7212.01,7307.96,7105.35,7199.39,201666958.30999994
1576195200000,7199.39,7308.08,7199.39,7261.72,135777984.58999997
1576281600000,7261.72,7283.78,7033.14,7080.29,111796861.40999998
1576368000000,7080.29,7204.93,7030.37,7132.39,113742866.16999999
1576454400000,7132.39,7172.46,6869.19,6897.33,278223344.11
1576540800000,6897.33,6948.12,6585.46,6635.84,310739632.43
1576627200000,6635.84,7442.26,6450.69,7294.53,491429584.43999994
1576713600000,7294.53,7376.98,7057.66,7159.26,249541907.14999998
1576800000000,7159.26,7234.56,7094.06,7203.41,168963964.58
1576886400000,7203.41,7213.86,7132.82,7159.47,86864836.50999999
1576972800000,7159.47,7527.4,7143.17,7517.58,200586646.53
1577059200000,7517.58,7694.65,7275.28,7326.6,336425000.05999994
1577145600000,7326.6,7429.42,7175.5,7260.91,203013413.87
1577232000000,7260.91,7280.52,7132.3,7202.72,108513256.35999997
1577318400000,7202.72,7442.21,7167.44,7207.23,169067214.27000004
1577404800000,7207.23,7267.46,7061.61,7253.82,183588691.22999996
1577491200000,7253.82,7368.09,7253.61,7316.23,106581355.24000001
1577577600000,7316.23,7540.65,7295.33,7399.49,135257936.55
1577664000000,7399.49,7414.07,7224.79,7234.44,168180498.64999998
1577750400000,7234.44,7325.24,7141.94,7183.88,140384995.26
1577836800000,7183.88,7267.16,7171.82,7189.94,85986188.10000001
1577923200000,7189.94,7224.84,6945.83,6965.72,187393954.34000003
1578009600000,6965.72,7407.11,6882.62,7339.7,376690440.3600001
1578096000000,7339.7,7405.75,7278.6,7357.5,162106895.04000002
1578182400000,7357.5,7501.42,7330.07,7359.96,179147746.87
1578268800000,7359.96,7799.63,7355.11,7762.69,352286216.57000005
1578355200000,7762.69,8218.63,7736.57,8160.36,600054472.25
1578441600000,8160.36,8458.65,7873.97,8045.15,699004342.6699998
1578528000000,8045.15,8047.11,7757.04,7817.35,316199456.87000006
1578614400000,7817.35,8192.05,7682.56,8190.31,441131626.2700001
1578700800000,8190.31,8287.42,8003.87,8024.58,250060123.9
1578787200000,8024.58,8185.14,7968.4,8181.49,142197585.81
1578873600000,8181.49,8200.4,8057.37,8106.56,184437465.65
1578960000000,8106.56,8874.07,8106.4,8820.95,768098458.9999999
1579046400000,8820.95,8890.04,8559.93,8813.21,441186933.77000004
1579132800000,8813.21,8846.78,8586.56,8719.63,290989712.91
1579219200000,8719.63,9004.35,8665.99,8894.83,432856377.78000003
1579305600000,8894.83,8974.65,8807.26,8909.28,176837362.24
1579392000000,8909.28,9177.39,8508.15,8702.59,421483277.32
1579478400000,8702.59,8737.36,8521.52,8634.03,189247381.47
1579564800000,8634.03,8771.75,8479.9,8724.84,196404470.18
1579651200000,8724.84,8793.74,8582.43,8667.26,149906743.87
1579737600000,8667.26,8680.93,8290.98,8394.28,323273085.38
1579824000000,8394.28,8517.5,8225.83,8431.78,233502998.73999998
1579910400000,8431.78,8444.32,8263.42,8345.88,119345600.29999998
1579996800000,8345.88,8605.33,8302.57,8602.37,189985702.22000003
1580083200000,8602.37,8991.01,8572.37,8898.94,329416202.6099999
1580169600000,8898.94,9407.39,8892.58,9391.97,471220882.56999993
1580256000000,9391.97,9429.16,9234.27,9286.18,345265419.2100001
1580342400000,9286.18,9561.26,9181.72,9501.38,430815723.67
1580428800000,9501.38,9518.87,9208.36,9342.23,292627757.99
1580515200000,9342.23,9455.92,9296.57,9384.45,138614091.60999998
1580601600000,9384.45,9469.84,9169.21,9334.25,225322638.39000002
1580688000000,9334.25,9605.66,9230.83,9288.96,312315107.48999995
1580774400000,9288.96,9347.12,9089.52,9171.98,244997961.96
1580860800000,9171.98,9750.28,9162.98,9611.42,448381299.87999994
1580947200000,9611.42,9853.08,9533.37,9755.84,410313693.84999996
1581033600000,9755.84,9866.18,9714.16,9808.36,249852208.27000007
1581120000000,9808.36,9936.26,9665.26,9898.25,244352034.44999996
1581206400000,9898.25,10162.71,9880.67,10157.78,340301629.7400002
1581292800000,10157.78,10185.09,9761.16,9858.03,406256357.79999995
1581379200000,9858.03,10370.44,9716.32,10269.43,495614707.99
1581465600000,10269.43,10475.43,10250.55,10347.93,449510878.91999996
1581552000000,10347.93,10500.54,10081.02,10233.32,507955951.95
1581638400000,10233.32,10387.37,10103.67,10360.37,297409586.8600001
1581724800000,10360.37,10388.6,9789.89,9905.43,300819428.5100001
1581811200000,9905.43,10042.6,9634.4,9925.51,272176494.52
1581897600000,9925.51,9958.46,9482.71,9702.48,359702988.15000004
1581984000000,9702.48,10274.35,9618.77,10182.6,382869718.91999996
1582070400000,10182.6,10300.04,9340.17,9602.43,473100344.44
1582156800000,9602.43,9698.59,9402.81,9608.8,352949373.65
1582243200000,9608.8,9766.16,9582.07,9697.86,293546157.48
1582329600000,9697.86,9720.21,9577.84,9671.46,118171544.81
1582416000000,9671.46,10011.4,9669.88,9977.39,228093371.60000005
1582502400000,9977.39,10019.3,9495.76,9664.21,331102536.15000004
1582588800000,9664.21,9682.05,9258.4,9316.18,329372824.73999995
1582675200000,9316.18,9379.07,8652.97,8793.5,588359496.46
1582761600000,8793.5,8978.84,8540.74,8821.5,413657559.37000006
1582848000000,8821.5,8908.8,8449.12,8719.29,360795192.35
1582934400000,8719.29,8815.63,8545.32,8545.45,146455562.42999998
1583020800000,8545.45,8776.71,8443.57,8549.38,219324311.08
1583107200000,8549.38,8983.78,8521.79,8919.74,290280969.43
1583193600000,8919.74,8940.69,8680.57,8765.68,252211805.91000003
1583280000000,8765.68,8863.91,8690.82,8773.78,194233894.04999998
1583366400000,8773.78,9179.74,8772.83,9074.82,305196274.31000006
1583452800000,9074.82,9183.26,9015.35,9160.39,192168163.60999995
1583539200000,9160.39,9225.42,8880.33,8903.72,187063951.76000002
1583625600000,8903.72,8920.28,8033.06,8057.67,533371350.2799999
1583712000000,8057.67,8200.82,7664.34,7944.4,682781069.2499999
1583798400000,7944.4,8165.09,7758.12,7894.66,427332546.47
1583884800000,7894.66,7998.79,7614.48,7945.36,372704355.25999993
1583971200000,7945.36,7984.16,4736.21,4916.78,1769476928.6600003
1584057600000,4916.78,5984.55,3948.92,5632.58,1663092005.8899999
1584144000000,5632.58,5665.57,5069.29,5181.77,474539626.47
1584230400000,5181.77,5961.78,5114.06,5357.02,568696762.62
1584316800000,5357.02,5364.93,4454.22,5045.0,996661883.3000001
1584403200000,5045.0,5561.43,4950.9,5337.66,618671971.76
1584489600000,5337.66,5451.02,5024.71,5413.06,576456805.6200001
1584576000000,5413.06,6418.99,5268.33,6184.88,868668216.68
1584662400000,6184.88,6932.04,5691.69,6206.44,947038097.6400001
1584748800000,6206.44,6459.65,5876.79,6195.43,415771088.6499999
1584835200000,6195.43,6415.14,5750.68,5828.15,457211401.97
1584921600000,5828.15,6614.56,5703.64,6503.53,667919370.2200001
1585008000000,6503.53,6857.49,6406.64,6767.18,700444488.15
1585094400000,6767.18,6980.29,6483.0,6694.21,566264216.0699999
1585180800000,6694.21,6796.12,6539.61,6757.95,302121295.0999999
1585267200000,6757.95,6876.97,6312.53,6382.8,381303011.55
1585353600000,6382.8,6384.56,6051.23,6252.49,378476570.99
1585440000000,6252.49,6286.96,5882.2,5882.2,286789900.15000004
1585526400000,5882.2,6616.94,5874.8,6403.31,445848282.12
1585612800000,6403.31,6531.66,6350.61,6423.61,233613490.17
1585699200000,6423.61,6716.04,6168.0,6663.63,377164250.72
1585785600000,6663.63,7245.15,6585.75,6804.42,635319847.5300001
1585872000000,6804.42,7044.01,6618.82,6743.68,379639119.54
1585958400000,6743.68,7010.45,6671.05,6875.95,230044243.33
1586044800000,6875.95,6910.39,6689.07,6781.64,182019861.56
1586131200000,6781.64,7359.05,6779.91,7347.22,560075869.58
1586217600000,7347.22,7462.51,7084.52,7201.57,516422836.6999999
1586304000000,7201.57,7425.85,7157.96,7367.37,445330043.7600001
1586390400000,7367.37,7374.01,7124.88,7294.55,321287689.9
1586476800000,7294.55,7304.8,6757.67,6876.49,440132415.16
1586563200000,6876.49,6956.27,6785.52,6887.6,171352839.68000004
1586649600000,6887.6,7199.97,6802.16,6913.76,297514761.29
1586736000000,6913.76,6913.76,6612.34,6859.43,426458894.17999995
1586822400000,6859.43,6986.75,6773.97,6879.44,307409556.71999997
1586908800000,6879.44,6937.49,6614.79,6629.54,336722796.72
1586995200000,6629.54,7207.11,6487.08,7114.55,685621725.4799999
1587081600000,7114.55,7155.17,7005.79,7037.12,324325510.8
1587168000000,7037.12,7304.35,7028.43,7264.29,258251102.84999996
1587254400000,7264.29,7276.84,7072.33,7132.88,211422409.65
1587340800000,7132.88,7225.23,6770.07,6842.45,452319848.97
1587427200000,6842.45,6948.78,6779.51,6855.11,305844254.31000006
1587513600000,6855.11,7165.43,6831.44,7135.41,308254465.66
1587600000000,7135.41,7731.56,7041.2,7489.25,599195847.97
1587686400000,7489.25,7607.28,7408.35,7509.44,389027134.46
1587772800000,7509.44,7708.4,7445.98,7546.92,227962632.36000004
1587859200000,7546.92,7705.3,7497.88,7701.35,251857766.26000005
1587945600000,7701.35,7790.33,7639.98,7787.41,374439201.75
1588032000000,7787.41,7791.85,7671.26,7760.32,297442241.62
1588118400000,7760.32,8952.44,7733.02,8784.96,1324299206.2500002
1588204800000,8784.96,9460.77,8416.64,8637.56,1439132256.65
1588291200000,8637.56,9066.47,8631.39,8829.12,620133839.6500001
1588377600000,8829.12,9013.29,8768.81,8981.11,321429140.4100001
1588464000000,8981.11,9197.48,8735.78,8907.19,534161419.8
1588550400000,8907.19,8968.9,8537.49,8881.65,568639005.1899999
1588636800000,8881.65,9119.13,8781.58,9029.75,538111122.64
1588723200000,9029.75,9408.99,8924.06,9153.2,818515486.37
1588809600000,9153.2,10064.33,9042.52,9999.93,1213223439.7
1588896000000,9999.93,10041.73,9728.64,9808.18,907665361.5900002
1588982400000,9808.18,9912.22,9525.77,9541.13,580103588.21
1589068800000,9541.13,9556.85,8228.22,8735.05,1159765920.8700001
1589155200000,8735.05,9164.84,8228.58,8568.88,1259789388.46
1589241600000,8568.88,8975.74,8541.95,8821.18,580579256.61
1589328000000,8821.18,9407.67,8807.57,9317.44,622255318.56
1589414400000,9317.44,9937.97,9263.29,9793.19,936692997.5899999
1589500800000,9793.19,9841.71,9149.13,9311.69,798930933.9399998
1589587200000,9311.69,9584.9,9224.32,9387.08,348262438.59999996
1589673600000,9387.08,9885.55,9334.23,9670.56,505834872.59
1589760000000,9670.56,9943.74,9476.37,9722.73,606235218.2799999
1589846400000,9722.73,9890.69,9471.96,9780.2,587660019.81
1589932800000,9780.2,9832.94,9323.82,9509.45,593918718.06
1590019200000,9509.45,9566.81,8811.54,9059.11,798218781.9499999
1590105600000,9059.11,9265.04,8936.82,9170.74,405255700.31999993
1590192000000,9170.74,9311.34,9101.08,9186.19,217819517.4
1590278400000,9186.19,9307.11,8707.14,8718.49,412753415.4699999
1590364800000,8718.49,8977.43,8639.46,8901.48,386241517.96999997
1590451200000,8901.48,9011.53,8705.66,8844.5,352930782.24
1590537600000,8844.5,9222.3,8820.55,9204.62,381475134.6
1590624000000,9204.62,9619.34,9112.3,9579.71,530613444.09999996
1590710400000,9579.71,9601.43,9344.8,9424.62,379875666.15000004
1590796800000,9424.62,9735.73,9340.45,9699.78,235049817.45000002
1590883200000,9699.78,9703.51,9400.25,9450.47,212143031.97000003
1590969600000,9450.47,10359.02,9421.6,10211.23,435270237.6700001
1591056000000,10211.23,10232.25,9344.53,9523.75,812990990.2700001
1591142400000,9523.75,9666.25,9408.56,9666.06,316212538.78000003
1591228800000,9666.06,9877.89,9470.9,9794.55,418578381.29
1591315200000,9794.55,9846.54,9611.19,9622.02,406449067.3800001
1591401600000,9622.02,9728.4,9536.15,9671.46,221180782.77000007
1591488000000,9671.46,9806.21,9410.33,9750.7,374577294.38
1591574400000,9750.7,9801.19,9658.72,9782.58,318606275.83
1591660800000,9782.58,9884.83,9604.13,9779.7,376816490.4
1591747200000,9779.7,9990.4,9708.63,9891.84,395005942.59
1591833600000,9891.84,9970.77,9093.42,9268.13,827582593.7200001
1591920000000,9268.13,9548.13,9238.24,9464.23,384322097.92999995
1592006400000,9464.23,9492.0,9363.89,9474.65,156509665.58
1592092800000,9474.65,9479.56,9251.02,9333.7,181308843.45000002
1592179200000,9333.7,9498.69,8909.5,9429.65,616170633.02
1592265600000,9429.65,9585.17,9383.33,9526.7,378768702.55
1592352000000,9526.7,9550.06,9243.06,9459.13,325191529.46000004
1592438400000,9459.13,9480.04,9276.18,9380.67,236301644.49
1592524800000,9380.67,9419.99,9239.58,9301.83,295439171.79
1592611200000,9301.83,9394.04,9179.1,9359.18,182464228.16
1592697600000,9359.18,9418.22,9282.53,9292.81,123480945.25999998
1592784000000,9292.81,9774.79,9283.26,9691.61,393567343.6700001
1592870400000,9691.61,9720.11,9580.47,9624.3,296221140.09999996
1592956800000,9624.3,9664.38,9206.05,9292.94,461570781.8
1593043200000,9292.94,9335.65,9000.53,9241.32,435446758.28000003
1593129600000,9241.32,9289.32,9041.42,9158.07,371373315.3
1593216000000,9158.07,9190.27,8867.34,9007.14,254990739.32000005
1593302400000,9007.14,9189.74,8946.05,9120.39,179558602.82999995
1593388800000,9120.39,9234.33,9026.42,9187.07,283764928.23999995
1593475200000,9187.07,9200.99,9068.77,9136.47,213905502.76000005
1593561600000,9136.47,9299.67,9097.33,9238.89,274835041.41
1593648000000,9238.89,9267.84,8954.67,9092.8,343433369.45
1593734400000,9092.8,9127.05,9047.38,9066.46,198428092.21000004
1593820800000,9066.46,9195.91,9052.4,9142.2,147598290.89999998
1593907200000,9142.2,9152.87,8935.9,9081.44,159006413.10000002
1593993600000,9081.44,9372.09,9067.64,9347.05,340664721.19
1594080000000,9347.05,9378.69,9208.31,9257.32,239497399.37000006
1594166400000,9257.32,9471.65,9236.9,9439.2,350318105.76000005
1594252800000,9439.2,9441.67,9171.37,9238.95,280648694.09000003
1594339200000,9238.95,9317.31,9128.71,9288.57,224680670.05
1594425600000,9288.57,9302.22,9188.13,9237.13,108899834.59999998
1594512000000,9237.13,9339.99,9169.13,9300.95,151649367.78
1594598400000,9300.95,9336.42,9201.18,9237.89,240081841.21000004
1594684800000,9237.89,9279.57,9109.7,9256.07,238308476.6900001
1594771200000,9256.07,9272.57,9160.89,9193.22,216386874.29000005
1594857600000,9193.22,9216.53,9029.17,9133.23,254255550.26
1594944000000,9133.23,9183.08,9080.61,9156.79,187710134.40999997
1595030400000,9156.79,9205.94,9125.92,9177.22,109563331.60999998
1595116800000,9177.22,9238.3,9113.41,9216.02,117297958.13999999
1595203200000,9216.02,9224.76,9136.9,9164.42,171877002.64000002
1595289600000,9164.42,9435.55,9162.25,9392.83,337645738.95000005
1595376000000,9392.83,9551.87,9289.85,9537.24,281661129.11
1595462400000,9537.24,9675.5,9458.25,9615.21,415079930.37999994
1595548800000,9615.21,9647.83,9477.19,9550.23,323092524.08
1595635200000,9550.23,9744.72,9536.76,9708.41,233301043.70000002
1595721600000,9708.41,10140.55,9659.08,9942.01,417337407.31000006
1595808000000,9942.01,11397.48,9935.51,11042.94,1363674374.4
1595894400000,11042.94,11253.39,10590.98,10933.26,938667838.0499998
1595980800000,10933.26,11348.53,10854.04,11112.04,689206497.21
1596067200000,11112.04,11182.76,10875.14,11113.66,503563543.56
1596153600000,11113.66,11454.11,10981.87,11352.72,608151203.9200001
1596240000000,11352.72,11874.77,11240.98,11812.42,741252933.7199999
1596326400000,11812.42,12106.89,10694.22,11063.5,721639453.4499999
1596412800000,11063.5,11476.29,10945.66,11234.73,473995003.35999995
1596499200000,11234.73,11415.16,11021.07,11194.18,393301819.22
1596585600000,11194.18,11791.62,11095.47,11752.05,555395574.1800001
1596672000000,11752.05,11909.81,11577.8,11771.27,587033759.67
1596758400000,11771.27,11912.62,11350.42,11603.82,651142052.5200001
1596844800000,11603.82,11811.4,11534.87,11770.77,271582305.12
1596931200000,11770.77,11802.93,11533.93,11686.34,231830330.42
1597017600000,11686.34,12074.31,11640.41,11897.41,667803525.6999999
1597104000000,11897.41,11940.4,11138.6,11389.01,724227264.9299998
1597190400000,11389.01,11621.05,11182.8,11570.19,430758054.53
1597276800000,11570.19,11795.34,11284.57,11790.68,487564726.97999996
1597363200000,11790.68,11863.43,11657.2,11774.52,437825096.0799999
1597449600000,11774.52,11981.62,11697.88,11860.91,369258184.57000005
1597536000000,11860.91,11934.96,11701.22,11917.97,260716863.02999997
1597622400000,11917.97,12474.73,11775.66,12301.19,682170133.0600001
1597708800000,12301.19,12397.4,11855.24,11956.69,604246043.53
1597795200000,11956.69,12021.8,11592.2,11760.37,590122894.9499999
1597881600000,11760.37,11888.72,11679.03,11863.43,510502416.83
1597968000000,11863.43,11882.67,11494.52,11527.35,745059089.73
1598054400000,11527.35,11686.02,11379.06,11670.42,572197825.5600001
1598140800000,11670.42,11713.62,11521.6,11651.52,388308826.34000003
1598227200000,11651.52,11827.45,11594.64,11756.4,459366140.6000001
1598313600000,11756.4,11767.64,11130.36,11330.56,583786229.4799999
1598400000000,11330.56,11542.65,11259.23,11466.89,309986442.65
1598486400000,11466.89,11591.64,11135.52,11331.02,464957172.90000004
1598572800000,11331.02,11553.81,11289.07,11535.21,353027933.8999999
1598659200000,11535.21,11585.98,11433.8,11480.48,187746012.79000005
1598745600000,11480.48,11725.48,11441.57,11716.54,1137334447.33
1598832000000,11716.54,11775.27,11586.36,11657.81,307926585.75
1598918400000,11657.81,12062.06,11540.42,11926.69,537292263.8499999
1599004800000,11926.69,11954.28,11219.19,11397.9,618129314.2000002
1599091200000,11397.9,11469.2,10017.43,10174.62,894736672.1999999
1599177600000,10174.62,10638.71,10020.02,10467.33,562742176.47
1599264000000,10467.33,10570.95,9880.05,10167.97,547402342.6
1599350400000,10167.97,10361.12,9911.51,10260.37,796716356.69
1599436800000,10260.37,10411.92,9893.68,10379.08,422137347.95000005
1599523200000,10379.08,10443.72,9855.68,10128.54,553186747.4
1599609600000,10128.54,10349.09,9989.63,10228.85,346738492.4499999
1599696000000,10228.85,10493.32,10221.37,10345.68,452098495.15000004
1599782400000,10345.68,10412.6,10215.49,10398.5,266084892.22999996
1599868800000,10398.5,10486.76,10282.43,10448.0,184001054.5
1599955200000,10448.0,10578.97,10224.4,10332.36,299956975.09
1600041600000,10332.36,10753.33,10259.62,10678.31,359274837.26
1600128000000,10678.31,10936.89,10632.26,10786.7,369481767.47
1600214400000,10786.7,11094.7,10670.02,10957.1,372894155.0
1600300800000,10957.1,11116.66,10755.99,10945.14,890724829.3899999
1600387200000,10945.14,11040.66,10823.93,10937.89,248821618.72999996
1600473600000,10937.89,11173.88,10898.63,11083.61,193207449.75000006
1600560000000,11083.61,11083.9,10775.23,10921.85,237773866.82
1600646400000,10921.85,10992.25,10319.73,10418.14,473754186.1100001
1600732800000,10418.14,10576.92,10365.99,10534.73,301280976.84000003
1600819200000,10534.73,10546.48,10166.62,10238.09,277589382.45000005
1600905600000,10238.09,10792.17,10213.75,10742.98,304956297.99000007
1600992000000,10742.98,10762.38,10562.14,10694.12,360929423.36999995
1601078400000,10694.12,10822.99,10658.15,10734.23,148097714.06
1601164800000,10734.23,10810.35,10612.42,10781.47,148127427.26
1601251200000,10781.47,10951.6,10649.18,10699.0,350615325.76000005
1601337600000,10699.0,10863.02,10641.03,10841.29,334584439.4700001
1601424000000,10841.29,10850.12,10666.17,10779.42,317604086.64
1601510400000,10779.42,10926.47,10454.66,10622.79,422940486.71
1601596800000,10622.79,10668.49,10388.07,10576.64,355424408.5299999
1601683200000,10576.64,10602.28,10507.49,10552.04,110570157.36999999
1601769600000,10552.04,10699.94,10534.5,10675.52,111420779.05
1601856000000,10675.52,10799.53,10627.77,10795.11,255950434.22000003
1601942400000,10795.11,10801.66,10533.32,10603.9,329346366.4
1602028800000,10603.9,10679.76,10554.41,10672.67,208253472.74000004
1602115200000,10672.67,10957.42,10541.2,10929.4,423807796.14000005
1602201600000,10929.4,11109.32,10839.3,11058.78,359802403.00000006
1602288000000,11058.78,11485.43,11057.98,11301.57,296925751.2900001
1602374400000,11301.57,11434.1,11284.09,11375.51,202131016.49
1602460800000,11375.51,11725.28,11223.99,11539.76,478557074.66999996
1602547200000,11539.76,11561.69,11314.56,11427.29,383360256.65999997
1602633600000,11427.29,11550.25,11298.88,11429.3,259711904.04
1602720000000,11429.3,11607.59,11269.05,11508.31,377801262.88
1602806400000,11508.31,11545.35,11224.89,11326.25,332320579.3200001
1602892800000,11326.25,11410.01,11270.69,11367.65,112306061.30000001
1602979200000,11367.65,11513.68,11357.25,11513.33,131886570.57000001
1603065600000,11513.33,11821.95,11417.11,11756.88,456404609.74999994
1603152000000,11756.88,12047.73,11688.39,11921.78,576128149.71
1603238400000,11921.78,13236.39,11900.51,12813.11,1296152945.6699998
1603324800000,12813.11,13197.69,12700.74,12990.25,739591002.3100001
1603411200000,12990.25,13031.82,12732.62,12937.2,416662855.51000005
1603497600000,12937.2,13167.31,12886.47,13126.13,273005904.66
1603584000000,13126.13,13346.7,12910.39,13041.21,368884232.61
1603670400000,13041.21,13241.79,12797.05,13069.43,460984686.28
1603756800000,13069.43,13783.14,13060.64,13646.02,603406480.39
1603843200000,13646.02,13855.57,12906.15,13285.97,434942187.78000003
1603929600000,13285.97,13643.6,12985.56,13462.18,555737562.1
1604016000000,13462.18,13674.89,13132.53,13565.95,756044940.7199999
1604102400000,13565.95,14077.8,13432.24,13803.41,600104833.8699999
1604188800000,13803.41,13897.02,13630.22,13761.72,286724152.06
1604275200000,13761.72,13828.48,13221.65,13571.24,453096297.53
1604361600000,13571.24,14071.54,13300.84,14023.78,300271386.78999996
1604448000000,14023.78,14258.9,13539.13,14157.73,423118194.37
1604534400000,14157.73,15739.47,14114.37,15599.92,625288741.4499999
1604620800000,15599.92,15948.88,15219.57,15590.62,538014394.4599999
1604707200000,15590.62,15765.02,14427.34,14838.16,388303730.21000004
1604793600000,14838.16,15653.89,14739.11,15488.25,285202500.08
1604880000000,15488.25,15812.23,14833.13,15335.03,492570531.41
1604966400000,15335.03,15476.99,15099.11,15313.73,352628988.8299999
1605052800000,15313.73,15983.03,15288.76,15707.08,717920492.18
1605139200000,15707.08,16348.99,15476.25,16306.53,1074746061.94
1605225600000,16306.53,16482.62,15975.8,16332.85,694320640.1800001
1605312000000,16332.85,16334.29,15720.61,16075.95,452657737.7699999
1605398400000,16075.95,16156.82,15796.03,15964.7,286912254.77000004
1605484800000,15964.7,16876.48,15877.77,16721.46,685608661.4000001
1605571200000,16721.46,17857.37,16563.5,17681.54,1072294334.67
1605657600000,17681.54,18466.1,17260.91,17786.27,1441862085.9999998
1605744000000,17786.27,18172.87,17365.08,17824.64,859856045.5599998
1605830400000,17824.64,18814.87,17764.07,18672.78,939934212.3
1605916800000,18672.78,18966.12,18359.06,18704.06,705040526.66
1606003200000,18704.06,18757.55,17635.18,18430.59,796767991.9099998
1606089600000,18430.59,18761.66,18010.51,18385.74,902518528.7299999
1606176000000,18385.74,19419.49,18117.78,19157.16,1403472685.3000002
1606262400000,19157.16,19488.81,18519.89,18725.76,1141495120.48
1606348800000,18725.76,18907.31,16270.37,17175.86,2481831917.7599993
1606435200000,17175.86,17479.12,16462.87,17155.0,1034426524.11
1606521600000,17155.0,17893.95,16895.0,17739.9,605284901.6600001
1606608000000,17739.9,18347.24,17543.55,18199.23,489679989.7600001
1606694400000,18199.23,19850.23,18199.03,19686.87,1493787961.0500002
1606780800000,19686.87,19911.79,18194.17,18792.03,1743191338.5900004
1606867200000,18792.03,19337.16,18350.0,19226.19,903817773.98
1606953600000,19226.19,19608.49,18888.12,19448.44,747088833.1599998
1607040000000,19448.44,19541.62,18603.79,18665.0,804366524.27
1607126400000,18665.0,19178.4,18514.92,19156.84,388466883.7600001
1607212800000,19156.84,19417.33,18885.88,19378.94,405708588.32000005
1607299200000,19378.94,19411.51,18909.97,19181.41,477334574.95
1607385600000,19181.41,19295.38,18227.31,18323.52,866543428.8799999
1607472000000,18323.52,18639.24,17669.15,18549.92,1057335071.16
1607558400000,18549.92,18554.32,17920.56,18250.47,684802762.0800002
1607644800000,18250.47,18295.1,17598.13,18034.86,809318887.78
1607731200000,18034.86,18948.78,18033.05,18814.98,484239535.49
1607817600000,18814.98,19414.65,18733.67,19169.05,592021817.5600001
1607904000000,19169.05,19339.6,19001.22,19274.69,456841099.89
1607990400000,19274.69,19553.23,19060.06,19441.96,819839290.04
1608076800000,19441.96,21527.36,19299.86,21352.13,1949841494.5399997
1608163200000,21352.13,23698.98,21240.41,22822.17,3194654467.94
1608249600000,22822.17,23271.54,22345.87,23135.57,1362467582.48
1608336000000,23135.57,24114.51,22755.03,23844.72,1268054141.3000002
1608422400000,23844.72,24252.16,23095.72,23467.06,1014224949.6500001
1608508800000,23467.06,24077.7,22015.91,22727.13,1750627321.0700002
1608595200000,22727.13,23833.23,22378.26,23823.32,1149767378.59
1608681600000,23823.32,24082.98,22641.37,23239.5,1552020951.78
1608768000000,23239.5,23778.56,22716.45,23724.2,923848542.65
1608854400000,23724.2,24776.64,23417.43,24707.98,1199894882.99
1608940800000,24707.98,26780.61,24494.27,26445.7,1611547513.1499999
1609027200000,26445.7,28340.08,25805.96,26249.27,2463390777.2000003
1609113600000,26249.27,27461.63,26085.96,27039.45,1402005893.5900002
1609200000000,27039.45,27383.6,25864.25,27360.78,1479551411.61
1609286400000,27360.78,28990.2,27360.09,28889.61,1993721842.1999998
1609372800000,28889.61,29301.67,27957.13,28972.4,1924969475.46
1609459200000,28972.4,29666.33,28748.21,29388.94,1487306218.5399997
1609545600000,29388.94,33257.29,29036.26,32203.64,3750440817.9
1609632000000,32203.64,34789.34,32010.59,33063.48,3132759314.540001
1609718400000,33063.48,34988.27,28493.29,32030.55,16677676706.61
1609804800000,32030.55,34487.44,29985.29,34038.29,3037657026.1899996
1609891200000,34038.29,36973.76,33404.2,36849.86,3788317475.7300005
1609977600000,36849.86,40365.87,36340.01,39479.41,4753170180.559999
1610064000000,39479.41,41964.96,36640.51,40636.24,4705592327.360001
1610150400000,40636.24,41400.48,38783.61,40236.66,6380244191.21
1610236800000,40236.66,41427.88,35283.65,38202.08,3983391028.749999
1610323200000,38202.08,38266.42,30308.4,35496.03,8100819368.280001
1610409600000,35496.03,36620.28,32522.98,34058.4,3999535589.050001
1610496000000,34058.4,37809.67,32405.89,37380.85,3198683391.79
1610582400000,37380.85,40093.43,36751.89,39155.58,2895085049.05
1610668800000,39155.58,39695.43,34396.19,36790.17,3288447634.859999
1610755200000,36790.17,37942.44,35395.88,36025.26,1995053500.2999997
1610841600000,36025.26,36860.67,33854.83,35839.51,1806688237.4700003
1610928000000,35839.51,37429.24,34784.4,36623.04,1554686784.02
1611014400000,36623.04,37867.53,35917.28,35932.79,7465598818.21
1611100800000,35932.79,36409.96,33519.59,35501.38,2316775667.9100003
1611187200000,35501.38,35619.6,30067.14,30840.3,4019512126.51
1611273600000,30840.3,33857.39,28817.3,33008.02,3353813975.7300005
1611360000000,33008.02,33484.73,31430.15,32107.29,1269262152.2300003
1611446400000,32107.29,33090.99,30957.56,32284.95,6432946390.4
1611532800000,32284.95,34881.18,31005.59,32275.27,9181850145.069998
1611619200000,32275.27,32943.69,30853.17,32516.52,1886292211.6999996
1611705600000,32516.52,32580.05,29236.73,30423.05,3116428235.39
1611792000000,30423.05,33880.92,29905.53,33443.87,2463162479.4700003
1611878400000,33443.87,38631.5,31996.08,34252.08,6015929349.68
1611964800000,34252.08,34906.15,32858.0,34317.82,1574213551.46
1612051200000,34317.82,34381.7,32214.08,33143.22,1176981986.9399998
1612137600000,33143.22,34714.34,32340.24,33535.94,1623291067.0400002
1612224000000,33535.94,36004.47,33333.72,35524.43,9971884214.780003
1612310400000,35524.43,37704.8,35413.72,37677.34,2340630205.4500003
1612396800000,37677.34,38741.89,36199.19,36983.42,2767003411.4999995
1612483200000,36983.42,38343.92,36626.5,38310.24,1705038314.0199997
1612569600000,38310.24,40989.11,38247.96,39267.01,2642530408.4
1612656000000,39267.01,39721.59,37408.16,38868.82,2076904733.4999998
1612742400000,38868.82,46606.82,38063.87,46437.41,5944522159.650001
1612828800000,46437.41,48209.59,45051.46,46509.57,4610214635.369999
1612915200000,46509.57,47349.86,43743.99,44854.95,3326890835.4200006
1613001600000,44854.95,48664.81,44032.66,48006.18,3377367971.600001
1613088000000,48006.18,48930.99,46243.85,47435.54,2831634659.5899997
1613174400000,47435.54,48171.46,46291.19,47222.32,1571324550.4299998
1613260800000,47222.32,49642.39,47096.92,48652.87,1841963034.0799994
1613347200000,48652.87,49031.74,45910.0,47936.51,2502097939.1600003
1613433600000,47936.51,50561.53,47068.63,49184.63,3237085085.59
1613520000000,49184.63,52622.68,48967.72,52154.91,3410518744.29
1613606400000,52154.91,52550.6,50874.81,51591.61,6689284211.32
1613692800000,51591.61,56331.09,50766.83,55933.47,3803873193.9100003
1613779200000,55933.47,57528.16,54140.61,55900.84,2896515420.27
1613865600000,55900.84,58348.75,55516.07,57469.95,1915749584.8999999
1613952000000,57469.95,57540.74,48194.31,54121.17,6995162441.089999
1614038400000,54121.17,54164.35,44983.39,48898.7,8016450648.11
1614124800000,48898.7,51399.55,47015.55,49738.17,3729774704.67
1614211200000,49738.17,52086.34,46728.88,47082.87,3643008748.8899994
1614297600000,47082.87,48438.38,44153.46,46324.5,4204800171.82
1614384000000,46324.5,48362.8,45063.84,46191.39,1831237567.3000002
1614470400000,46191.39,46645.9,43061.92,45261.03,2776726256.1299996
1614556800000,45261.03,49812.2,45058.98,49635.07,3146266419.71
1614643200000,49635.07,50221.14,47097.84,48501.21,2105387914.6899998
1614729600000,48501.21,52625.39,48176.64,50392.55,2615513552.67
1614816000000,50392.55,51792.65,47516.91,48363.74,3024053725.5900006
1614902400000,48363.74,49467.19,46311.43,48775.37,2907395734.68
1614988800000,48775.37,49185.32,47099.07,48892.8,4670401828.18
1615075200000,48892.8,51455.54,48892.8,50964.18,1524254875.44
1615161600000,50964.18,52408.08,49341.09,52405.02,2445827949.7299995
1615248000000,52405.02,54933.93,51888.98,54928.7,2898199576.2500005
1615334400000,54928.7,57396.59,53054.34,55893.31,3898251700.72
1615420800000,55893.31,58142.77,54314.65,57809.41,3340389094.5
1615507200000,57809.41,58069.58,55089.68,57256.22,3079097934.0700006
1615593600000,57256.22,61749.15,56103.32,61179.79,3439594034.949999
1615680000000,61179.79,61674.66,58980.95,58998.89,2105197604.08
1615766400000,58998.89,60589.17,54857.68,55665.01,4297382088.93
1615852800000,55665.01,56936.04,53269.13,56925.01,3441195999.39
1615939200000,56925.01,58975.28,54156.11,58909.0,3493543493.13
1616025600000,58909.0,60077.79,57022.2,57643.32,3178687259.2500005
1616112000000,57643.32,59453.32,56283.37,58060.21,2397999967.3700004
1616198400000,58060.21,59911.7,57837.79,58101.34,1687922804.5600002
1616284800000,58101.34,58621.34,55635.61,57374.95,1958214099.05
1616371200000,57374.95,58431.44,53795.78,54095.36,2865346861.48
1616457600000,54095.36,55836.27,52984.36,54355.45,2444787014.6
1616544000000,54355.45,57202.53,51685.15,52303.02,3420695083.5299997
1616630400000,52303.02,53199.52,50406.31,51336.09,3617760373.16
1616716800000,51336.09,55083.9,51275.54,55055.43,2461374478.2500005
1616803200000,55055.43,56606.78,53991.0,55863.73,1514783182.01
1616889600000,55863.73,56561.55,54717.97,55781.01,1345583216.9600003
1616976000000,55781.01,58413.9,54910.57,57626.1,2950020309.66
1617062400000,57626.1,59402.27,57055.21,58781.54,2064647135.8500004
1617148800000,58781.54,59818.5,56918.81,58793.8,2727194335.72
1617235200000,58793.8,59469.45,57949.11,58730.82,1648724834.0399995
1617321600000,58730.82,60061.51,57487.81,58987.8,6327220075.759999
1617408000000,58987.8,59770.87,56958.04,57074.97,1470430519.8200002
1617494400000,57074.97,58493.73,56493.38,58219.43,1093079652.1999998
1617580800000,58219.43,59235.68,56833.44,59119.56,1439529332.46
1617667200000,59119.56,59464.31,57369.44,58010.35,1535666142.4600003
1617753600000,58010.35,58628.19,55467.58,55951.98,2855410824.819999
1617840000000,55951.98,58150.23,55711.07,58084.46,1458096433.7
1617926400000,58084.46,58881.94,57694.22,58106.85,1241735091.7399998
1618012800000,58106.85,61193.5,57885.43,59784.8,2322058695.2299995
1618099200000,59784.8,60673.37,59218.25,59980.45,1218894531.0199997
1618185600000,59980.45,61233.29,59421.37,59845.76,1913098388.7899997
1618272000000,59845.76,63682.32,59811.31,63558.48,3299086696.940001
1618358400000,63558.48,64859.81,61312.98,62964.27,4066819695.9500003
1618444800000,62964.27,63826.89,62038.33,63233.03,2146219571.0400002
1618531200000,63233.03,63567.11,60048.13,61416.41,3544777400.6400003
1618617600000,61416.41,62541.21,59712.92,60056.07,2093039585.6499996
1618704000000,60056.07,60393.33,52785.1,56246.82,6264051811.610001
1618790400000,56246.82,57590.64,54291.08,55680.11,2732647682.1700006
1618876800000,55680.11,57101.05,53429.73,56496.06,3091319805.560001
1618963200000,56496.06,56801.94,53640.81,53803.25,2312255459.33
1619049600000,53803.25,55458.61,50519.78,51717.61,4488994737.940001
1619136000000,51717.61,52112.75,47495.24,51178.03,5241192198.049999
1619222400000,51178.03,51223.86,48769.48,50115.99,1695108976.0400002
1619308800000,50115.99,50576.4,47073.07,49120.97,2176241676.2599998
1619395200000,49120.97,54389.71,48843.41,54062.29,3254396664.96
1619481600000,54062.29,55490.94,53357.59,55073.48,2220077233.13
1619568000000,55073.48,56461.55,53886.63,54877.94,2339383717.4900002
1619654400000,54877.94,55217.24,52399.42,53581.58,2359198137.56
1619740800000,53581.58,57984.34,53089.93,57757.97,2719315702.1899996
1619827200000,57757.97,58498.65,57057.4,57843.16,1511783659.91
1619913600000,57843.16,57934.82,56092.72,56623.51,1230710822.3199997
1620000000000,56623.51,59091.18,56210.7,57199.7,11796451057.46
1620086400000,57195.07,57226.81,53108.04,53244.07,3556756117.2699995
1620172800000,53244.07,57944.11,52978.89,57506.88,3200062630.96
1620259200000,57506.88,58392.76,55299.4,56441.94,2878647496.0099998
1620345600000,56441.94,58695.29,55311.16,57374.33,2439662460.4300003
1620432000000,57374.33,59817.52,55884.12,58943.13,10602907700.16
1620518400000,58943.13,59276.99,56350.98,58294.18,2645394205.32
1620604800000,58294.18,59587.03,54239.16,55870.01,4067497161.410001
1620691200000,55870.01,56928.37,54490.38,56747.52,2395231325.2600007
1620777600000,56747.52,58009.3,49182.89,49504.08,10739839188.4
1620864000000,49504.08,51377.99,47029.73,49700.6,5919941739.849998
1620950400000,49700.6,51554.66,48910.06,49887.96,2156016499.68
1621036800000,49887.96,50710.05,46606.18,46775.29,2591003797.62
1621123200000,46775.29,49808.83,43918.69,46490.71,3693969204.76
1621209600000,46490.71,46665.19,42130.83,43552.14,5896147491.210001
1621296000000,43552.14,45819.36,42309.39,42886.02,3159184422.640001
1621382400000,42886.02,43564.34,29925.2,36771.87,11120220854.800003
1621468800000,36771.87,42520.03,35009.25,40597.4,5531454912.79
1621555200000,40597.4,42252.07,33552.8,37350.39,4573692788.94
1621641600000,37350.39,38841.92,35287.71,37491.5,2808008188.2699995
1621728000000,37491.5,38304.55,31157.18,34716.84,4494413873.1
1621814400000,34716.84,39945.35,34467.32,38837.76,3981461441.07
1621900800000,38837.76,39842.9,36509.09,38387.36,2529569055.94
1621987200000,38387.36,40854.81,37855.81,39295.08,2607759779.4100003
1622073600000,39295.08,40408.95,37211.84,38538.84,1804036815.0600004
1622160000000,38538.84,38879.6,34733.76,35680.92,3104364367.8199997
1622246400000,35680.92,37307.1,33666.06,34611.58,2127790128.94
1622332800000,34611.58,36481.62,33400.65,35662.59,1325408340.0900002
1622419200000,35662.59,37512.8,34202.86,37290.83,1821662523.9699998
1622505600000,37290.83,37910.19,35733.52,36683.51,1626268789.18
1622592000000,36683.51,38225.18,35935.34,37576.98,1494571249.1900003
1622678400000,37576.98,39482.46,37199.92,39229.66,1586641442.04
1622764800000,39229.66,39273.49,35617.03,36861.5,1837944242.3399994
1622851200000,36861.5,37911.76,34846.16,35538.4,1444088532.54
1622937600000,35538.4,36465.46,35264.34,35798.57,1483584925.98
1623024000000,35798.57,36790.39,33367.12,33582.86,1850311020.61
1623110400000,33582.86,34061.09,31034.35,33409.38,2890313261.7000003
1623196800000,33409.38,37528.42,32435.18,37391.58,3249553573.3800006
1623283200000,37391.58,38387.2,35821.05,36680.78,2338112083.5199995
1623369600000,36680.78,37665.85,35981.84,37339.98,1596038876.7100003
1623456000000,37339.98,37445.32,34655.21,35541.78,1450138289.5100002
1623542400000,35541.78,39374.68,34802.24,39017.37,1727291768.48
1623628800000,39017.37,41025.42,38755.79,40526.63,2740589573.5699997
1623715200000,40526.63,41307.06,39526.69,40161.86,1943860792.1399999
1623801600000,40161.86,40487.98,38122.04,38345.41,1883613058.49
1623888000000,38345.41,39537.42,37386.57,38082.3,1599770630.7800002
1623974400000,38082.3,38201.23,35158.89,35830.29,2207651943.63
1624060800000,35830.29,36443.26,34863.17,35515.38,1601193146.3299997
1624147200000,35515.38,36139.95,33377.82,35602.26,1964614466.37
1624233600000,35602.26,35760.61,31284.7,31652.62,3650731161.41
1624320000000,31652.62,33312.87,28908.07,32537.58,4060734244.089999
1624406400000,32537.58,34831.93,31790.02,33678.64,2037061709.15
1624492800000,33678.64,35267.23,32340.83,34649.84,1311147481.01
1624579200000,34649.84,35494.5,31290.25,31593.86,3027434524.390001
1624665600000,31593.86,32680.58,30190.9,32307.35,1826363014.4800003
1624752000000,32307.35,34754.5,32031.15,34713.81,2002954688.8099995
1624838400000,34713.81,35292.57,33890.86,34487.11,1424168416.3400004
1624924800000,34487.11,36624.75,34243.82,35901.41,1578253520.2800002
1625011200000,35901.41,36090.37,34062.04,35056.39,1388243727.1900003
1625097600000,35056.39,35065.41,32757.33,33543.11,1238732543.2099998
1625184000000,33543.11,33968.47,32715.18,33804.54,1102040372.3799999
1625270400000,33804.54,34944.91,33333.05,34682.84,595117204.82
1625356800000,34682.84,35945.36,34390.95,35287.97,563891553.21
1625443200000,35287.97,35290.8,33151.51,33702.79,1072690410.3900001
1625529600000,33702.79,35096.65,33558.75,34237.66,1123145329.6100001
1625616000000,34237.66,35066.82,33807.42,33880.79,752074468.64
1625702400000,33880.79,33934.31,32108.68,32874.01,1573967671.25
1625788800000,32874.01,34076.49,32274.31,33804.2,853165387.13
1625875200000,33804.2,34253.5,33030.16,33515.13,651899496.9900001
1625961600000,33515.13,34595.69,33335.4,34249.3,533337900.0200001
1626048000000,34249.3,34658.46,32660.38,33088.51,1039311244.0699999
1626134400000,33088.51,33335.54,32206.14,32737.47,837278173.9400002
1626220800000,32737.47,33099.2,31601.99,32820.5,883070516.7499998
1626307200000,32820.5,33188.54,31133.75,31867.46,1073939852.56
1626393600000,31867.46,32256.94,31046.14,31401.76,812765644.4100001
1626480000000,31401.76,31966.25,31194.16,31546.64,881285396.9100002
1626566400000,31546.64,32446.17,31131.67,31806.3,796652696.4399997
1626652800000,31806.3,31907.17,30487.11,30847.55,1179342118.62
1626739200000,30847.55,31063.88,29320.09,29795.55,1291958152.3300002
1626825600000,29795.55,32814.13,29513.88,32139.48,1538668590.41
1626912000000,32139.48,32604.4,31738.48,32299.47,785311959.3100001
1626998400000,32299.47,33637.93,32012.62,33637.92,765209760.3999999
1627084800000,33637.92,34519.75,33429.09,34282.56,686017155.77
1627171200000,34282.56,35382.63,33892.36,35369.93,781929775.4899999
1627257600000,35369.93,40553.85,35270.24,37269.52,3840983132.2800007
1627344000000,37269.52,39535.5,36422.45,39496.69,2197490232.7799997
1627430400000,39496.69,40906.09,38809.89,40030.01,2662886395.81
1627516800000,40030.01,40633.62,39281.83,40030.52,1257968294.8899999
1627603200000,40030.52,42301.76,38346.18,42231.83,1698014609.75
1627689600000,42231.83,42373.59,41065.61,41474.72,1056705603.9800001
1627776000000,41474.72,42584.65,39471.54,39870.76,2699758850.88
1627862400000,39870.76,40446.6,38698.01,39158.53,1308894644.0400002
1627948800000,39158.53,39779.45,37679.22,38189.3,1466921591.53
1628035200000,38189.3,39961.11,37526.24,39738.56,1318983897.5
1628121600000,39738.56,41409.14,37330.04,40888.18,2357831521.95
1628208000000,40888.18,43363.62,39895.05,42852.18,2009167763.66
1628294400000,42852.18,44731.51,42473.57,44617.96,2199730007.62
1628380800000,44617.96,45310.33,43300.59,43827.75,1745878741.44
1628467200000,43827.75,46476.01,42818.07,46292.61,2219734084.87
1628553600000,46292.61,46707.56,44663.2,45601.03,1609844198.84
1628640000000,45601.03,46763.89,45360.51,45556.69,1421598811.7299998
1628726400000,45556.69,46214.21,43786.4,44425.52,1588850342.2599998
1628812800000,44425.52,47890.79,44260.38,47832.93,1595718853.2700002
1628899200000,47832.93,48136.25,46049.28,47102.03,1120499538.8
1628985600000,47102.03,47390.93,45595.22,47015.94,836663894.8399999
1629072000000,47015.94,48064.42,45681.1,45927.4,1332377363.6800003
1629158400000,45927.4,47100.97,44438.79,44684.43,1700658063.3000002
1629244800000,44684.43,46024.97,44240.9,44714.54,1377529230.42
1629331200000,44714.54,47044.06,43982.21,46761.49,1511027965.4499998
1629417600000,46761.49,49377.5,46652.0,49336.45,1742574002.39
1629504000000,49336.45,49809.82,48330.03,48867.87,1125508731.8999996
1629590400000,48867.87,49512.19,48119.98,49289.71,822323899.0100001
1629676800000,49289.71,50513.83,49048.25,49521.06,1515250474.7800002
1629763200000,49521.06,49859.97,47580.66,47690.54,1399185980.56
1629849600000,47690.54,49257.74,47135.07,48996.44,1208134772.94
1629936000000,48996.44,49358.2,46456.68,46852.22,1618461768.4
1630022400000,46852.22,49166.31,46376.81,49088.1,1331637984.8499997
1630108800000,49088.1,49306.47,48386.9,48918.9,626553869.3299998
1630195200000,48918.9,49653.49,47841.49,48794.26,924625515.77
1630281600000,48794.26,48878.11,46872.47,46993.31,2642713729.23
1630368000000,46993.31,48252.74,46713.72,47159.26,1418199668.8400002
1630454400000,47159.26,49062.05,46500.87,48840.01,4272203026.7500005
1630540800000,48840.01,50374.89,48632.7,49280.77,1615790894.9399998
1630627200000,49280.77,51056.15,48362.56,50019.51,1926045807.1100001
1630713600000,50019.51,50549.35,49501.12,49935.29,839888927.54
1630800000000,49935.29,51890.18,49499.28,51784.16,1084416553.09
1630886400000,51784.16,52766.16,51035.68,52693.32,1328373298.0000002
1630972800000,52693.32,52919.24,43904.42,46856.31,4055873734.7200003
1631059200000,46856.31,47362.35,44475.76,46073.45,2105187289.0899994
1631145600000,46073.45,47335.29,45572.3,46392.85,1499767099.51
1631232000000,46392.85,47026.67,44198.27,44853.1,1631276774.6600003
1631318400000,44853.1,45987.63,44741.98,45166.12,662298068.8399999
1631404800000,45166.12,46403.5,44765.82,46049.72,747181260.0999999
1631491200000,46049.72,46821.84,43511.3,44958.56,1909473369.6999998
1631577600000,44958.56,47263.56,44776.37,47129.01,1237183544.5800002
1631664000000,47129.01,48457.3,46725.15,48148.45,1282942628.5399997
1631750400000,48148.45,48498.51,47050.55,47764.47,1229076140.64
1631836800000,47764.47,48172.36,46770.31,47297.98,899242093.4399999
1631923200000,47297.98,48808.0,47066.47,48312.46,761079785.1099999
1632009600000,48312.46,48376.3,46864.5,47251.76,668723282.36
1632096000000,47251.76,47340.49,42552.63,42925.46,2849781014.82
1632182400000,42925.46,43625.93,39767.17,40709.59,2972565920.0499997
1632268800000,40709.59,44012.22,40589.07,43576.15,1807576533.37
1632355200000,43576.15,44994.17,43108.42,44893.87,1431595636.17
1632441600000,44893.87,45143.18,40807.2,42848.41,2485627074.25
1632528000000,42848.41,42992.94,41710.08,42721.91,702558634.3800001
1632614400000,42721.91,43928.49,40825.4,43201.79,1140118139.1499999
1632700800000,43201.79,44360.41,42139.24,42187.51,1091806397.4099998
1632787200000,42187.51,42781.24,40924.13,41056.79,1263410887.6300004
1632873600000,41056.79,42603.18,40790.67,41539.43,1100252801.6799998
1632960000000,41539.43,44106.6,41436.79,43829.34,1469981944.7800002
1633046400000,43829.34,48470.13,43304.82,48164.35,2498575570.2999997
1633132800000,48164.35,48347.69,47468.49,47669.02,769022184.3599999
1633219200000,47669.02,49185.34,47137.07,48234.05,895606844.2299999
1633305600000,48234.05,49501.21,46944.28,49276.91,1664027525.2199998
1633392000000,49276.91,51885.03,49087.72,51504.27,2049372160.17
1633478400000,51504.27,55656.67,50439.32,55345.85,3444996109.5
1633564800000,55343.24,55359.77,53391.93,53797.21,1836529821.8600004
1633651200000,53796.22,56047.91,53666.09,53949.29,1592265868.04
1633737600000,53949.29,55485.2,53696.32,54968.04,799607238.62
1633824000000,54968.04,56473.63,54131.52,54700.24,1276001425.95
1633910400000,54700.24,57825.98,54448.68,57498.8,1805863526.54
1633996800000,57498.8,57646.93,54098.22,56010.9,1913353762.17
1634083200000,56010.9,57768.98,54279.61,57369.0,1906230334.0
1634169600000,57369.0,58514.76,56854.38,57359.21,1617497364.75
1634256000000,57359.21,62889.98,56885.66,61684.96,3737889743.839999
1634342400000,61684.96,62341.46,60153.79,60877.77,1404879137.3899999
1634428800000,60877.77,61698.1,59050.3,61520.54,1414498881.99
1634515200000,61520.54,62662.72,59925.93,62038.16,3113486441.71
1634601600000,62038.16,64468.7,61410.11,64283.97,2706420467.07
1634688000000,64283.97,66980.66,63543.7,66021.02,2978059285.5500007
1634774400000,66021.02,66645.73,62076.16,62283.96,3962470063.85
1634860800000,62283.96,63731.17,60017.23,60693.59,2504718475.1999993
1634947200000,60693.59,61733.43,59705.11,61313.09,990360071.87
1635033600000,61313.09,61481.25,59529.34,60863.56,1158838824.6700003
1635120000000,60863.56,63709.97,60658.35,63089.04,1549308691.9600003
1635206400000,63089.04,63290.04,59868.68,60315.68,1738003094.56
1635292800000,60315.68,61473.0,58128.18,58464.42,5590505648.990001
1635379200000,58464.42,62252.08,58145.43,60610.11,3090102767.3599997
1635465600000,60610.11,62967.45,60269.97,62282.5,2168021242.78
1635552000000,62282.5,62371.52,60774.38,61891.91,979987095.6300001
1635638400000,61891.91,62420.57,60022.06,61349.75,1181933822.6100001
1635724800000,61349.75,62482.31,59554.88,60960.98,1955088666.0500002
1635811200000,60960.98,64283.57,60677.48,63260.05,2260756044.2799997
1635897600000,63260.05,63553.52,61057.89,62929.93,1852233940.6
1635984000000,62929.93,63102.86,60745.84,61448.47,1420765190.9
1636070400000,61448.47,62621.97,60789.16,61019.66,1262030165.48
1636156800000,61019.66,61594.16,60130.85,61529.76,939530051.87
1636243200000,61529.76,63309.57,61406.56,63302.78,929571983.8000001
1636329600000,63302.78,67755.46,63302.78,67549.14,2614939971.98
1636416000000,67549.14,68514.26,66312.42,66939.24,2209551778.81
1636502400000,66939.24,68978.64,63196.25,64926.06,3365466815.38
1636588800000,64926.06,65585.68,64130.37,64820.8,1393819061.44
1636675200000,64820.8,65466.0,62315.02,64156.3,2090846685.9999995
1636761600000,64156.3,64967.34,63406.98,64409.56,815997863.9799999
1636848000000,64409.56,65509.06,63616.33,65509.06,947303706.22
1636934400000,65509.06,66335.42,63442.58,63614.06,1639253320.6300004
1637020800000,63614.06,63614.53,58745.71,60108.9,3740808475.7099996
1637107200000,60108.9,60837.09,58566.05,60365.6,2582737930.61
1637193600000,60365.6,60964.37,56535.61,56930.68,3718546724.96
1637280000000,56930.68,58403.92,55655.03,58136.22,2107344590.7100003
1637366400000,58136.22,59901.9,57450.63,59769.66,985075173.68
1637452800000,59769.66,60058.65,58575.6,58700.83,888045056.1700001
1637539200000,58700.83,59391.98,55673.01,56303.06,2371226089.1700006
1637625600000,56303.06,57873.77,55485.59,57566.6,2153848949.03
1637712000000,57566.6,57740.34,55899.88,57175.09,1630017073.71
1637798400000,57175.09,59437.04,57056.64,58966.99,1412787308.47
1637884800000,58966.99,59201.95,53575.54,53788.22,3312563227.9600005
1637971200000,53788.22,55316.65,53668.95,54805.03,1010585542.4699999
1638057600000,54805.03,57475.26,53436.05,57331.41,1186994646.56
1638144000000,57331.41,58898.57,56752.37,57839.55,1690005715.85
1638230400000,57839.55,59226.33,55931.33,56975.35,2383744473.3199997
1638316800000,56975.35,59096.53,56505.99,57227.97,2072824070.97
1638403200000,57227.97,57409.48,55850.4,56522.76,1712170975.3699996
1638489600000,56522.76,57639.15,52493.23,53663.25,2461497753.5800004
1638576000000,53663.25,53871.2,43563.07,49243.39,4315348557.559999
1638662400000,49243.39,49764.31,47840.63,49465.5,2074283149.34
1638748800000,49465.5,50986.02,47260.2,50552.83,2437856119.9199996
1638835200000,50552.83,51953.27,50083.33,50633.01,1496164576.6699998
1638921600000,50633.01,51215.6,48711.85,50513.04,1290175070.28
1639008000000,50513.04,50829.41,47347.73,47593.85,1681556175.71
1639094400000,47593.85,50047.85,46989.42,47191.14,1905617871.1499999
1639180800000,47191.14,49504.07,46829.85,49398.4,1181186604.23
1639267200000,49398.4,50807.75,48689.25,50109.99,1072562349.3700001
1639353600000,50109.99,50215.42,45800.52,46731.03,2353893179.41
1639440000000,46731.03,48665.63,46320.4,48387.69,1646492085.27
1639526400000,48387.69,49499.91,46562.1,48885.05,2132679583.02
1639612800000,48885.05,49451.4,47546.15,47635.92,1271265804.9800003
1639699200000,47635.92,48004.37,45505.02,46164.14,1756062773.6299999
1639785600000,46164.14,47356.67,45522.92,46861.62,874187163.0599997
1639872000000,46861.62,48286.29,46459.66,46697.13,1035963939.8699999
1639958400000,46697.13,47495.72,45586.49,46913.54,1517599333.74
1640044800000,46913.54,49334.04,46661.88,48917.48,1546447524.58
1640131200000,48917.48,49581.41,48460.43,48614.97,1028434929.4199996
1640217600000,48614.97,51382.88,48062.25,50830.2,1525047125.27
1640304000000,50830.2,51863.56,50449.36,50840.36,1107244995.17
1640390400000,50840.36,51158.56,50199.56,50431.63,585818997.17
1640476800000,50431.63,51283.7,49485.62,50790.88,736617761.8599999
1640563200000,50790.88,52079.46,50481.26,50714.73,1120188136.97
1640649600000,50714.73,50718.53,47317.78,47536.39,1985905082.1999998
1640736000000,47536.39,48145.34,46107.79,46471.7,1599557104.63
1640822400000,46471.7,47917.89,45964.28,47129.66,1852206857.2800004
1640908800000,47129.66,48573.22,45665.44,46197.31,1636014399.29
1640995200000,46197.31,47950.29,46196.03,47737.35,786729972.01
1641081600000,47737.35,47979.26,46666.18,47306.41,615453426.88
1641168000000,47306.41,47572.23,45707.55,46450.79,1011309525.88
1641254400000,46450.79,47529.48,45587.91,45824.54,1349229422.85
1641340800000,45824.54,47067.18,42510.86,43432.51,2152187256.3700004
1641427200000,43432.51,43779.23,42468.76,43094.54,1585314774.4500003
1641513600000,43094.54,43138.79,40750.42,41543.79,2146452950.1799998
1641600000000,41543.79,42306.77,40534.37,41686.67,1143171232.85
1641686400000,41686.67,42800.66,41237.13,41869.6,901652458.8100002
1641772800000,41869.6,42251.07,39667.6,41832.59,2140270933.3300002
1641859200000,41832.59,43122.32,41279.45,42743.03,1545270650.6700003
1641945600000,42743.03,44293.83,42471.08,43919.67,1384575768.8
1642032000000,43919.67,44442.67,42334.75,42575.61,1263083590.1000001
1642118400000,42575.61,43467.05,41785.44,43089.83,1165100829.52
1642204800000,43089.83,43811.94,42589.82,43088.74,607715303.38
1642291200000,43088.74,43484.21,42617.07,43100.36,543620929.2500001
1642377600000,43100.36,43198.05,41571.67,42224.38,861459661.81
1642464000000,42224.38,42682.77,41301.01,42372.75,1099916846.3600001
1642550400000,42372.75,42575.28,41144.83,41674.8,1359832054.32
1642636800000,41674.8,43513.14,40564.32,40697.03,1482814889.8100002
1642723200000,40697.03,41116.66,35494.42,36469.3,3610621840.6000004
1642809600000,36469.3,36811.86,34130.35,35075.92,2419705021.17
1642896000000,35075.92,36539.19,34648.38,36288.15,1405386710.59
1642982400000,36288.15,37469.19,32990.72,36702.79,3289034581.3
1643068800000,36702.79,37555.35,35732.05,36975.99,1632275610.86
1643155200000,36975.99,38930.36,36275.92,36829.37,2163384356.6000004
1643241600000,36829.37,37242.79,35543.94,37189.85,1671118834.48
1643328000000,37189.85,38021.06,36176.78,37744.7,1439590445.6200001
1643414400000,37744.7,38728.29,37343.45,38184.86,913551592.59
1643500800000,38184.86,38364.51,37377.53,37908.44,658154943.1899999
1643587200000,37908.44,38769.81,36660.7,38494.66,1310842543.41
1643673600000,38494.66,39281.06,38033.98,38721.49,1255765239.8999996
1643760000000,38721.49,38883.19,36650.8,36918.19,1099971099.08
1643846400000,36918.19,37411.52,36270.47,37328.64,1012101574.74
1643932800000,37328.64,41737.83,37060.18,41590.34,1978064223.39
1644019200000,41590.34,41954.24,40963.47,41418.21,923755180.1099998
1644105600000,41418.21,42671.81,41152.05,42412.41,600848486.1100001
1644192000000,42412.41,44518.11,41689.77,43861.07,1836978530.54
1644278400000,43861.07,45483.65,42704.39,44080.12,1972336800.8200002
1644364800000,44080.12,44849.9,43167.21,44422.91,1207982275.78
1644451200000,44422.91,45837.02,43254.41,43531.67,2027452816.6700003
1644537600000,43531.67,43950.88,42010.61,42398.98,1694547021.09
1644624000000,42398.98,43041.72,41775.79,42239.01,747480841.8499998
1644710400000,42239.01,42773.35,41900.31,42069.84,525779246.00000006
1644796800000,42069.84,42857.15,41581.41,42552.28,1183004344.8799999
1644883200000,42552.28,44771.91,42452.02,44576.33,1210638166.2199998
1644969600000,44576.33,44583.03,43361.09,43896.34,905511530.5400001
1645056000000,43896.34,44187.88,40104.04,40545.09,1669164372.2900002
1645142400000,40545.09,40980.65,39496.7,39994.66,1308787736.52
1645228800000,39994.66,40464.62,39664.71,40107.12,467744109.7299999
1645315200000,40107.12,40142.98,38019.97,38397.25,890707081.66
1645401600000,38397.25,39495.33,36862.52,37037.39,1819938918.67
1645488000000,37037.39,38458.26,36371.68,38267.75,1605539398.18
1645574400000,38267.75,39260.51,37083.83,37270.85,1218156854.6
1645660800000,37270.85,39182.44,34349.58,38353.62,3367553842.979999
1645747200000,38353.62,39710.26,38043.51,39239.77,1536575836.2400002
1645833600000,39239.77,40228.13,38605.65,39134.83,732995982.53
1645920000000,39134.83,39861.91,37039.71,37714.96,1184510440.65
1646006400000,37714.96,43953.92,37473.3,43189.46,2231772118.95
1646092800000,43189.46,44883.1,42893.5,44428.47,2121207162.0500004
1646179200000,44428.47,45069.78,43387.92,43935.37,1652867992.2199998
1646265600000,43935.37,44079.17,41852.46,42474.37,1565020513.9
1646352000000,42474.37,42520.95,38621.24,39154.4,2043287977.8900003
1646438400000,39154.4,39596.42,38652.98,39407.02,624289503.9200001
1646524800000,39407.02,39686.74,38133.84,38428.92,818379145.1100001
1646611200000,38428.92,39536.14,37191.99,38030.63,1547870219.59
1646697600000,38030.63,39361.33,37905.43,38748.52,1373819361.8899999
1646784000000,38748.52,42557.95,38685.96,41962.85,1960521974.2500005
1646870400000,41962.85,42043.56,38853.45,39443.42,1683595949.6899998
1646956800000,39443.42,40221.93,38261.24,38741.03,1527385235.3500001
1647043200000,38741.03,39414.02,38696.52,38805.53,464694957.40000004
1647129600000,38805.53,39254.88,37633.11,37796.31,687723583.56
1647216000000,37796.31,39802.89,37566.52,39696.28,1245884221.12
1647302400000,39696.28,39863.78,38259.88,39314.86,1196862773.6899998
1647388800000,39314.86,41638.54,38933.24,41133.64,2217384588.2400002
1647475200000,41133.64,41441.08,40581.36,40956.79,736387236.0399998
1647561600000,40956.79,42250.94,40230.1,41790.97,1310605070.0100002
1647648000000,41790.97,42367.55,41549.61,42235.02,638860853.9900001
1647734400000,42235.02,42297.3,40979.25,41243.16,647551620.14
1647820800000,41243.16,41510.03,40555.57,41043.9,897693606.3599999
1647907200000,41043.9,43287.39,40923.9,42380.11,1597913842.6000001
1647993600000,42380.11,43021.74,41806.4,42904.1,1116852856.73
1648080000000,42904.1,44230.66,42653.71,44006.77,1514036890.72
1648166400000,44006.77,45112.71,43629.05,44331.36,1529847572.89
1648252800000,44331.36,44811.3,44108.04,44542.31,513402297.26000005
1648339200000,44542.31,46896.6,44449.41,46842.14,1035071605.95
1648425600000,46842.14,48208.48,46669.19,47128.71,1697234773.7599998
1648512000000,47128.71,48054.67,47018.87,47445.3,1324122253.9499998
1648598400000,47445.3,47690.62,46606.97,47056.41,1158606188.6399996
1648684800000,47056.41,47599.87,45220.41,45522.65,1350600519.46
1648771200000,45522.65,46726.2,44256.66,46299.75,1558891962.07
1648857600000,46299.75,47208.84,45655.15,45822.28,765849775.01
1648944000000,45822.28,47432.6,45565.57,46414.26,809819360.8399999
1649030400000,46414.26,46893.71,45136.03,46609.36,1145480471.75
1649116800000,46609.36,47187.66,45382.83,45501.58,1118296319.71
1649203200000,45501.58,45518.32,43129.76,43177.78,1918395755.3300002
1649289600000,43177.78,43894.7,42766.45,43466.21,989892880.7999998
1649376000000,43466.21,43982.39,42123.42,42273.38,1098738940.2
1649462400000,42273.38,42813.04,42136.04,42768.61,384171498.85999995
1649548800000,42768.61,43442.48,41921.59,42153.77,549311405.4499999
1649635200000,42153.77,42422.86,39229.4,39536.71,1423397890.92
1649721600000,39536.71,40673.93,39266.86,40086.66,1087667635.7
1649808000000,40086.66,41538.17,39591.74,41150.33,990022174.3100001
1649894400000,41150.33,41503.56,39587.14,39951.63,870654332.35
1649980800000,39951.63,40800.76,39779.2,40563.69,561514975.77
1650067200000,40563.69,40698.01,40019.08,40392.55,313875941.1299999
1650153600000,40392.55,40602.63,39563.9,39688.16,389893199.53
1650240000000,39688.16,41096.46,38569.14,40811.03,1101204133.5900002
1650326400000,40811.03,41755.93,40588.12,41504.44,768239204.74
1650412800000,41504.44,42208.1,40919.04,41375.35,1072814871.1900003
1650499200000,41375.35,42996.5,39864.73,40490.97,1324052657.8399997
1650585600000,40490.97,40794.73,39190.22,39716.04,1154693915.29
1650672000000,39716.04,39988.54,39305.67,39445.97,455659637.79999995
1650758400000,39445.97,39943.44,39044.29,39466.26,501272140.41999996
1650844800000,39466.26,40590.8,38234.7,40437.52,1514243711.32
1650931200000,40437.52,40797.85,37726.59,38117.39,1492483889.12
1651017600000,38117.39,39465.62,37900.6,39252.04,1341340920.2
1651104000000,39252.04,40386.5,38892.1,39749.75,1188927763.75
1651190400000,39749.75,39922.6,38179.15,38594.22,964020058.2100002
1651276800000,38594.22,38788.01,37607.77,37650.13,525291276.34999996
1651363200000,37650.13,38668.0,37461.76,38480.53,659030267.7400001
1651449600000,38480.53,39155.96,38057.31,38513.01,1152557748.7499998
1651536000000,38513.01,38644.5,37519.23,37725.38,1095654277.94
1651622400000,37725.38,40004.37,37665.8,39680.21,1426469839.2700002
1651708800000,39680.21,39831.19,35616.74,36546.86,1920976838.7199998
1651795200000,36546.86,36654.02,35318.86,36009.89,1682230363.22
1651881600000,36009.89,36129.02,34837.06,35469.21,713980596.9500002
1651968000000,35469.21,35503.12,33732.4,34033.77,1413921299.7700002
1652054400000,34033.77,34229.57,30068.1,30076.9,3472851115.69
1652140800000,30076.9,32625.41,29836.19,31013.12,3244062170.100001
1652227200000,31013.12,32136.04,28087.41,29017.21,3967102738.9300003
1652313600000,29017.21,30085.67,25835.61,28915.72,4501368166.31
1652400000000,28915.72,30964.26,28700.17,29244.83,1942170683.1600003
1652486400000,29244.83,30274.18,28588.99,30050.31,845013800.6099999
1652572800000,30050.31,31406.35,29462.91,31296.11,810199953.2099998
1652659200000,31296.11,31296.19,29104.45,29838.5,1242326194.23
1652745600000,29838.5,30744.47,29434.76,30415.91,1000070390.5799999
1652832000000,30415.91,30673.66,28610.2,28667.29,1322816665.45
1652918400000,28667.29,30505.0,28653.17,30282.48,1453211639.97
1653004800000,30282.48,30725.44,28698.31,29166.15,1692088244.4299998
1653091200000,29166.15,29613.15,28924.28,29410.72,462392582.19
1653177600000,29410.72,30454.36,29219.51,30264.29,639923811.62
1653264000000,30264.29,30634.84,28861.27,29075.68,1147137210.6299999
1653350400000,29075.68,29800.48,28629.55,29630.05,826118559.89
1653436800000,29630.05,30189.17,29321.43,29508.27,800315804.0699999
1653523200000,29508.27,29848.6,28060.72,29188.71,1314694988.3600004
1653609600000,29188.71,29359.16,28251.91,28597.33,1054644721.06
1653696000000,28597.33,29234.85,28504.59,29013.53,365397751.75
1653782400000,29013.53,29548.72,28820.15,29452.23,374906552.33000004
1653868800000,29452.23,32161.5,29287.63,31716.41,1426112899.5
1653955200000,31716.41,32367.02,31203.31,31782.16,1028808882.2799999
1654041600000,31782.16,31956.43,29324.1,29789.58,1343136773.18
1654128000000,29789.58,30647.18,29574.16,30439.63,932339972.8399999
1654214400000,30439.63,30676.7,29249.37,29680.3,734000142.9399998
1654300800000,29680.3,29953.65,29466.57,29845.48,310298122.35999995
1654387200000,29845.48,30151.31,29516.97,29897.9,311392830.20000005
1654473600000,29897.9,31740.27,29876.22,31353.78,1076503583.8600001
1654560000000,31353.78,31551.28,29210.15,31111.75,1340573593.6599998
1654646400000,31111.75,31305.48,29839.64,30189.27,844411303.8
1654732800000,30189.27,30677.87,29924.47,30082.94,620735850.8600001
1654819200000,30082.94,30336.9,28839.92,29067.38,1133049950.3299997
1654905600000,29067.38,30298.76,28105.18,28389.49,2983208677.5
1654992000000,28389.49,28519.32,26570.67,26587.35,1060464718.4299998
1655078400000,26587.35,26871.6,21976.15,22471.59,4089411013.3399997
1655164800000,22471.59,23214.28,20837.64,22118.37,2063908671.4300005
1655251200000,22118.37,22743.84,20083.9,22566.73,2516136880.3399997
1655337600000,22566.73,22961.17,20209.17,20372.85,1326876814.5000002
1655424000000,20372.85,21330.5,20221.24,20432.26,1312456705.75
1655510400000,20432.26,20722.69,17600.75,18954.25,1898530847.49
1655596800000,18954.25,20776.87,17936.0,20553.48,1190970309.6100001
1655683200000,20553.48,21016.02,19616.32,20550.91,995940744.76
1655769600000,20550.91,21694.7,20339.03,20699.21,954292227.7300001
1655856000000,20699.21,20862.67,19756.23,19956.16,1027725806.5000002
1655942400000,19956.16,21195.95,19870.07,21098.41,836636021.34
1656028800000,21098.41,21528.86,20717.47,21219.46,850728330.88
1656115200000,21219.46,21587.06,20902.05,21474.19,459148971.1
1656201600000,21474.19,21855.84,20968.82,21031.85,445023789.8
1656288000000,21031.85,21505.42,20553.32,20718.16,643546203.13
1656374400000,20718.16,21184.16,20179.52,20251.96,680727935.74
1656460800000,20251.96,20402.7,19844.86,20094.16,751143299.0099999
1656547200000,20094.16,20138.96,18622.86,19908.49,1084138608.25
1656633600000,19908.49,20817.65,18952.12,19249.33,1220917103.8399997
1656720000000,19249.33,19419.25,18965.44,19225.66,393018265.79
1656806400000,19225.66,19617.18,18768.2,19294.21,430213883.4400001
1656892800000,19294.21,20313.34,19036.44,20212.81,623812499.17
1656979200000,20212.81,20725.51,19284.32,20158.69,931653558.3699999
1657065600000,20158.69,20637.99,19749.93,20545.04,794040793.32
1657152000000,20545.04,21840.22,20242.62,21611.8,1059807101.58
1657238400000,21611.8,22377.17,21183.19,21592.65,1233183200.2200003
1657324800000,21592.65,21942.8,21328.96,21582.17,455218724.75999993
1657411200000,21582.17,21591.09,20671.26,20846.53,485593616.0200001
1657497600000,20846.53,20852.04,19872.03,19944.25,756481179.49
1657584000000,19944.25,20036.49,19230.29,19309.71,873486517.4
1657670400000,19309.71,20274.83,18919.1,20230.81,1176644137.91
1657756800000,20230.81,20869.51,19620.06,20577.38,1021414563.12
1657843200000,20577.38,21185.15,20373.45,20827.27,747216252.43
1657929600000,20827.27,21574.75,20481.02,21199.01,586102523.49
1658016000000,21199.01,21658.47,20752.85,20792.81,544609266.0600001
1658102400000,20792.81,22749.06,20760.73,22447.39,1466428849.48
1658188800000,22447.39,23790.89,21588.2,23399.91,1796378775.93
1658275200000,23399.91,24276.14,22923.14,23222.77,1752951921.34
1658361600000,23222.77,23419.67,22348.64,23153.54,1201004931.32
1658448000000,23153.54,23749.68,22513.01,22686.32,987692728.1100001
1658534400000,22686.32,22997.6,21953.76,22452.14,577941932.26
1658620800000,22452.14,23012.74,22270.07,22585.4,504031294.94
1658707200000,22585.4,22660.92,21268.28,21305.59,940453686.8600001
1658793600000,21305.59,21341.58,20733.24,21258.08,809969148.6700002
1658880000000,21258.08,23101.9,21049.67,22960.19,1159394788.88
1658966400000,22960.19,24196.42,22599.92,23855.65,1303025378.6499999
1659052800000,23855.65,24416.37,23444.29,23769.15,1011106548.4
1659139200000,23769.15,24619.11,23521.46,23646.03,778025187.47
1659225600000,23646.03,24187.18,23243.11,23308.14,545406548.9200001
1659312000000,23308.14,23504.29,22866.94,23271.57,730342406.95
1659398400000,23271.57,23451.58,22668.87,22991.49,787698099.6099999
1659484800000,22991.49,23615.71,22695.67,22825.25,1039306431.6099999
1659571200000,22825.25,23228.89,22418.27,22622.99,835033359.1
1659657600000,22622.99,23473.92,22590.7,23319.22,1166014614.11
1659744000000,23319.22,23350.56,22922.93,22956.4,400822462.10999995
1659830400000,22956.4,23400.38,22854.01,23179.86,388274452.93999994
1659916800000,23179.86,24244.59,23162.43,23817.72,976262666.1100001
1660003200000,23817.72,23923.56,22881.18,23156.66,894336182.0100002
1660089600000,23156.66,24216.73,22674.6,23959.67,1241926276.3400002
1660176000000,23959.67,24895.61,23867.0,23943.36,1338354341.0600004
1660262400000,23943.36,24458.75,23609.84,24412.17,816924712.49
1660348800000,24412.17,24892.27,24306.08,24449.86,710217434.5600002
1660435200000,24449.86,25012.36,24160.64,24313.71,886604908.1200002
1660521600000,24313.71,25203.38,23783.19,24101.69,1331189946.1300004
1660608000000,24101.69,24247.12,23673.2,23858.64,874700819.83
1660694400000,23858.64,24442.02,23185.14,23338.03,1079499588.62
1660780800000,23338.03,23595.74,23115.03,23201.51,582346641.95
1660867200000,23201.51,23202.7,20801.31,20833.43,1770449474.08
1660953600000,20833.43,21361.45,20772.5,21142.06,803223608.1500001
1661040000000,21142.06,21744.02,21074.63,21514.79,650828688.9899999
1661126400000,21514.79,21524.9,20908.27,21399.66,940511413.5400003
1661212800000,21399.66,21675.25,20896.83,21520.62,879396196.45
1661299200000,21520.62,21879.03,21154.75,21369.05,912147556.1899998
1661385600000,21369.05,21811.37,21314.81,21565.47,674553131.92
1661472000000,21565.47,21856.85,20121.8,20247.99,1564850841.7500002
1661558400000,20247.99,20363.82,19828.05,20038.42,774590756.92
1661644800000,20038.42,20155.59,19527.69,19554.08,597441164.23
1661731200000,19554.08,20415.53,19548.16,20292.37,1043661877.3300002
1661817600000,20292.37,20574.12,19548.55,19813.51,1405744450.5700002
1661904000000,19813.51,20483.64,19804.19,20050.28,1165077708.2499998
1661990400000,20050.28,20204.51,19571.05,20129.93,896421556.7200001
1662076800000,20129.93,20439.1,19760.56,19957.44,836881983.6799998
1662163200000,19957.44,20052.13,19659.2,19834.79,339922228.56
1662249600000,19834.79,20022.47,19591.33,20003.46,387149235.83
1662336000000,20003.46,20051.73,19638.59,19793.29,518213568.4500001
1662422400000,19793.29,20177.38,18707.09,18791.95,1428040857.48
1662508800000,18791.95,19458.77,18559.15,19287.52,961396794.49
1662595200000,19287.52,19452.91,19023.78,19321.77,850349370.88
1662681600000,19321.77,21559.78,19299.24,21369.73,1657848347.87
1662768000000,21369.73,21807.62,21138.54,21655.13,752905078.1899999
1662854400000,21655.13,21850.77,21366.74,21836.45,600008216.4200001
1662940800000,21836.45,22482.54,21567.71,22400.52,1264510737.9099996
1663027200000,22400.52,22767.89,19914.37,20173.77,1788207293.1600003
1663113600000,20173.77,20530.34,19652.44,20233.68,1065222653.2900001
1663200000000,20233.68,20333.61,19529.68,19700.15,892897629.9300001
1663286400000,19700.15,19889.64,19346.99,19804.02,948028635.91
1663372800000,19804.02,20189.93,19756.39,20118.35,723991455.6900002
1663459200000,20118.35,20120.58,19345.98,19417.72,622064584.3699999
1663545600000,19417.72,19681.29,18292.38,19541.28,1289079956.8100002
1663632000000,19541.28,19634.28,18735.87,18879.95,1124075891.27
1663718400000,18879.95,19744.77,18189.92,18468.05,1811417134.72
1663804800000,18468.05,19509.87,18366.46,19405.96,1827681691.1299999
1663891200000,19405.96,19500.17,18540.64,19291.13,1261371285.3000002
1663977600000,19291.13,19308.47,18813.25,18924.39,566563739.6300001
1664064000000,18924.39,19172.03,18652.6,18809.94,544445399.9100001
1664150400000,18809.94,19316.15,18689.2,19230.96,1874981288.58
1664236800000,19230.96,20377.45,18832.07,19081.4,2089386131.8100004
1664323200000,19081.4,19774.99,18494.71,19412.67,1792918120.5900004
1664409600000,19412.67,19641.07,18848.01,19593.46,1327829608.7600002
1664496000000,19593.46,20180.46,19201.02,19425.63,1428753976.4399998
1664582400000,19425.63,19482.38,19188.77,19313.96,286091612.8
1664668800000,19313.96,19394.33,18929.91,19058.15,485799328.96999997
1664755200000,19058.15,19697.23,18988.8,19632.35,1106456268.73
1664841600000,19632.35,20459.26,19499.64,20344.58,1290593290.9400003
1664928000000,20344.58,20366.34,19757.31,20160.74,1195512448.3399997
1665014400000,20160.74,20449.46,19866.54,19965.12,1502842418.9000003
1665100800000,19965.12,20058.36,19331.73,19532.81,1177831670.2499998
1665187200000,19532.81,19625.41,19273.73,19419.32,339438324.44
1665273600000,19419.32,19558.67,19325.6,19442.41,386265984.4100001
1665360000000,19442.41,19526.12,19052.64,19131.36,856332007.8599999
1665446400000,19131.36,19263.78,18858.74,19058.29,1173375200.57
1665532800000,19058.29,19231.72,18977.33,19154.85,744262154.0999999
1665619200000,19154.85,19504.63,18229.27,19378.91,1669767296.93
1665705600000,19378.91,19946.24,19085.87,19182.01,1445859713.35
1665792000000,19182.01,19226.15,18989.54,19069.72,290658263.22999996
1665878400000,19069.72,19424.55,19065.87,19264.26,303391318.04
1665964800000,19264.26,19676.02,19159.47,19550.49,831592233.83
1666051200000,19550.49,19698.1,19095.12,19330.29,1167039781.81
1666137600000,19330.29,19359.2,19075.49,19123.89,943284685.9599999
1666224000000,19123.89,19339.65,18927.42,19043.54,1244652119.4099996
1666310400000,19043.54,19248.63,18696.2,19166.4,1191982244.06
1666396800000,19166.4,19254.68,19116.62,19207.57,314703377.70000005
1666483200000,19207.57,19687.8,19081.67,19572.6,607568457.44
1666569600000,19572.6,19593.09,19164.18,19331.06,1228052555.7700002
1666656000000,19331.06,20414.92,19243.03,20087.18,2052122456.4400005
1666742400000,20087.18,21013.26,20059.27,20776.76,2453067543.31
1666828800000,20776.76,20876.24,20207.09,20295.28,1813055358.3399997
1666915200000,20295.28,20751.67,20031.32,20599.89,1597589795.85
1667001600000,20599.89,21064.84,20564.11,20820.19,1219658735.56
1667088000000,20820.19,20936.41,20523.41,20630.65,797587682.8499998
1667174400000,20630.65,20833.31,20242.91,20492.56,1260610163.7300003
1667260800000,20492.56,20684.6,20336.33,20480.27,997276692.32
1667347200000,20480.27,20801.56,20061.18,20150.33,1861306372.1800003
1667433600000,20150.33,20385.92,20040.32,20207.99,1095711784.3799999
1667520000000,20207.99,21295.37,20182.9,21150.6,2037648086.9300003
1667606400000,21150.6,21471.49,21085.76,21301.57,706196028.5499998
1667692800000,21301.57,21363.27,20893.65,20910.59,586960236.63
1667779200000,20910.59,21066.63,20395.49,20593.73,1506814091.7999997
1667865600000,20593.73,20672.25,17452.87,18544.7,4026079371.74
1667952000000,18544.7,18581.64,15546.97,15820.02,4215919087.870001
1668038400000,15820.02,18113.28,15674.81,17559.67,2835119228.7300005
1668124800000,17559.67,17644.1,16383.43,17007.72,1767514338.2299998
1668211200000,17007.72,17067.53,16603.78,16773.9,582536367.9399999
1668297600000,16773.9,16921.72,16235.01,16307.47,586182485.98
1668384000000,16307.47,17157.81,15797.71,16592.04,1384247874.0799997
1668470400000,16592.04,17091.76,16509.15,16879.14,1282932319.7500002
1668556800000,16879.14,16988.63,16373.11,16648.05,1075046774.51
1668643200000,16648.05,16731.41,16405.81,16680.21,650179025.9899999
1668729600000,16680.21,16975.14,16531.77,16677.95,753255014.87
1668816000000,16677.95,16798.75,16539.01,16683.72,282884885.1
1668902400000,16683.72,16730.0,16169.2,16253.6,470894190.08000004
1668988800000,16253.6,16272.47,15480.69,15760.19,1289350720.9799998
1669075200000,15760.19,16277.08,15600.3,16198.25,1184556737.9099998
1669161600000,16198.25,16676.49,16144.79,16590.98,1087435133.3899999
1669248000000,16590.98,16787.9,16453.52,16588.46,624934230.5999999
1669334400000,16588.46,16605.86,16336.71,16508.33,572460119.2299999
1669420800000,16508.33,16687.21,16382.61,16451.53,346443601.62
1669507200000,16451.53,16587.18,16401.91,16420.87,300543689.48999995
1669593600000,16420.87,16477.82,16000.76,16207.01,867757025.6100001
1669680000000,16207.01,16528.39,16096.7,16431.79,833578637.8800001
1669766400000,16431.79,17216.6,16424.76,17162.35,1460126671.64
1669852800000,17162.35,17255.22,16865.92,16978.64,978462617.83
1669939200000,16978.64,17102.08,16827.01,17094.49,771518084.7800002
1670025600000,17094.49,17152.49,16868.66,16888.31,419139334.97
1670112000000,16888.31,17194.4,16884.91,17111.76,508091945.23
1670198400000,17111.76,17409.45,16879.12,16966.84,1077884559.24
1670284800000,16966.84,17101.02,16917.86,17086.52,811906594.3499999
1670371200000,17086.52,17126.91,16713.28,16837.85,710367336.2300001
1670457600000,16837.85,17286.64,16757.86,17226.02,827814503.9
1670544000000,17226.02,17319.38,17077.4,17126.85,712368959.6200001
1670630400000,17126.85,17221.25,17102.71,17129.19,296657331.91
1670716800000,17129.19,17259.64,17080.42,17094.83,379827965.4100001
1670803200000,17094.83,17239.13,16881.75,17208.66,739369625.4499998
1670889600000,17208.66,17945.07,17096.23,17775.32,1407400841.4700003
1670976000000,17775.32,18344.32,17684.33,17801.37,1523737945.31
1671062400000,17801.37,17853.72,17296.89,17359.21,1200283423.3899999
1671148800000,17359.21,17520.63,16611.58,16658.44,1508594012.33
1671235200000,16658.44,16794.06,16593.68,16780.55,684665347.3000001
1671321600000,16780.55,16830.84,16673.02,16742.74,421765916.46
1671408000000,16742.74,16813.47,16350.32,16442.79,1050395879.86
1671494400000,16442.79,17028.68,16404.94,16901.12,1315229591.0899997
1671580800000,16901.12,16922.92,16737.8,16821.13,711271059.5
1671667200000,16821.13,16860.78,16571.31,16816.01,814340454.8999999
1671753600000,16816.01,16907.78,16763.01,16780.97,789038908.8
1671840000000,16780.97,16857.81,16779.49,16837.16,293139806.7
1671926400000,16837.16,16850.93,16736.37,16829.1,295850564.64
1672012800000,16829.1,16926.73,16796.91,16916.07,347724478.09000003
1672099200000,16916.07,16960.3,16606.04,16700.54,720956171.2199999
1672185600000,16700.54,16767.99,16471.35,16540.47,901583901.6299999
1672272000000,16540.47,16650.11,16487.13,16631.24,682471478.62
1672358400000,16631.24,16637.25,16364.76,16599.47,880260779.52
1672444800000,16599.47,16625.46,16487.05,16531.31,456998456.44000006
1672531200000,16531.31,16619.82,16502.85,16613.87,335220861.57000005
1672617600000,16613.87,16768.07,16544.15,16670.08,503360386.61999995
1672704000000,16670.08,16766.7,16605.01,16670.16,628582193.8299999
1672790400000,16670.16,16972.62,16651.02,16846.82,990689260.5699998
1672876800000,16846.82,16869.84,16764.64,16825.87,524511536.58
1672963200000,16825.87,17013.77,16687.42,16946.16,883642131.5200001
1673049600000,16946.16,16972.62,16905.39,16942.73,196915427.54
1673136000000,16942.73,17132.21,16913.28,17115.81,359149910.85
1673222400000,17115.81,17387.59,17103.2,17179.03,1271943559.9199998
1673308800000,17179.03,17484.36,17148.57,17442.44,997764944.9300001
1673395200000,17442.44,17986.45,17324.71,17938.0,1113334370.51
1673481600000,17938.0,19092.31,17906.4,18849.0,2252897545.6199994
1673568000000,18849.0,19992.23,18717.45,19932.05,1820146569.5900002
1673654400000,19932.05,21255.15,19895.77,20954.52,2223938908.1
1673740800000,20954.52,21047.91,20575.44,20878.94,924310249.72
1673827200000,20878.94,21438.83,20635.89,21188.92,1399257790.93
1673913600000,21188.92,21555.18,20866.41,21136.12,1181967488.79
1674000000000,21136.12,21624.6,20411.68,20678.47,1733563129.01
1674086400000,20678.47,21180.98,20670.44,21082.28,1141134569.3700001
1674172800000,21082.28,22724.89,20884.26,22676.2,1793127005.7
1674259200000,22676.2,23327.14,22465.82,22789.92,2212422402.48
1674345600000,22789.92,23072.22,22343.13,22714.99,1419749432.9199998
1674432000000,22714.99,23154.59,22585.74,22917.47,1622068993.4
1674518400000,22917.47,23159.62,22485.0,22637.8,1788469593.54
1674604800000,22637.8,23801.04,22354.6,23066.28,2010835832.2099998
1674691200000,23066.28,23268.02,22870.4,23009.15,1477492373.8100002
1674777600000,23009.15,23485.53,22594.06,23077.75,1499524205.45
1674864000000,23077.75,23181.57,22895.7,23031.02,465656885.65
1674950400000,23031.02,23948.42,22981.04,23747.26,1356557545.1499999
1675036800000,23747.26,23796.62,22577.01,22833.34,1699735992.0299997
1675123200000,22833.34,23271.14,22725.41,23129.7,1144361734.88
1675209600000,23129.7,23799.9,22792.33,23730.52,1166002955.1
1675296000000,23730.52,24229.18,23423.04,23470.8,1378661476.27
1675382400000,23470.8,23709.93,23230.74,23437.21,961229252.1700001
1675468800000,23437.21,23582.26,23268.8,23332.1,334962158.56
1675555200000,23332.1,23429.68,22796.98,22940.79,628865943.87
1675641600000,22940.79,23147.93,22655.5,22761.44,918256802.2800001
1675728000000,22761.44,23343.29,22752.6,23252.78,852489794.18
1675814400000,23252.78,23407.79,22688.45,22961.13,746102368.0500002
1675900800000,22961.13,23000.67,21741.16,21807.55,1626493846.31
1675987200000,21807.55,21940.0,21495.4,21634.86,1139170302.7399998
1676073600000,21634.86,21897.19,21611.54,21862.19,371394433.41999996
1676160000000,21862.19,22081.41,21659.69,21790.14,601407332.19
1676246400000,21790.14,21895.37,21407.31,21787.77,1271661452.3699996
1676332800000,21787.77,22308.02,21587.95,22208.56,1121665134.7
1676419200000,22208.56,24338.52,22059.91,24332.21,1636571319.79
1676505600000,24332.21,25233.22,23522.57,23533.22,2195432803.4800005
1676592000000,23533.22,25012.32,23368.98,24578.28,2024871806.47
1676678400000,24578.28,24854.76,24454.5,24638.27,550069111.9599999
1676764800000,24638.27,25175.28,24253.13,24287.53,1073608902.5400001
1676851200000,24287.53,25098.8,23873.19,24838.09,1341924666.6299996
1676937600000,24838.09,25216.35,24168.6,24450.5,1699888067.13
1677024000000,24450.5,24471.79,23597.76,24186.92,1707889533.15
1677110400000,24186.92,24595.08,23629.29,23941.1,1630064365.84
1677196800000,23941.1,24125.33,22830.91,23189.78,1610829236.2200003
1677283200000,23190.14,23218.2,22809.19,23168.68,569329617.9300001
1677369600000,23168.68,23671.2,23068.22,23557.29,632282012.46
1677456000000,23557.29,23884.1,23148.47,23492.86,1057863335.55
1677542400000,23492.86,23595.27,23038.65,23137.23,814380395.42
1677628800000,23137.23,23980.02,23036.22,23642.8,1070132297.8900002
1677715200000,23642.8,23794.81,23210.39,23467.23,813452928.1300001
1677801600000,23467.23,23477.22,22134.9,22360.92,1328714697.9799998
1677888000000,22360.92,22410.68,22177.19,22353.23,264342272.33999997
1677974400000,22353.23,22638.92,22243.05,22434.09,468467084.05
1678060800000,22434.09,22595.33,22311.67,22410.79,607585243.3000001
1678147200000,22410.79,22540.85,21951.39,22201.44,865083425.3100002
1678233600000,22201.44,22262.91,21628.01,21704.74,907354581.0000001
1678320000000,21704.74,21822.92,20113.96,20370.48,1584851678.82
1678406400000,20370.48,20371.25,19599.47,20206.71,2103890132.27
1678492800000,20206.71,20847.88,19895.33,20613.6,1416403424.2300003
1678579200000,20613.6,22224.01,20445.19,22183.71,1352204877.0900002
1678665600000,22183.71,24596.0,21896.85,24207.1,2198916015.7399993
1678752000000,24207.1,26522.41,24071.83,24757.56,2783419006.4400005
1678838400000,24757.56,25272.47,23946.02,24372.11,1826358018.07
1678924800000,24372.11,25211.23,24220.45,25049.83,1372954003.9900002
1679011200000,25049.83,27782.88,24945.9,27441.41,2554985216.5499997
1679097600000,27441.41,27749.91,26655.22,26973.46,1335463761.6
1679184000000,26973.46,28441.41,26901.66,28040.29,1337898482.6699998
1679270400000,28040.29,28539.63,27228.03,27807.05,1838684361.1000001
1679356800000,27807.05,28494.87,27416.8,28188.11,1282225223.5600002
1679443200000,28188.11,28902.98,26676.69,27316.18,2277940781.7599998
1679529600000,27316.18,28807.82,27190.13,28345.7,1769187941.87
1679616000000,28345.7,28421.94,27054.76,27493.01,1456957037.99
1679702400000,27493.01,27819.55,27186.95,27492.83,618098148.61
1679788800000,27492.83,28217.66,27448.83,27995.16,734596186.27
1679875200000,27995.16,28045.33,26551.46,27146.01,1256153698.35
1679961600000,27146.01,27527.5,26638.39,27266.08,997573892.4800003
1680048000000,27266.08,28643.21,27254.72,28355.7,1396887121.7000003
1680134400000,28355.7,29171.13,27735.19,28040.71,1666973949.9299998
1680220800000,28040.71,28651.82,27552.64,28474.62,1278854661.76
1680307200000,28474.62,28816.74,28263.72,28468.49,446928904.21999997
1680393600000,28468.49,28537.18,27885.3,28187.85,461356032.50999993
1680480000000,28187.85,28498.51,27292.3,27809.04,1328993515.1899998
1680566400000,27809.04,28441.54,27671.89,28177.23,911124090.1700001
1680652800000,28177.23,28766.02,27843.06,28180.06,1072312476.9899998
1680739200000,28180.06,28191.21,27736.36,28043.49,730428566.02
1680825600000,28043.49,28110.82,27786.82,27927.8,407205241.71000004
1680912000000,27927.8,28168.77,27879.51,27953.93,259437156.75000003
1680998400000,27953.93,28539.41,27825.42,28340.68,459285638.27000004
1681084800000,28340.68,29776.84,28179.73,29655.75,1211248945.3000002
1681171200000,29655.75,30558.49,29612.35,30226.45,1420381272.6499999
1681257600000,30226.45,30499.62,29710.91,29905.56,1094799669.68
1681344000000,29905.56,30603.93,29881.9,30407.76,967351995.5799998
1681430400000,30407.76,31020.32,30015.78,30491.71,1491399385.7099998
1681516800000,30491.71,30615.21,30237.51,30321.55,413221716.14999986
1681603200000,30321.55,30562.42,30155.49,30322.37,524392638.1000001
1681689600000,30322.37,30331.32,29265.91,29446.34,1037503329.38
1681776000000,29446.34,30485.26,29135.27,30395.53,1095189891.17
1681862400000,30395.53,30419.74,28615.79,28821.91,1600523152.2799997
1681948800000,28821.91,29094.98,28007.09,28248.11,1180562733.7599998
1682035200000,28248.11,28365.2,27173.44,27261.17,1207725781.39
1682121600000,27261.17,27883.77,27150.5,27820.73,479603472.19000006
1682208000000,27820.73,27822.57,27352.28,27596.85,504160726.42999995
1682294400000,27596.85,27988.76,26998.44,27520.93,940115640.57
1682380800000,27520.93,28394.39,27200.99,28308.07,876191270.4
1682467200000,28308.07,30016.54,27261.2,28432.89,2278451179.31
1682553600000,28432.89,29890.36,28397.94,29483.94,1850604653.9900005
1682640000000,29483.94,29600.91,28920.19,29339.99,1030276785.6999999
1682726400000,29339.99,29457.51,29078.4,29251.2,332020115.9
1682812800000,29251.2,29958.96,29113.64,29236.81,685897041.9300001
1682899200000,29236.81,29340.45,27680.56,28086.77,1246630368.79
1682985600000,28086.77,28895.93,27899.16,28694.7,927486609.6899998
1683072000000,28694.7,29278.11,28151.97,29041.65,1150554649.5000002
1683158400000,29041.65,29376.48,28702.7,28865.72,799149017.4199998
1683244800000,28865.72,29701.05,28852.44,29548.51,1039027772.95
1683331200000,29548.51,29853.13,28449.95,28943.98,713641803.94
1683417600000,28943.98,29212.06,28547.22,28572.81,480627306.91
1683504000000,28572.81,28786.01,27396.42,27783.42,1136175854.6899998
1683590400000,27783.42,27963.87,27510.12,27680.21,634693185.12
1683676800000,27680.21,28330.36,26840.62,27628.73,1162217682.9600003
1683763200000,27628.73,27642.56,26731.83,26991.62,802346192.2400001
1683849600000,26991.62,27092.93,25833.3,26807.09,1123450368.3500001
1683936000000,26807.09,27043.5,26705.45,26788.88,335722601.81
1684022400000,26788.88,27189.55,26611.92,26931.44,319668371.37
1684108800000,26931.44,27668.19,26759.29,27176.27,764041771.98
1684195200000,27176.27,27304.97,26869.45,27036.57,649282623.4700001
1684281600000,27036.57,27488.05,26565.39,27406.21,788279620.5100001
1684368000000,27406.21,27476.67,26379.63,26823.31,749234030.86
1684454400000,26823.31,27178.6,26668.92,26888.42,442561191.99000007
1684540800000,26888.42,27164.5,26840.23,27118.54,199050865.33
1684627200000,27118.54,27280.07,26691.06,26755.17,322799242.31999993
1684713600000,26755.17,27084.08,26548.27,26855.4,474287648.54999995
1684800000000,26855.4,27480.33,26808.03,27224.7,578611517.75
1684886400000,27224.7,27225.89,26092.06,26326.17,843296169.2999998
1684972800000,26326.17,26605.5,25882.27,26480.21,604389199.5400001
1685059200000,26480.21,26940.67,26338.96,26719.7,542617989.87
1685145600000,26719.7,26902.14,26585.34,26872.59,198605797.63
1685232000000,26872.59,28249.51,26789.58,28077.57,543751511.42
1685318400000,28077.57,28450.88,27546.65,27746.07,604161699.4000001
1685404800000,27746.07,28052.68,27568.98,27703.56,656814149.0599998
1685491200000,27703.56,27836.82,26853.57,27220.17,770131646.33
1685577600000,27220.17,27347.94,26628.22,26825.73,645324727.6700002
1685664000000,26825.73,27305.0,26519.23,27251.14,643162971.0
1685750400000,27251.14,27330.86,26946.35,27078.3,219785033.14999998
1685836800000,27078.3,27451.16,26964.17,27125.24,248793311.49
1685923200000,27125.24,27135.1,25411.77,25740.46,973121005.98
1686009600000,25740.46,27379.88,25380.61,27269.02,1007782393.9599999
1686096000000,27269.02,27423.02,26132.38,26348.91,816508052.8399999
1686182400000,26348.91,26816.33,26225.25,26509.09,401604312.96
1686268800000,26509.09,26777.91,26290.32,26483.81,439912147.3800001
1686355200000,26483.81,26533.58,25424.05,25856.18,809187356.1300001
1686441600000,25856.18,26214.2,25655.94,25937.58,341057974.44
1686528000000,25937.58,26099.5,25629.48,25905.64,441188405.5900001
1686614400000,25905.64,26425.22,25717.6,25928.94,599487905.6800002
1686700800000,25928.94,26074.14,24836.48,25125.73,684056303.1
1686787200000,25125.73,25740.96,24765.75,25574.36,824201465.1000001
1686873600000,25574.36,26479.27,25205.5,26330.59,715401866.5300001
1686960000000,26330.59,26780.79,26170.91,26510.43,331591669.75
1687046400000,26510.43,26686.77,26260.74,26338.0,248624880.02999997
1687132800000,26338.0,27036.32,26265.34,26842.09,477713441.94000006
1687219200000,26842.09,28407.13,26648.29,28319.35,1265530107.36
1687305600000,28319.35,30780.84,28276.59,30000.55,1710075101.4600003
1687392000000,30000.55,30499.85,29611.53,29892.81,1034077333.6400002
1687478400000,29892.81,31416.26,29818.21,30705.39,1263857697.3700001
1687564800000,30705.39,30811.37,30276.97,30548.2,399256498.0500001
1687651200000,30548.2,31051.66,30297.61,30473.64,410384145.77
1687737600000,30473.64,30658.58,29930.89,30271.91,656487409.9600002
1687824000000,30271.91,31013.13,30232.66,30696.99,683163079.0700002
1687910400000,30696.99,30714.46,29862.15,30078.9,577536151.2900001
1687996800000,30078.9,30833.99,30043.07,30447.17,654120553.88
1688083200000,30447.17,31272.25,29465.7,30471.06,1438707503.2600002
1688169600000,30471.06,30653.27,30321.27,30590.76,221634243.17
1688256000000,30590.76,30788.75,30181.34,30617.66,264438993.35999998
1688342400000,30617.66,31388.17,30575.7,31160.24,606995802.77
1688428800000,31160.24,31331.3,30638.68,30774.39,411450957.23999995
1688515200000,30774.39,30877.17,30201.06,30503.07,484235780.21999997
1688601600000,30503.07,31521.11,29869.18,29907.98,942103548.6700002
1688688000000,29907.98,30450.48,29725.12,30349.69,584908167.7199999
1688774400000,30349.69,30383.67,30056.18,30294.36,192238272.3
1688860800000,30294.36,30441.0,30074.68,30171.49,216124236.01
1688947200000,30171.49,31045.4,29964.03,30421.04,674592681.26
1689033600000,30421.04,30805.91,30314.1,30626.62,539220942.4399999
1689120000000,30626.62,30977.57,30214.19,30385.22,755704294.13
1689206400000,30385.22,31844.94,30259.09,31475.78,1314075890.89
1689292800000,31475.78,31636.78,29929.3,30331.09,1021600213.0900002
1689379200000,30331.09,30403.12,30258.91,30298.45,149344124.17000002
1689465600000,30298.45,30450.66,30083.92,30248.17,224532522.68
1689552000000,30248.17,30340.04,29675.15,30147.68,558752237.55
1689638400000,30147.68,30244.13,29538.16,29863.79,560798877.4100001
1689724800000,29863.79,30193.82,29765.06,29918.6,446435257.92
1689811200000,29918.6,30417.9,29577.88,29809.61,577250260.24
1689897600000,29809.61,30060.04,29737.09,29911.46,395907301.05
1689984000000,29911.46,30000.3,29635.44,29791.61,182484169.27000004
1690070400000,29791.61,30345.9,29738.58,30085.68,244328645.66000006
1690156800000,30085.68,30097.78,28860.94,29181.04,744538575.99
1690243200000,29181.04,29367.59,29054.49,29226.63,354541899.1599999
1690329600000,29226.63,29682.98,29098.81,29352.06,486510821.9000001
1690416000000,29352.06,29566.99,29082.04,29217.05,373268935.1700001
1690502400000,29217.05,29528.45,29121.24,29316.82,342975082.6499999
1690588800000,29316.82,29406.57,29258.14,29358.76,146316010.0
1690675200000,29358.76,29449.84,29043.43,29283.34,224246250.79
1690761600000,29283.34,29524.99,29108.82,29231.47,426457343.15
1690848000000,29231.47,29721.48,28564.09,29699.74,822433494.2499999
1690934400000,29699.74,30029.06,28914.46,29163.69,838251477.6799998
1691020800000,29163.69,29397.03,28945.61,29177.75,450334651.18
1691107200000,29177.75,29308.95,28794.51,29078.51,375805085.3899999
1691193600000,29078.51,29111.36,28953.98,29050.34,120051247.28
1691280000000,29050.34,29164.68,28962.89,29046.16,126689336.09
1691366400000,29046.16,29245.27,28672.37,29182.16,475156597.17
1691452800000,29182.16,30210.36,29111.88,29770.51,786792606.3600001
1691539200000,29770.51,30120.86,29356.43,29566.47,532770863.34000003
1691625600000,29566.47,29707.55,29319.58,29428.1,375142806.93
1691712000000,29428.1,29535.4,29219.56,29403.56,310027638.0899999
1691798400000,29403.56,29471.12,29356.08,29417.08,102819295.46999998
1691884800000,29417.08,29447.27,29257.12,29281.55,115373186.77000001
1691971200000,29281.55,29664.61,29082.39,29409.22,362522208.46000004
1692057600000,29409.22,29460.86,29056.77,29171.23,299026558.27000004
1692144000000,29171.23,29228.22,28696.21,28702.8,479152538.99999994
1692230400000,28702.8,28752.02,25328.06,26629.67,1394530695.4299998
1692316800000,26629.67,26823.13,25629.62,26049.69,888090076.39
1692403200000,26049.69,26266.25,25797.39,26095.8,265159375.48000002
1692489600000,26095.8,26291.33,25983.85,26191.01,192271431.08
1692576000000,26191.01,26248.2,25819.92,26126.18,430024076.12
1692662400000,26126.18,26137.6,25369.8,26043.01,514473682.5500001
1692748800000,26043.01,26807.82,25802.48,26429.4,672652092.32
1692835200000,26429.4,26565.88,25859.32,26166.22,449180401.67
1692921600000,26166.22,26291.13,25759.58,26051.29,489263026.8400001
1693008000000,26051.29,26109.19,25979.58,26010.35,93024725.62999998
1693094400000,26010.35,26168.79,25966.75,26091.32,107924452.3
1693180800000,26091.32,26233.53,25861.84,26106.0,302943657.29999995
1693267200000,26106.0,28154.08,25911.89,27724.41,1089036684.87
1693353600000,27724.41,27766.41,27036.49,27305.41,520197057.9899999
1693440000000,27305.41,27563.68,25683.18,25937.29,741278108.51
1693526400000,25937.29,26137.14,25323.44,25798.79,639696809.3700001
1693612800000,25798.79,25980.31,25729.66,25868.56,181289556.34000003
1693699200000,25868.56,26115.72,25805.82,25971.37,160541183.83999997
1693785600000,25971.37,26089.36,25636.28,25816.24,228454428.06
1693872000000,25816.24,25878.61,25567.56,25785.01,280146729.53999996
1693958400000,25785.01,26019.64,25379.85,25751.71,390027105.26
1694044800000,25751.71,26426.41,25600.8,26264.75,491838528.78
1694131200000,26264.75,26443.61,25650.9,25907.13,482397556.58
1694217600000,25907.13,25936.62,25799.89,25898.41,105931726.37999997
1694304000000,25898.41,26020.84,25589.02,25833.67,217583144.53
1694390400000,25833.67,25889.38,24911.78,25157.07,619642052.87
1694476800000,25157.07,26545.24,25128.37,25840.34,937711286.4700001
1694563200000,25840.34,26432.59,25768.65,26227.49,495397769.93000007
1694649600000,26227.49,26845.74,26136.39,26533.66,649517751.6300001
1694736000000,26533.66,26879.57,26224.91,26605.49,459310066.6500001
1694822400000,26605.49,26771.68,26459.99,26569.13,187703875.46
1694908800000,26569.13,26621.93,26413.39,26533.12,151125765.15
1694995200000,26533.12,27425.7,26394.81,26767.82,797114111.2999997
1695081600000,26767.82,27493.85,26676.6,27219.02,670630172.7199999
1695168000000,27219.02,27389.22,26814.07,27126.4,581302466.1499999
1695254400000,27126.4,27162.0,26373.55,26567.47,559336631.6900002
1695340800000,26567.47,26738.04,26478.87,26583.16,408613785.2599999
1695427200000,26583.16,26640.84,26522.49,26585.41,139605320.22
1695513600000,26585.41,26732.91,26146.79,26261.44,260953441.63
1695600000000,26261.44,26439.02,25997.17,26297.93,518905094.4899999
1695686400000,26297.93,26395.42,26090.75,26212.59,338286231.15999997
1695772800000,26212.59,26828.5,26096.78,26360.2,638562791.03
1695859200000,26360.2,27306.05,26328.53,27027.2,827813877.45
1695945600000,27027.2,27233.94,26674.22,26909.4,585322764.89
1696032000000,26909.4,27095.39,26887.09,26964.27,195916128.74999997
1696118400000,26964.27,28060.49,26958.76,27994.51,464200302.06999993
1696204800000,27994.51,28585.13,27312.81,27507.22,1198411956.4899998
1696291200000,27507.22,27669.05,27170.07,27428.66,620603083.1800001
1696377600000,27428.66,27836.54,27222.97,27789.8,497243557.21
1696464000000,27789.8,28128.37,27363.01,27414.59,696054430.5600001
1696550400000,27414.59,28280.04,27181.63,27946.61,701648471.47
1696636800000,27946.61,28035.05,27864.11,27973.69,205394649.01000002
1696723200000,27973.69,28105.36,27714.35,27933.57,238690010.87
1696809600000,27933.57,27999.8,27282.89,27598.77,603964078.0799999
1696896000000,27598.77,27735.72,27298.5,27395.4,511109469.32000005
1696982400000,27395.4,27475.69,26531.55,26871.21,821395574.14
1697068800000,26871.21,26937.98,26549.78,26756.23,438531983.5199999
1697155200000,26756.23,27110.91,26674.97,26862.9,496779424.55
1697241600000,26862.9,26982.78,26810.02,26854.52,157685357.76
1697328000000,26854.52,27297.26,26813.06,27177.41,297110024.6
1697414400000,27177.41,30009.15,27131.48,28518.37,1884462991.6800003
1697500800000,28518.37,28628.83,28094.14,28409.46,739741149.32
1697587200000,28409.46,28988.79,28156.7,28328.07,682875511.6999999
1697673600000,28328.07,28927.17,28135.5,28733.78,730081363.2900001
1697760000000,28733.78,30243.12,28596.96,29684.37,1241026952.55
1697846400000,29684.37,30365.61,29480.22,29924.08,467626116.4699999
1697932800000,29924.08,30232.64,29674.58,30001.44,414432274.93
1698019200000,30001.44,34739.17,29898.26,33084.08,2308556876.23
1698105600000,33084.08,35183.22,32857.8,33923.52,2559949343.799999
1698192000000,33923.52,35136.87,33698.9,34503.4,1481128342.81
1698278400000,34503.4,34836.51,33746.16,34157.06,1248469956.7100003
1698364800000,34157.06,34246.78,33406.13,33907.7,1044635721.1499999
1698451200000,33907.7,34494.4,33876.07,34090.05,371696781.3500001
1698537600000,34090.05,34761.09,33947.8,34535.38,469534963.71000004
1698624000000,34535.38,34862.12,34090.22,34494.56,825552244.7899998
1698710400000,34494.56,34726.05,34058.4,34657.73,756326173.7199998
1698796800000,34657.73,35623.76,34096.9,35439.76,1190955576.09
1698883200000,35439.76,35973.2,34323.19,34947.15,1097011932.1499999
1698969600000,34947.15,34950.21,34118.29,34732.28,960199464.6999998
1699056000000,34732.28,35278.07,34606.38,35086.09,377653497.45
1699142400000,35086.09,35393.84,34489.02,35039.47,533016306.01
1699228800000,35039.47,35288.36,34758.64,35054.59,613732584.9699999
1699315200000,35054.59,35929.83,34537.87,35421.85,1012278827.66
1699401600000,35421.85,36109.43,35120.46,35638.33,937630450.5
1699488000000,35638.33,37990.51,35557.78,36704.14,2296501186.42
1699574400000,36704.14,37536.44,36342.27,37321.51,1206040827.1000001
1699660800000,37321.51,37417.29,36701.83,37142.22,553215494.0899999
1699747200000,37142.22,37233.45,36747.05,37079.76,345567975.96999997
1699833600000,37079.76,37429.52,36358.0,36482.51,897671274.6300001
1699920000000,36482.51,36752.31,34788.17,35551.21,1219819360.8600001
1700006400000,35551.21,37977.31,35374.22,37884.19,1436101057.9300003
1700092800000,37884.19,37951.14,35512.38,36162.42,1428319260.7200005
1700179200000,36162.42,36780.63,35873.7,36626.32,1027029255.0899999
1700265600000,36626.32,36853.45,36212.85,36591.19,316037508.0
1700352000000,36591.19,37529.1,36411.61,37388.64,430198062.65
1700438400000,37388.64,37770.11,36767.05,37476.66,1162294169.28
1700524800000,37476.66,37665.29,35753.93,35758.72,1579350547.7800002
1700611200000,35758.72,37866.63,35656.41,37424.2,1335151412.8099997
1700697600000,37424.2,37646.06,36892.34,37299.18,626668140.08
1700784000000,37299.18,38432.07,37262.39,37737.05,1322597274.5600002
1700870400000,37737.05,37907.84,37616.03,37801.92,312424824.66
1700956800000,37801.92,37829.46,37159.52,37460.21,478214999.41999996
1701043200000,37460.21,37568.17,36727.3,37246.29,914744666.4999999
1701129600000,37246.29,38410.41,36879.99,37836.63,1265755538.49
1701216000000,37836.63,38456.97,37589.12,37861.9,1041457987.1500002
1701302400000,37861.9,38149.78,37505.7,37729.58,637264648.2899998
1701388800000,37729.58,38982.35,37626.12,38699.84,1268612412.24
1701475200000,38699.84,39712.52,38659.45,39469.35,677167721.22
1701561600000,39469.35,40203.23,39288.91,39980.93,638707315.0600001
1701648000000,39980.93,42399.42,39980.36,41984.41,2012390115.5600002
1701734400000,41984.41,44639.18,41368.51,44089.06,2234743414.44
1701820800000,44089.06,44286.67,43386.17,43771.01,1715623988.7399995
1701907200000,43771.01,44050.53,42856.57,43285.02,1320509439.9199998
1701993600000,43285.02,44735.52,43094.02,44186.18,1292562850.42
1702080000000,44186.18,44373.02,43597.57,43723.0,662982186.26
1702166400000,43723.0,44047.82,43584.51,43791.67,503801762.32000005
1702252800000,43791.67,43808.9,40180.77,41235.58,2446801856.72
1702339200000,41235.58,42080.61,40648.18,41472.94,1305859570.8600001
1702425600000,41472.94,43461.75,40579.83,42887.55,1517574126.2
1702512000000,42887.55,43416.91,41433.23,43030.6,1460749070.56
1702598400000,43030.6,43091.28,41662.1,41939.16,1065004798.32
1702684800000,41939.16,42678.86,41640.84,42243.26,570286280.9499999
1702771200000,42243.26,42372.05,41228.17,41349.42,772939037.51
1702857600000,41349.42,42744.41,40512.69,42650.27,1362661202.34
1702944000000,42650.27,43454.44,41796.54,42268.08,1318306822.39
1703030400000,42268.08,44303.12,42195.52,43669.91,1805958609.8999999
1703116800000,43669.91,44245.16,43306.15,43875.01,1306652594.3799999
1703203200000,43875.01,44417.78,43426.51,44008.04,1084076406.4900002
1703289600000,44008.04,44024.62,43338.34,43732.75,479555333.82
1703376000000,43732.75,43965.2,42635.13,43023.12,621424795.86
1703462400000,43023.12,43808.21,42763.83,43593.79,639501515.37
1703548800000,43593.79,43604.51,41616.59,42517.32,1297798884.9700005
1703635200000,42517.32,43694.83,42121.77,43469.34,1178861473.0900002
1703721600000,43469.34,43817.61,42283.91,42588.94,1249335317.0400002
1703808000000,42588.94,43134.59,41296.86,42073.59,1450476730.9300003
1703894400000,42073.59,42595.81,41529.95,42146.03,905852574.5000001
1703980800000,42146.03,42863.11,41970.37,42280.14,912867128.1700001
1704067200000,42280.14,44210.89,42187.32,44197.61,839894208.6700001
1704153600000,44197.61,45918.98,44181.86,44970.34,2596745175.0
1704240000000,44970.34,45513.73,40214.67,42854.08,3533041051.85
1704326400000,42854.08,44797.03,42657.44,44194.38,2167748750.2
1704412800000,44194.38,44377.15,42508.08,44178.89,2368276569.19
1704499200000,44178.89,44248.4,43444.9,43988.33,717065469.3499999
1704585600000,43988.33,44496.47,43639.57,43950.84,884154712.51
1704672000000,43950.84,47295.94,43209.8,46988.14,3000303505.0199995
1704758400000,46988.14,47923.17,44889.64,46123.0,3083632967.78
1704844800000,46123.0,47705.84,44326.32,46667.48,3677964834.64
1704931200000,46667.48,49054.05,45580.11,46353.15,3638877778.7400002
1705017600000,46353.15,46512.17,41454.57,42776.42,3855256978.6299996
1705104000000,42776.42,43243.47,42438.36,42839.19,986309535.0199997
1705190400000,42839.19,43060.49,41702.53,41704.39,924871801.9699998
1705276800000,41704.39,43325.88,41687.69,42491.26,1046074902.52
1705363200000,42491.26,43562.19,42047.82,43130.88,1565259395.94
1705449600000,43130.88,43183.19,42172.64,42739.27,1403011843.2099998
1705536000000,42739.27,42876.35,40606.86,41286.68,1885882508.37
1705622400000,41286.68,42151.57,40246.58,41625.47,1864062474.1899998
1705708800000,41625.47,41846.45,41433.27,41677.08,544668570.5500001
1705795200000,41677.08,41862.83,41493.59,41570.17,382561229.53999996
1705881600000,41570.17,41669.9,39396.81,39523.63,2270442343.13
1705968000000,39523.63,40136.09,38512.34,39876.44,1805745649.27
1706054400000,39876.44,40526.25,39429.31,40078.62,1476062916.94
1706140800000,40078.62,40280.91,39523.94,39941.74,1164224625.5099998
1706227200000,39941.74,42227.71,39814.87,41816.55,1763833855.7399998
1706313600000,41816.55,42191.83,41393.22,42124.02,444567824.0999999
1706400000000,42124.02,42822.8,41632.18,42028.92,702267432.7700001
1706486400000,42028.92,43308.42,41804.05,43302.28,1184671101.98
1706572800000,43302.28,43855.77,42690.4,42943.64,1498626265.11
1706659200000,42943.64,43734.38,42276.82,42555.08,1695950546.7500002
1706745600000,42555.08,43267.39,41855.88,43073.2,1234469121.2199998
1706832000000,43073.2,43452.76,42536.21,43181.71,1152442855.7299998
1706918400000,43181.71,43355.76,42874.37,42999.52,325725942.96000004
1707004800000,42999.52,43093.79,42232.02,42570.21,410404369.02000004
1707091200000,42570.21,43518.7,41931.59,42664.56,1062866796.13
1707177600000,42664.56,43360.05,42526.92,43091.51,966265875.5799999
1707264000000,43091.51,44402.0,42766.8,44339.04,1319628672.4099996
1707350400000,44339.04,45622.13,44333.87,45304.61,1785332802.4299998
1707436800000,45304.61,48208.27,45257.22,47154.23,2379925849.3099995
1707523200000,47154.23,48166.14,46894.61,47768.12,780554926.3599999
1707609600000,47768.12,48597.46,47592.04,48311.16,956986637.1000003
1707696000000,48311.16,50339.2,47718.59,49942.97,2319184140.23
1707782400000,49942.97,50392.92,48336.83,49733.11,2075339722.8
1707868800000,49733.11,52085.66,49272.58,51844.19,2252886326.86
1707955200000,51844.19,52845.45,51357.81,51934.57,2239765884.5
1708041600000,51934.57,52598.05,51604.88,52163.28,1680749372.1800005
1708128000000,52163.28,52201.89,50647.34,51668.78,910308869.8400002
1708214400000,51668.78,52393.59,51194.3,52139.33,762533081.8299999
1708300800000,52139.33,52487.6,51691.25,51781.22,989270690.8399999
1708387200000,51781.22,52985.95,50766.77,52269.59,2050493239.7699997
1708473600000,52269.59,52375.42,50633.49,51854.36,1676374071.14
1708560000000,51854.36,52056.01,50914.97,51263.67,1573393306.75
1708646400000,51263.67,51509.58,50523.07,50744.07,1345274653.0000002
1708732800000,50744.07,51687.88,50583.66,51574.61,548313000.53
1708819200000,51574.61,51957.87,51288.57,51727.63,640224439.0200001
1708905600000,51727.63,54939.87,50920.53,54518.58,2550669499.36
1708992000000,54518.58,57612.94,54483.19,57071.6,3546751167.69
1709078400000,57071.6,64086.08,56726.31,62507.1,6171823618.32
1709164800000,62507.1,63652.76,60370.98,61179.58,5259277822.519999
1709251200000,61179.58,63226.77,60795.21,62431.25,3267402863.3600006
1709337600000,62431.25,62479.07,61631.05,62038.39,1257238241.45
1709424000000,62038.39,63254.84,61392.4,63149.43,1265273119.51
1709510400000,63149.43,68562.03,62363.97,68338.64,5220774005.780001
1709596800000,68338.64,69244.55,59268.68,63804.11,8263897912.860001
1709683200000,63804.11,67645.97,62851.27,66115.57,4498440968.530001
1709769600000,66115.57,68065.89,65610.94,66928.15,2804368120.12
1709856000000,66928.15,70151.23,66173.73,68269.39,4046244830.7500005
1709942400000,68269.39,68663.92,68026.81,68446.32,1158711168.06
1710028800000,68446.32,69976.84,68218.19,69023.53,1919585405.5899997
1710115200000,69023.53,72872.77,67170.42,72095.86,4476609937.77
1710201600000,72095.86,72996.99,68636.43,71449.5,4173072731.64
1710288000000,71449.5,73672.14,71329.7,73118.09,3008299520.590001
1710374400000,73118.09,73802.64,68493.91,71366.96,4325873413.26
1710460800000,71366.96,72394.97,65579.78,69497.39,5016358153.0199995
1710547200000,69497.39,70043.23,64783.87,65260.55,2295869354.2799997
1710633600000,65260.55,68873.88,64529.3,68364.45,1962751757.0400002
1710720000000,68364.45,68925.18,66584.49,67609.44,2602930944.99
1710806400000,67609.44,68116.53,61529.15,61924.02,4863914201.81
1710892800000,61924.02,68139.33,60782.8,67857.3,4466872469.250001
1710979200000,67857.3,68229.38,64548.09,65493.22,2542747734.72
1711065600000,65493.22,66643.64,62321.3,63816.99,2395884490.04
1711152000000,63816.99,66005.71,63025.99,64004.42,1250716141.7900002
1711238400000,64004.42,67623.78,63802.82,67208.33,1253420264.9099998
1711324800000,67208.33,71202.65,66400.46,69892.26,3184570068.520001
1711411200000,69892.26,71558.85,69294.69,69990.22,2319265484.07
1711497600000,69990.22,71762.06,68384.71,69434.46,2817965870.71
1711584000000,69434.46,71593.93,68864.89,70789.57,2214217706.9000006
1711670400000,70789.57,70925.04,69059.03,69903.72,1216001428.9999998
1711756800000,69903.72,70356.07,69586.01,69629.99,515940317.6500001
1711843200000,69629.99,71389.78,69601.39,71312.91,745658086.54
1711929600000,71312.91,71325.61,68074.92,69686.37,2005923775.2500002
1712016000000,69686.37,69703.1,64571.71,65466.81,3234216304.9800005
1712102400000,65466.81,66925.93,64514.87,65986.11,1835055534.75
1712188800000,65986.11,69343.32,65081.42,68523.79,2475521298.63
1712275200000,68523.79,68772.34,65994.65,67860.53,2219856764.9900002
1712361600000,67860.53,69672.09,67483.82,68913.79,772361130.3299999
1712448000000,68913.79,70303.08,68877.35,69357.32,951477284.8499999
1712534400000,69357.32,72750.51,69064.41,71629.36,2607488940.79
1712620800000,71629.36,71748.92,68213.24,69129.48,2411758700.28
1712707200000,69129.48,71150.5,67480.7,70628.54,2563902181.0100007
1712793600000,70628.54,71297.81,69558.05,70026.43,1758820969.3300002
1712880000000,70026.43,71246.69,65257.57,67158.3,3367653179.2
1712966400000,67158.3,68422.6,61079.47,64021.36,3689543158.75
1713052800000,64021.36,65874.88,62229.8,65765.64,2627998512.5200005
1713139200000,65765.64,66902.94,62328.07,63447.27,2658417494.3900003
1713225600000,63447.27,64385.46,61667.72,63824.7,2234500815.41
1713312000000,63824.7,64503.77,59682.79,61283.74,2562816108.7899995
1713398400000,61283.74,64181.25,60829.27,63511.2,1972785716.3799999
1713484800000,63511.2,65491.94,59607.49,63848.26,2923364930.17
1713571200000,63848.26,65453.07,63140.68,64979.21,866105479.0099998
1713657600000,64979.21,65724.22,64271.77,64955.82,854324202.4399999
1713744000000,64955.82,67257.68,64536.42,66854.24,1510230897.5400004
1713830400000,66854.24,67211.15,65835.93,66415.06,1169300050.3300002
1713916800000,66415.06,67067.52,63556.97,64263.95,1878460968.7199998
1714003200000,64263.95,65279.7,62759.65,64488.49,1713069016.98
1714089600000,64488.49,64795.15,63307.56,63750.63,1275865834.82
1714176000000,63750.63,63904.85,62408.97,63434.44,799665556.5700003
1714262400000,63434.44,64335.08,62769.01,63111.34,642628554.26
1714348800000,63111.34,64192.54,61768.51,63847.54,1370557060.17
1714435200000,63847.54,64721.13,59097.29,60633.97,2518380270.04
1714521600000,60633.97,60788.52,56516.09,58277.44,3014503800.740001
1714608000000,58277.44,59628.08,56936.28,59083.85,1724718703.2499998
1714694400000,59083.85,63355.83,58835.76,62917.45,2147038663.0400004
1714780800000,62917.45,64539.14,62587.84,63904.51,1029192793.9000001
1714867200000,63904.51,64634.43,62923.47,64037.5,803966989.6000003
1714953600000,64037.5,65517.33,62715.9,63168.44,1537928462.7499998
1715040000000,63168.44,64403.15,62274.09,62323.36,1326416673.49
1715126400000,62323.36,63004.6,60867.52,61179.81,1155791451.4399996
1715212800000,61179.81,63429.98,60623.94,63077.18,1140626858.18
1715299200000,63077.18,63469.13,60181.24,60790.82,1565941805.68
1715385600000,60790.82,61489.54,60474.73,60823.19,505608099.69
1715472000000,60823.19,61838.51,60600.9,61459.22,502848342.68999994
1715558400000,61459.22,63445.72,60758.38,62932.29,1327733464.1300004
1715644800000,62932.29,63097.07,61094.77,61548.48,1636519845.7100003
1715731200000,61548.48,66467.29,61325.48,66245.16,2625073579.5899997
1715817600000,66245.16,66760.54,64600.05,65250.53,1596664354.5800002
1715904000000,65250.53,67489.24,65120.39,67051.35,1552274385.8000002
1715990400000,67051.35,67397.7,66633.01,66927.56,586174043.35
1716076800000,66927.56,67696.21,65878.18,66268.25,650338446.5
1716163200000,66268.25,71546.4,66071.74,71430.23,2624709812.3100004
1716249600000,71430.23,71964.79,69158.99,70141.17,2169803609.9799995
1716336000000,70141.17,70643.89,68952.24,69123.56,1603267534.18
1716422400000,69123.56,70037.76,66370.0,67946.35,1922285401.82
1716508800000,67946.35,69264.17,66613.35,68548.33,1242012319.4199998
1716595200000,68548.33,69599.81,68498.87,69288.95,412212332.65999997
1716681600000,69288.95,69511.53,68156.05,68488.29,379159635.9
1716768000000,68488.29,70613.89,68227.32,69386.83,909946343.47
1716854400000,69386.83,69533.54,67206.37,68330.84,1514489243.9200003
1716940800000,68330.84,68858.38,67099.33,67576.81,1108570253.27
1717027200000,67576.81,69520.94,67107.22,68346.19,1424914242.8199997
1717113600000,68346.19,69012.82,66605.09,67482.25,1349659294.8099997
1717200000000,67482.25,67831.31,67383.55,67721.6,297719480.75
1717286400000,67721.6,68409.58,67279.96,67738.74,456585602.02
1717372800000,67738.74,70283.97,67584.62,68799.6,1575608100.1699998
1717459200000,68799.6,71090.99,68553.54,70548.51,2084571763.5800002
1717545600000,70548.51,71782.2,70371.34,71117.68,1545204312.77
1717632000000,71117.68,71642.27,70113.83,70772.35,1141567996.35
1717718400000,70772.35,71943.4,68439.15,69330.51,1992355199.22
1717804800000,69330.51,69547.91,69152.66,69303.58,399100009.3499999
1717891200000,69303.58,69837.26,69131.01,69639.42,357128157.7
1717977600000,69639.42,70172.0,69166.61,69505.57,843477987.5799999
1718064000000,69505.57,69550.65,66054.78,67319.41,2141818771.5200005
1718150400000,67319.41,70021.47,66896.79,68247.0,2139401386.86
1718236800000,68247.0,68428.43,66224.61,66742.54,1550737143.3999999
1718323200000,66742.54,67317.79,65026.62,66006.13,1633598669.37
1718409600000,66006.13,66419.48,65832.26,66188.81,406250537.72
1718496000000,66188.81,66916.83,66012.05,66631.59,433017008.56000006
1718582400000,66631.59,67264.71,65062.53,66481.73,1917243316.1599998
1718668800000,66481.73,66570.67,64033.69,65158.02,2293594296.7100005
1718755200000,65158.02,65708.56,64656.84,64950.82,878187235.0600001
1718841600000,64950.82,66462.52,64527.9,64847.89,1473091625.49
1718928000000,64847.89,65018.39,63350.87,64119.34,1427909531.6100004
1719014400000,64119.34,64500.0,63924.68,64250.18,358155105.45
1719100800000,64250.18,64504.84,63154.88,63181.02,416250575.79999995
1719187200000,63181.02,63335.53,58443.98,60270.95,2938115761.5299997
1719273600000,60270.95,62385.37,60232.04,61796.56,1946492862.0599997
1719360000000,61796.56,62471.55,60684.69,60824.43,1436803387.67
1719446400000,60824.43,62341.3,60562.27,61630.1,1385461549.9
1719532800000,61630.1,62168.03,59907.92,60324.3,1481619028.8999999
1719619200000,60324.3,61129.31,60294.22,60905.3,560710968.55
1719705600000,60905.3,62949.76,60637.5,62685.88,778765578.45
1719792000000,62685.88,63800.98,62462.2,62841.27,1623104957.18
1719878400000,62841.27,63219.74,61453.08,62044.48,1278702453.97
1719964800000,62044.48,62198.73,59373.07,60157.2,1653064013.6
1720051200000,60157.2,60428.43,56728.63,57041.11,2342236881.5099998
1720137600000,57041.11,57494.97,53528.09,56646.24,3198812323.1800003
1720224000000,56646.24,58495.08,56035.03,58255.65,1072779742.28
1720310400000,58255.65,58452.39,55734.13,55866.6,1053256457.41
1720396800000,55866.6,58166.93,54305.08,56709.76,2441024283.07
1720483200000,56709.76,58289.53,56296.1,58047.2,1692558128.6799998
1720569600000,58047.2,59463.57,57165.19,57725.78,1631984559.9099998
1720656000000,57725.78,59494.11,57072.63,57348.75,1729366992.31
1720742400000,57348.75,58543.78,56554.34,57913.68,1567843358.2499998
1720828800000,57913.68,59866.89,57784.15,59231.06,819172857.7
1720915200000,59231.06,61424.95,59222.6,60818.77,1207899406.8899999
1721001600000,60818.77,64936.75,60688.12,64765.55,2752990856.55
1721088000000,64765.55,65399.48,62434.72,65087.61,2492930912.32
1721174400000,65087.61,66131.67,63872.53,64096.64,1830962929.68
1721260800000,64096.64,65118.55,63235.08,63981.43,1405605268.5499997
1721347200000,63981.43,67468.45,63305.25,66708.49,2214983951.5000005
1721433600000,66708.49,67626.82,66291.51,67163.86,840850489.36
1721520000000,67163.86,68370.58,65840.58,68176.98,1219084237.5100002
1721606400000,68176.98,68490.59,66594.51,67567.71,1805561349.27
1721692800000,67567.71,67774.86,65465.88,65939.83,1958486045.3499997
1721779200000,65939.83,67120.99,65112.45,65375.53,1426727978.6500003
1721865600000,65375.53,66154.31,63429.11,65794.0,1902596712.1399996
1721952000000,65794.0,68219.43,65734.24,67925.17,1654021251.6399996
1722038400000,67925.17,69416.52,66675.48,67904.55,1801405015.14
1722124800000,67904.55,68306.74,67054.94,68252.75,812380984.27
1722211200000,68252.75,70027.05,66436.99,66782.78,2292001706.9
1722297600000,66782.78,66989.18,65293.95,66180.04,1614525200.12
1722384000000,66180.04,66826.66,64508.96,64617.83,1601329476.94
1722470400000,64617.83,65590.04,62238.44,65300.21,2364449721.1299996
1722556800000,65300.21,65548.28,61165.12,61422.3,2601345982.9300003
1722643200000,61422.3,62154.66,59838.49,60679.28,1596127875.2799997
1722729600000,60679.28,61075.03,57174.97,58135.89,1665780997.48
1722816000000,58135.89,58275.19,49202.81,54031.82,6220425122.88
1722902400000,54031.82,57077.92,53987.77,56057.67,2473716223.17
1722988800000,56057.67,57753.96,54580.16,55130.45,2232435439.5199995
1723075200000,55130.45,62717.23,54751.57,61708.53,2834182014.45
1723161600000,61708.53,61752.64,59573.13,60868.88,2000603963.4399996
1723248000000,60868.88,61478.08,60270.33,60940.82,725371248.4800001
1723334400000,60940.82,61842.63,58331.17,58725.0,1093722861.0
1723420800000,58725.0,60708.39,57677.54,59360.89,1967504137.74
1723507200000,59360.89,61603.92,58440.76,60609.73,1727785105.3400002
1723593600000,60609.73,61788.76,58461.76,58698.05,1858459018.73
1723680000000,58698.05,59869.57,56132.98,57552.92,2023439063.24
1723766400000,57552.92,59851.62,57106.84,58893.67,1708248208.4499998
1723852800000,58893.67,59708.69,58815.46,59497.94,574723583.58
1723939200000,59497.94,60280.79,58433.69,58439.22,830090221.1600001
1724025600000,58439.22,59632.55,57828.14,59464.41,1420739617.6699996
1724112000000,59464.41,61442.89,58588.82,59027.55,1877438049.2
1724198400000,59027.55,61851.26,58806.66,61170.8,2311932103.0800004
1724284800000,61170.8,61426.96,59756.43,60387.29,1754742660.9500003
1724371200000,60387.29,64982.66,60351.28,64087.8,2623908332.39
1724457600000,64087.8,64523.11,63591.53,64180.77,979836005.59
1724544000000,64180.77,65058.66,63828.67,64264.62,819671993.6699998
1724630400000,64264.62,64504.12,62816.08,62850.27,1719932426.96
1724716800000,62850.27,63220.85,58045.32,59441.73,2403744129.1
1724803200000,59441.73,60232.58,57868.47,59043.5,2251640371.4399996
1724889600000,59043.5,61191.57,58735.81,59369.85,2058113286.37
1724976000000,59369.85,59926.33,57725.72,59129.05,2063630420.4900005
1725062400000,59129.05,59456.66,58759.04,58989.17,474924657.62
1725148800000,58989.17,59085.64,57217.94,57313.44,1298154355.28
1725235200000,57313.44,59431.04,57135.27,59147.8,1383666270.94
1725321600000,59147.8,59825.44,57411.84,57481.84,1548986994.4000003
1725408000000,57481.84,58532.47,55625.58,57975.52,2458579314.85
1725494400000,57975.52,58329.93,55651.61,56167.4,2198240196.62
1725580800000,56167.4,57004.28,52552.05,53954.33,3807917186.5699997
1725667200000,53954.33,54852.05,53742.58,54167.82,925092003.7699999
1725753600000,54167.82,55321.44,53631.93,54879.33,1042880564.27
1725840000000,54879.33,58005.33,54591.28,57056.31,2385673385.76
1725926400000,57056.31,58050.66,56397.36,57642.43,1908344975.3600004
1726012800000,57642.43,58002.86,55554.25,57354.27,3160608627.5599995
1726099200000,57354.27,58573.29,57330.99,58140.61,2373500502.94
1726185600000,58140.61,60666.01,57637.58,60548.12,2401277043.8900003
1726272000000,60548.12,60653.12,59433.38,60013.26,903199598.3800001
1726358400000,60013.26,60409.32,58697.69,59139.21,1146142289.52
1726444800000,59139.21,59215.73,57486.82,58210.01,1927790314.8899999
1726531200000,58210.01,61356.68,57624.63,60321.59,2440680770.1099997
1726617600000,60321.59,61794.54,59185.2,61775.68,2902628124.6200004
1726704000000,61775.68,63881.87,61582.28,62963.41,2939807292.06
1726790400000,62963.41,64131.22,62345.57,63211.47,2188110863.97
1726876800000,63211.47,63548.08,62767.25,63363.17,766364347.62
1726963200000,63363.17,64015.58,62394.47,63587.45,1190921326.45
1727049600000,63587.45,64749.32,62584.5,63341.97,1734107185.39
1727136000000,63341.97,64698.02,62710.48,64276.65,2045185242.0800002
1727222400000,64276.65,64823.35,62938.97,63144.83,1526541478.7800002
1727308800000,63144.83,65861.15,62660.36,65183.68,2800234985.8899994
1727395200000,65183.68,66547.69,64839.11,65790.28,2378877920.3099995
1727481600000,65790.28,66267.41,65442.19,65868.67,682765288.6100001
1727568000000,65868.67,66081.97,65440.3,65611.98,758322138.6099999
1727654400000,65611.98,65627.43,62846.03,63314.81,2712227231.3199997
1727740800000,63314.81,64112.99,60156.13,60790.06,4189744833.01
1727827200000,60790.06,62383.28,59976.82,60641.8,3402156876.710001
1727913600000,60641.8,61478.71,59846.16,60746.35,3058499959.36
1728000000000,60746.35,62480.52,60458.33,62094.06,2395319327.69
1728086400000,62094.06,62377.77,61689.84,62059.19,625465514.89
1728172800000,62059.19,62976.08,61815.61,62821.76,838451338.9799999
1728259200000,62821.76,64458.38,62129.23,62209.84,2602786910.07
1728345600000,62209.84,63185.68,61832.71,62129.17,2090901005.0900002
1728432000000,62129.17,62513.84,60252.65,60585.22,2311387233.4399996
1728518400000,60585.22,61251.26,58869.24,60280.38,2553922274.0699997
1728604800000,60280.38,63418.56,60039.18,62517.42,2236421715.91
1728691200000,62517.42,63469.71,62473.78,63197.03,987509499.1999999
1728777600000,63197.03,63276.36,62036.49,62854.48,1051974824.49
1728864000000,62854.48,66494.04,62438.82,66068.25,3279898050.6699996
1728950400000,66068.25,67938.85,64791.36,67064.69,3442311150.58
1729036800000,67064.69,68401.67,66752.45,67614.71,2841013476.7
1729123200000,67614.71,67931.28,66643.91,67408.87,2154293295.4900002
1729209600000,67408.87,69016.74,67167.07,68425.63,2516405877.3499994
1729296000000,68425.63,68681.33,68009.42,68370.04,526753638.7399999
1729382400000,68370.04,69385.31,68094.66,69020.94,824334290.1299999
1729468800000,69020.94,69501.44,66811.42,67358.14,2480399716.7
1729555200000,67358.14,67800.62,66540.7,67390.32,2184452853.61
1729641600000,67390.32,67436.29,65171.54,66612.97,2154644447.8799996
1729728000000,66612.97,68812.4,66456.7,68163.56,2144280257.6499999
1729814400000,68163.56,68745.57,65510.53,66577.77,2952724943.72
1729900800000,66577.77,67366.46,66343.25,67014.72,946447393.6600001
1729987200000,67014.72,68254.55,66852.5,67945.14,818581011.1700001
1730073600000,67945.14,70241.74,67541.0,69925.83,2902994091.09
1730160000000,69925.83,73612.24,69725.05,72723.67,4194343293.5800004
1730246400000,72723.67,72945.06,71408.4,72331.96,2769522546.2599998
1730332800000,72331.96,72675.24,69585.02,70207.54,2794856636.829999
1730419200000,70207.54,71616.01,68755.75,69473.41,3429441961.4400005
1730505600000,69473.41,69884.38,69006.88,69354.01,750733288.76
1730592000000,69354.01,69364.8,67457.91,68747.04,2028670648.52
1730678400000,68747.04,69453.56,66793.64,67811.95,2939056973.61
1730764800000,67811.95,70540.03,67432.99,69378.09,3274519976.9200006
1730851200000,69378.09,76482.2,69295.92,75643.57,8601347745.99
1730937600000,75643.57,76963.92,74472.09,75922.41,4433063855.550001
1731024000000,75922.41,77289.29,75656.7,76562.31,3714364388.450001
1731110400000,76562.31,76949.29,75763.57,76716.41,1208160963.89
1731196800000,76716.41,81520.53,76545.66,80429.43,4582398468.889999
1731283200000,80429.43,89644.7,80283.65,88758.31,8845679630.03
1731369600000,88758.31,90006.57,85125.04,88040.54,10326697667.429998
1731456000000,88040.54,93479.86,86252.86,90498.51,11250681620.279999
1731542400000,90498.51,91817.29,86679.1,87334.19,7309565757.250001
1731628800000,87334.19,91897.76,87118.43,91058.92,6353615968.71
1731715200000,91058.92,91810.87,90092.82,90630.94,2501576427.8399997
1731801600000,90630.94,91436.45,88728.28,89877.16,2791320512.19
1731888000000,89877.16,92649.98,87547.97,90514.83,6006522738.030001
1731974400000,90514.83,94056.9,90414.27,92418.48,5995386487.48
1732060800000,92418.48,95056.1,91612.46,94379.92,6579886464.900001
1732147200000,94379.92,99056.4,94152.97,98436.25,8678686263.499998
1732233600000,98436.25,99772.99,97207.77,99010.89,7337283037.499999
1732320000000,99010.89,99023.88,97219.23,97765.04,2853544177.9799995
1732406400000,97765.04,98670.34,95781.2,98018.2,2940396079.6199994
1732492800000,98018.2,98974.51,92592.66,93019.38,6533804395.55
1732579200000,93019.38,95007.52,90730.54,91903.89,7150066318.760001
1732665600000,91903.89,97373.56,91757.22,95957.51,4533983270.7300005
1732752000000,95957.51,96672.28,94677.17,95670.41,2311939499.68
1732838400000,95670.41,98735.69,95391.39,97510.92,3883366949.5799994
1732924800000,97510.92,97514.26,96137.13,96473.51,1215861238.6200001
1733011200000,96473.51,97896.77,95752.22,97276.47,1659820134.73
1733097600000,97276.47,98219.29,94419.96,95859.75,5040855658.78
1733184000000,95859.75,96304.02,93590.91,95928.37,5033493735.21
1733270400000,95928.37,99226.36,94663.42,98751.87,5727735676.04
1733356800000,98751.87,104028.51,91741.97,97053.82,12041439286.69
1733443200000,97053.82,102088.57,96427.0,99897.97,5653979066.3099985
1733529600000,99897.97,100578.8,99025.63,99926.38,1728102575.4900002
1733616000000,99926.38,101430.6,98730.22,101189.81,1785051035.3200002
1733702400000,101189.81,101290.02,94567.01,97338.34,6847958219.349999
1733788800000,97338.34,98316.66,94284.0,96657.88,6621616095.14
1733875200000,96657.88,101979.09,95730.76,101203.07,5482015399.12
1733961600000,101203.07,102598.04,99311.56,100041.98,4765401240.38
1734048000000,100041.98,101947.1,99232.64,101429.78,3492131954.8900003
1734134400000,101429.78,102653.76,100606.28,101402.95,1683710017.4000003
1734220800000,101402.95,105140.47,101228.16,104424.54,2557994217.62
1734307200000,104424.54,107829.08,103299.75,106089.2,6398449052.0599985
1734393600000,106089.2,108369.13,105308.99,106140.14,4365460605.55
1734480000000,106140.14,106502.15,99946.11,100147.26,7727995790.42
1734566400000,100147.26,102767.84,95555.55,97381.1,8011759334.64
1734652800000,97381.1,98131.87,92144.03,97769.49,8141536426.68
1734739200000,97769.49,99529.45,96379.46,97223.39,2907358271.75
1734825600000,97223.39,97387.01,94186.04,95098.66,2842280143.7099996
1734912000000,95098.66,96428.13,92378.53,94771.64,5422281368.570002
1734998400000,94771.64,99439.54,93437.9,98606.93,3967574825.7799997
1735084800000,98606.93,99484.75,97568.85,99356.06,2147049998.7000003
1735171200000,99356.06,99888.75,95098.08,95680.19,3704007593.1899996
1735257600000,95680.19,97351.17,93270.34,94170.09,4479654695.04
1735344000000,94170.09,95542.25,94008.53,95140.15,1339743546.49
1735430400000,95140.15,95175.67,92850.44,93564.85,1684134735.8300002
1735516800000,93564.85,94910.24,91310.52,92646.21,5287498462.51
1735603200000,92646.21,96139.7,91894.97,93391.98,3659994868.25
1735689600000,93391.98,94953.5,92728.81,94392.51,1798161467.8199997
1735776000000,94392.51,97766.59,94197.85,96900.96,3693985155.25
1735862400000,96900.96,98963.23,96021.74,98135.8,2773288955.899999
1735948800000,98135.8,98757.16,97522.47,98213.69,972181437.3
1736035200000,98213.69,98818.4,97248.4,98346.97,967941540.09
1736121600000,98346.97,102530.34,97908.09,102282.2,4654078182.68
1736208000000,102282.2,102747.54,96112.95,96942.47,5348079997.24
1736294400000,96942.47,97251.53,92488.45,95051.06,5480363249.41
1736380800000,95051.06,95345.44,91197.56,92548.12,4696698492.33
1736467200000,92548.12,95845.36,92206.53,94710.29,5217667771.539999
1736553600000,94710.29,94985.54,93826.56,94569.95,905586720.0699999
1736640000000,94569.95,95388.08,93675.7,94505.67,1027482279.9199997
1736726400000,94505.67,95894.16,89153.4,94517.66,6274787648.4
1736812800000,94517.66,97357.87,94324.09,96526.87,4263471095.03
1736899200000,96526.87,100719.11,96466.75,100510.84,4261664752.2299995
1736985600000,100510.84,100867.35,97275.38,99979.43,4314930790.42
1737072000000,99979.43,105926.06,99941.15,104111.13,5613810480.039999
1737158400000,104111.13,104927.11,102234.37,104431.52,2633222971.029999
1737244800000,104431.52,106317.18,99537.53,101212.56,4325905602.1
1737331200000,101212.56,109340.21,99449.75,102148.74,7208305685.360001
1737417600000,102148.74,107252.77,100069.04,106155.61,8798621119.269999
1737504000000,106155.61,106398.57,103321.48,103669.08,4603973397.19
1737590400000,103669.08,106865.3,101221.0,103933.88,9801561614.729998
1737676800000,103933.88,107170.86,102751.09,104854.78,4233037157.9500003
1737763200000,104854.78,105282.15,104107.08,104733.15,1239370331.5600002
1737849600000,104733.15,105475.33,102487.8,102576.93,1469434497.99
1737936000000,102576.93,103230.24,97712.77,102065.72,9486896779.240002
1738022400000,102065.72,103787.72,100221.08,101284.47,4510250877.5
1738108800000,101284.47,104796.98,101279.83,103742.97,4842279589.42
1738195200000,103742.97,106472.04,103297.81,104739.58,3857857706.359999
1738281600000,104739.58,106101.91,101514.21,102412.41,4378171064.400001
1738368000000,102412.41,102768.26,100270.22,100619.87,1595801666.26
1738454400000,100619.87,101436.9,96158.45,97665.06,5562003741.780001
1738540800000,97665.06,102575.82,91142.87,101451.28,11504010038.039999
1738627200000,101451.28,101800.32,95090.81,97794.88,6271562966.570001
1738713600000,97794.88,99208.65,96175.47,96633.71,4171560523.160001
1738800000000,96633.71,99180.75,95691.57,96564.27,4349625340.98
1738886400000,96564.27,100202.29,95630.04,96532.73,5075285222.43
1738972800000,96532.73,96906.35,95685.31,96475.59,1207354073.8900003
1739059200000,96475.59,97340.86,94752.27,96485.6,1791686347.08
1739145600000,96485.6,98363.35,95276.7,97458.59,2731410651.5600004
1739232000000,97458.59,98499.44,94852.37,95781.05,2800036234.46
1739318400000,95781.05,98127.45,94087.33,97874.61,3853980407.6899996
1739404800000,97874.61,98104.11,95225.08,96632.78,2236344585.7499995
1739491200000,96632.78,98869.28,96282.72,97508.71,1966704817.5800002
1739577600000,97508.71,97979.54,97245.24,97596.21,569120592.06
1739664000000,97596.21,97728.27,96069.15,96132.69,643146269.47
1739750400000,96132.69,97046.2,95226.61,95790.31,1398128550.68
1739836800000,95790.31,96736.69,93361.47,95630.67,2502902525.9399996
1739923200000,95630.67,96885.35,95032.61,96640.99,1637124692.48
1740009600000,96640.99,98763.14,96430.11,98345.66,2057024374.7000003
1740096000000,98345.66,99519.21,94775.25,96150.27,3928905117.71
1740182400000,96150.27,96973.86,95771.79,96580.46,1126120706.19
1740268800000,96580.46,96674.04,95255.75,96274.12,1427933248.67
1740355200000,96274.12,96514.26,91349.77,91536.97,2945422583.02
1740441600000,91536.97,92540.35,85944.14,88609.26,6473414678.849998
1740528000000,88609.26,89320.19,82199.13,84128.38,5069737664.049999
1740614400000,84128.38,87008.08,82601.58,84657.34,3929681159.66
1740700800000,84657.34,85114.25,78203.72,84322.57,6502539275.140001
1740787200000,84322.57,86537.62,83798.96,86050.58,1577375765.1699998
1740873600000,86050.58,95106.04,85047.82,94275.76,4350642164.49
1740960000000,94275.76,94415.65,85071.66,86158.95,5844734402.999999
1741046400000,86158.95,88941.97,81449.43,87255.42,5671376306.709999
1741132800000,87255.42,91001.98,86341.87,90610.8,3457722668.8899994
1741219200000,90610.8,92808.83,87818.33,89931.91,3512025157.49
1741305600000,89931.91,91275.25,84649.25,86766.61,6196139350.73
1741392000000,86766.61,86860.89,85206.97,86225.0,910862167.4300001
1741478400000,86225.0,86509.85,80006.76,80719.05,1952362587.54
1741564800000,80719.05,84037.25,77420.92,78561.62,4414695361.639999
1741651200000,78561.62,83608.26,76581.52,82919.47,3744822903.8599997
1741737600000,82919.47,84410.29,80596.11,83665.14,2750448405.09
1741824000000,83665.14,84307.29,79915.4,81081.43,2112762232.4800003
1741910400000,81081.43,85315.9,80787.81,83995.47,2317052000.17
1741996800000,83995.47,84688.82,83628.73,84355.92,512466916.15999997
1742083200000,84355.92,85083.1,81992.19,82572.37,1094031604.65
1742169600000,82572.37,84760.98,82442.95,84025.12,1667911609.4299998
1742256000000,84025.12,84039.3,81137.39,82716.74,1721702159.9099998
1742342400000,82716.74,87036.45,82562.03,86878.5,2600942940.47
1742428800000,86878.5,87483.4,83611.66,84178.31,2135028136.8199997
1742515200000,84178.31,84798.7,83129.17,84060.48,1326866772.3
1742601600000,84060.48,84503.68,83661.65,83837.39,402548876.3
1742688000000,83837.39,86126.45,83807.2,86091.67,632787991.66
1742774400000,86091.67,88782.52,85546.71,87520.48,2301262365.84
1742860800000,87520.48,88575.0,86325.18,87439.7,2023574450.8199997
1742947200000,87439.7,88297.12,85867.66,86923.95,1711822847.5700002
1743033600000,86923.95,87779.02,85817.84,87218.89,1476492894.47
1743120000000,87218.89,87492.39,83544.63,84387.01,2152567384.15
1743206400000,84387.01,84583.02,81634.23,82625.65,938834818.3300002
1743292800000,82625.65,83516.72,81563.47,82379.51,839590269.06
1743379200000,82379.51,83917.4,81290.13,82539.52,1894666416.6
1743465600000,82539.52,85554.98,82419.98,85174.96,1962356062.58
1743552000000,85174.96,88505.24,82299.2,82490.58,3519914220.3899994
1743638400000,82490.58,83928.41,81178.57,83158.8,2335462308.41
1743724800000,83158.8,84716.02,81648.68,83860.21,3085885741.07
1743811200000,83860.21,84230.44,82357.52,83503.37,622496989.41
1743897600000,83503.37,83756.1,77079.93,78365.57,2374631982.19
1743984000000,78365.57,81172.27,74426.93,79143.06,5546499783.110001
1744070400000,79143.06,80835.83,76181.24,76255.1,3084760820.87
1744156800000,76255.1,83574.06,74569.86,82587.03,4963132858.360001
1744243200000,82587.03,82710.13,78405.82,79554.96,2526317821.03
1744329600000,79554.96,84266.51,78924.27,83386.0,2412186958.4
1744416000000,83386.0,85899.74,82766.93,85272.12,1196895442.73
1744502400000,85272.12,86079.47,83019.76,83730.92,1375187409.38
1744588800000,83730.92,85796.21,83667.03,84575.75,2042899221.49
1744675200000,84575.75,86473.18,83596.04,83638.17,1548187876.5399997
1744761600000,83638.17,85485.35,83094.96,84029.4,1871983984.31
1744848000000,84029.4,85472.23,83725.98,84943.42,1288802970.7600002
1744934400000,84943.42,85132.75,84287.73,84459.96,465771169.04
1745020800000,84459.96,85614.27,84355.7,85061.54,454642234.58
1745107200000,85061.54,85302.3,83954.54,85167.14,482671707.93999994
1745193600000,85167.14,88526.3,85132.52,87515.57,2657452654.4500003
1745280000000,87515.57,93937.07,87084.84,93483.3,3880446944.6
1745366400000,93483.3,94656.65,91943.03,93729.23,3081124602.4600005
1745452800000,93729.23,94047.54,91693.21,94022.48,2000861098.88
1745539200000,94022.48,95924.19,92883.11,94711.24,3078073390.5100007
1745625600000,94711.24,95258.03,93916.48,94663.66,698471645.5300001
1745712000000,94663.66,95346.43,93671.22,93777.44,726739226.69
1745798400000,93777.44,95636.66,92864.35,95035.06,1925071151.0099998
1745884800000,95035.06,95487.2,93780.51,94274.16,1599631635.45
1745971200000,94274.16,95250.77,92968.85,94186.14,2024539251.9599996
1746057600000,94186.14,97505.38,94150.92,96519.31,2278228402.230001
1746144000000,96519.31,97939.99,96386.78,96925.07,1571644595.6200001
1746230400000,96925.07,96963.89,95826.0,95903.14,682121711.45
1746316800000,95903.14,96326.95,94313.27,94394.09,1046015845.57
1746403200000,94394.09,95224.21,93694.42,94767.95,1661608010.4599998
1746489600000,94767.95,96911.52,93382.91,96835.87,1735613081.89
1746576000000,96835.87,97720.02,95816.56,97052.27,1936285634.4
1746662400000,97052.27,104147.97,96905.18,103259.0,4054486165.36
1746748800000,103259.0,104353.74,102332.43,102982.3,2345592246.8700004
1746835200000,102982.3,104980.23,102830.2,104814.08,944047262.42
1746921600000,104814.08,104958.29,103353.87,104124.02,1144137614.51
1747008000000,104124.02,105783.35,100723.18,102802.44,2862364942.18
1747094400000,102802.44,105015.14,101466.16,104136.59,2105889171.38
1747180800000,104136.59,104357.47,102615.68,103543.76,1716689620.7199998
1747267200000,103543.76,104197.65,101407.14,103787.64,1837798016.1100001
1747353600000,103787.64,104594.19,103138.18,103499.6,1506289579.07
1747440000000,103499.6,103729.29,102642.39,103159.32,601366594.0899999
1747526400000,103159.32,106670.63,103144.58,106488.62,1361010736.04
1747612800000,106488.62,107117.46,102104.37,105618.19,2480463388.9199996
1747699200000,105618.19,107339.72,104220.59,106875.88,2062199314.33
1747785600000,106875.88,110778.49,106133.62,109699.86,4104199576.9400005
1747872000000,109699.86,111998.96,109250.4,111722.11,2820234493.3700004
1747958400000,111722.11,111810.26,106807.62,107332.91,2775108378.21
1748044800000,107332.91,109512.56,106896.28,107779.46,972112097.99
1748131200000,107779.46,109349.07,106643.02,109041.44,1080850082.1999998
1748217600000,109041.44,110459.23,108718.82,109461.24,1568531304.4399998
1748304000000,109461.24,110802.2,107543.83,108975.95,2520257081.1600003
1748390400000,108975.95,109328.61,106799.94,107821.11,2010518282.0800002
1748476800000,107821.11,108929.95,105327.79,105586.78,2610280801.5499997
1748563200000,105586.78,106348.19,103650.43,104039.27,2473658024.7299995
1748649600000,104039.27,104959.61,103127.75,104654.65,890138427.1399999
1748736000000,104654.65,105924.77,103823.88,105702.19,788781340.26
1748822400000,105702.19,105988.22,103708.71,105908.79,1589665625.81
1748908800000,105908.79,106888.12,104926.88,105447.66,1652394373.0600002
1748995200000,105447.66,106044.55,104206.69,104746.0,1327155925.5199997
1749081600000,104746.0,105975.11,100418.61,101580.61,2835254363.6399994
1749168000000,101580.61,105426.24,101174.97,104392.54,2391698461.0699997
1749254400000,104392.54,105974.42,103976.29,105625.23,903776492.0900002
1749340800000,105625.23,106537.25,105042.03,105779.28,621667329.31
1749427200000,105779.28,110543.89,105372.62,110302.12,1927020528.8500001
1749513600000,110302.12,110403.6,108373.44,110296.2,1712252251.29
1749600000000,110296.2,110425.64,108096.82,108676.78,1585492756.7600002
1749686400000,108676.78,108843.81,105721.73,105726.04,1937273976.2899997
1749772800000,105726.04,106224.76,102773.14,106121.08,2853509529.9300003
1749859200000,106121.08,106260.08,104386.29,105481.13,792948934.46
1749945600000,105481.13,106189.63,104546.11,105625.23,693686973.05
1750032000000,105625.23,109014.33,105016.81,106855.39,1846109491.2399998
1750118400000,106855.39,107795.31,103378.64,104598.68,2383744168.879999
1750204800000,104598.68,105579.84,103547.15,104927.87,1945024806.2900002
1750291200000,104927.87,105264.38,103951.44,104699.72,1036540458.1799998
1750377600000,104699.72,106559.45,102367.77,103313.31,1845670588.12
1750464000000,103313.31,104021.01,100925.53,102165.68,1151399558.1200004
1750550400000,102165.68,103430.09,98264.46,101015.42,3086806069.7299995
1750636800000,101015.42,106134.09,99685.07,105423.73,3606601777.4100003
1750723200000,105423.73,106358.78,104710.65,106133.25,2099787246.6599998
1750809600000,106133.25,108196.78,105880.48,107399.88,2128340951.5199997
1750896000000,107399.88,108330.6,106605.5,107012.17,1575810932.9199998
1750982400000,107012.17,107793.99,106421.82,107105.16,1799885723.46
1751068800000,107105.16,107591.48,106884.15,107346.44,372614444.73
1751155200000,107346.44,108538.36,107233.58,108391.87,657403121.3499999
1751241600000,108391.87,108815.66,106756.38,107169.82,1530756559.3400002
1751328000000,107169.82,107574.08,105295.02,105724.18,1673173144.7800002
1751414400000,105724.18,109818.47,105143.1,108886.62,2124516059.0599997
1751500800000,108886.62,110584.4,108579.56,109638.97,1825182141.79
1751587200000,109638.97,109810.02,107283.92,108027.71,1130647600.7800002
1751673600000,108027.71,108444.73,107798.16,108244.51,374668091.72999996
1751760000000,108244.51,109728.96,107846.02,109233.93,614763572.9000001
1751846400000,109233.93,109737.83,107513.97,108277.16,1447160434.0300002
1751932800000,108277.16,109248.31,107445.04,108955.05,1316408874.89
1752019200000,108955.05,112077.21,108341.92,111291.7,2177951432.56
1752105600000,111291.7,116848.31,110555.52,116023.34,3616719327.7699995
1752192000000,116023.34,118890.32,115236.69,117573.92,3060911543.1499996
1752278400000,117573.92,118239.99,116954.09,117468.16,869899617.3300002
1752364800000,117468.16,119503.56,117264.6,119127.66,1133368267.75
1752451200000,119127.66,123220.28,118951.55,119869.01,3784774921.45
1752537600000,119869.01,119958.94,115709.64,117777.9,5881848280.88
1752624000000,117777.9,120122.22,117043.92,118700.37,3310853209.8000007
1752710400000,118700.37,121020.95,117485.98,119282.74,3000532789.38
1752796800000,119282.74,120911.16,116902.92,118025.92,3096339405.3300004
1752883200000,118025.92,118572.53,117339.41,117913.27,791893576.8000002
1752969600000,117913.27,119100.94,116423.09,117328.61,4875766596.59
1753056000000,117328.61,119712.2,116581.7,117441.75,2187836280.69
1753142400000,117441.75,120298.65,116186.23,120023.5,2607540535.18
1753228800000,120023.5,120167.5,117361.89,118808.78,2029832616.07
1753315200000,118808.78,119555.88,117214.42,118397.33,2128340080.8199995
1753401600000,118397.33,118523.27,114756.37,117644.11,5546818211.89
1753488000000,117644.11,118355.11,117143.68,117971.27,1291296798.52
1753574400000,117971.27,119808.28,117872.15,119468.71,1228024808.19
1753660800000,119468.71,119835.44,117403.28,118059.92,2142740462.4300003
1753747200000,118059.92,119285.96,116933.73,117942.11,2073820445.1799998
1753833600000,117942.11,118800.1,115769.47,117853.3,2153325010.47
1753920000000,117853.3,118927.15,115493.77,115765.36,1991848800.0700002
1754006400000,115765.36,116060.68,112682.82,113263.48,3851719228.73
1754092800000,113263.48,114033.98,112006.36,112546.32,1407609649.0199997
1754179200000,112546.32,114803.51,111925.95,114238.83,947196437.1000001
1754265600000,114238.83,115744.56,114140.41,115065.9,1662390456.9400003
1754352000000,115065.9,115111.39,112629.49,114127.63,1925704360.1900003
1754438400000,114127.63,115748.22,113364.73,115038.45,1659630182.69
1754524800000,115038.45,117690.87,114288.63,117522.28,1904030478.6399996
1754611200000,117522.28,117698.38,115895.35,116692.86,1702088353.27
1754697600000,116692.86,117940.29,116360.05,116501.28,926558904.06
1754784000000,116501.28,119320.76,116496.35,119311.7,1248946431.1499999
1754870400000,119311.7,122309.71,118106.91,118714.58,3086540255.0300007
1754956800000,118714.58,120325.99,118214.28,120128.24,2172908089.74
1755043200000,120128.24,123735.38,118948.18,123374.56,3321096939.8899994
1755129600000,123374.56,124532.7,117241.12,118391.59,4249355541.5499997
1755216000000,118391.59,119335.93,116865.92,117440.09,2327158152.2999997
1755302400000,117440.09,118000.57,117242.73,117469.52,753827490.1700001
1755388800000,117469.52,118639.81,117268.69,117488.0,791200441.56
1755475200000,117488.0,117627.66,114716.49,116292.15,2634618667.7700005
1755561600000,116292.15,116789.95,112738.04,112870.67,3006851749.9
1755648000000,112870.67,114642.26,112387.14,114291.37,2610717313.92
1755734400000,114291.37,114816.84,111993.84,112491.84,2256735254.7899995
1755820800000,112491.84,117428.1,111675.14,116909.79,3261042644.250001
1755907200000,116909.79,117003.31,114533.54,115391.76,955311763.72
1755993600000,115391.76,115626.28,110860.71,113486.67,1932434686.24
1756080000000,113486.67,113648.57,109292.22,110150.15,3708998747.39
1756166400000,110150.15,112407.53,108701.29,111805.93,2999152225.3700004
1756252800000,111805.93,112669.11,110381.63,111276.98,2440706983.65
1756339200000,111276.98,113487.65,110887.39,112582.21,1898278605.83
1756425600000,112582.21,112646.73,107512.41,108393.15,3185827654.6899996
1756512000000,108393.15,108937.23,107381.29,108833.53,1049906247.91
1756598400000,108833.53,109510.25,108095.95,108273.72,990157824.58
1756684800000,108273.72,109913.29,107271.39,109256.28,2365084072.12
1756771200000,109256.28,111796.23,108420.77,111245.94,2993969175.77
1756857600000,111245.94,112601.73,110556.54,111751.51,2132239039.59
1756944000000,111751.51,112225.93,109345.22,110732.33,2162838407.81
1757030400000,110732.33,113400.39,110217.27,110676.99,3163045481.16
1757116800000,110676.99,111320.3,110019.89,110230.16,734143439.0699999
1757203200000,110230.16,111607.85,110215.7,111143.24,720954382.3100001
1757289600000,111143.24,112937.76,110628.16,112089.06,1829788896.47
1757376000000,112089.06,113293.12,110777.59,111549.14,2108163610.43
1757462400000,111549.14,114341.92,110940.58,113988.2,2661952161.89
1757548800000,113988.2,115543.74,113457.52,115537.84,2096575532.8099997
1757635200000,115537.84,116816.49,114785.3,116116.26,2412089976.29
1757721600000,116116.26,116361.05,115207.42,115971.92,820638135.2899998
1757808000000,115971.92,116227.37,115203.8,115351.87,843593558.49
1757894400000,115351.87,116808.07,114427.7,115401.06,2137738674.1299999
1757980800000,115401.06,117006.56,114765.74,116838.31,1890323067.8500001
1758067200000,116838.31,117331.11,114742.84,116488.17,2750924037.5499997
1758153600000,116488.17,117981.11,116134.78,117126.46,2253362090.4700003
1758240000000,117126.46,117510.96,115150.85,115701.97,1947524484.4899995
1758326400000,115701.97,116202.27,115488.37,115756.07,694697640.0899999
1758412800000,115756.07,115900.98,115262.9,115299.83,626782372.1199999
1758499200000,115299.83,115439.04,112027.44,112747.85,3197786129.89
1758585600000,112747.85,113372.59,111518.32,112043.66,2080069063.9499998
1758672000000,112043.66,114013.4,111118.7,113360.69,1988342351.8700001
1758758400000,113360.69,113559.7,108664.26,109061.11,3874673081.6
1758844800000,109061.11,110387.27,108695.14,109723.94,3057709370.18
1758931200000,109723.94,109822.37,109156.33,109727.42,778286679.1300001
1759017600000,109727.42,112406.99,109280.14,112226.65,1316899924.44
1759104000000,112226.65,114496.59,111625.37,114407.08,2209223703.67
1759190400000,114407.08,114866.53,112727.79,114078.18,2612642606.5499997
1759276800000,114078.18,118722.74,114004.91,118666.73,3288729604.9100003
1759363200000,118666.73,121107.24,118356.65,120630.71,3348607182.9199996
1759449600000,120630.71,123996.37,119348.63,122318.86,4338240508.76
1759536000000,122318.86,122898.15,121598.23,122455.39,1218962839.86
1759622400000,122455.39,125748.81,122213.36,123535.21,2703677561.27
1759708800000,123535.21,126287.29,123143.47,124723.0,3478551798.53
1759795200000,124723.0,125225.23,120661.76,121414.53,3568433457.8200006
1759881600000,121414.53,124254.95,121116.33,123358.65,3098621661.7800007
1759968000000,123358.65,123818.95,119741.93,121713.94,3266509707.3199997
1760054400000,121713.94,122586.57,105833.75,112998.91,7411664103.34
1760140800000,112998.91,113462.03,109711.01,110779.65,4260858251.8200006
1760227200000,110779.65,115849.48,109708.26,115084.73,4154852090.54
1760313600000,115084.73,116064.34,113754.71,115279.04,3475980079.019999
1760400000000,115279.04,115514.54,109983.29,113097.76,4415300609.91
1760486400000,113097.76,113679.91,110229.66,110819.47,3370232022.3100004
1760572800000,110819.47,112027.41,107501.51,108212.4,4931780713.34
1760659200000,108212.4,109278.91,103552.05,106485.41,5124514044.629999
1760745600000,106485.41,107544.75,106382.73,107228.76,1263875181.7199998
1760832000000,107228.76,109508.08,106146.21,108701.79,1956837354.41
1760918400000,108701.79,111743.25,107486.38,110583.29,3024980668.9200006
1761004800000,110583.29,114069.11,107500.34,108387.11,4507488183.34
1761091200000,108387.11,109181.59,106750.91,107604.16,3715585780.1099997
1761177600000,107604.16,111341.37,107527.17,110114.95,2450418378.5400004
1761264000000,110114.95,111967.35,109742.29,111046.29,2193655220.3200006
1761350400000,111046.29,111960.99,110709.35,111671.84,663139261.5100001
1761436800000,111671.84,115420.91,111281.45,114559.89,1502383516.35
1761523200000,114559.89,116395.5,113855.65,114115.08,2184835505.21
1761609600000,114115.08,116105.23,112249.3,112930.68,2354798941.5200005
1761696000000,112930.68,113669.5,109339.16,110064.53,2800964736.38
1761782400000,110064.53,111617.77,106319.98,108326.41,3623082463.09
1761868800000,108326.41,111081.78,108295.99,109580.94,2677616192.79
1761955200000,109580.94,110513.95,109378.81,110104.4,701873036.08
1762041600000,110104.4,111199.6,109485.51,110564.52,1233024892.8300004
1762128000000,110564.52,110748.58,105315.16,106580.38,3707370586.130001
1762214400000,106580.38,107289.91,98932.13,101493.23,5883230356.43
1762300800000,101493.23,104543.57,98978.04,103893.5,3649971434.75
1762387200000,103893.5,104201.89,100266.6,101302.75,3300189453.8600006
1762473600000,101302.75,104039.73,99207.58,103301.61,3859784919.8500004
1762560000000,103301.61,103353.75,101453.48,102304.79,1353025871.16
1762646400000,102304.79,105466.47,101415.54,104721.32,1768769402.1299999
1762732800000,104721.32,106648.26,104270.97,105988.36,2506360068.910001
1762819200000,105988.36,107489.75,102465.73,103033.54,2363088563.6
1762905600000,103033.54,105327.79,100818.69,101660.22,2442775374.1800003
1762992000000,101660.22,104048.87,97956.87,99644.14,4485055113.490001
1763078400000,99644.14,99836.81,94006.67,94531.81,6169788916.029998
1763164800000,94531.81,96761.57,94516.28,95555.28,1779382556.8300004
1763251200000,95555.28,96574.81,93006.43,94244.44,2531966320.58
1763337600000,94244.44,95973.02,91244.75,92141.25,4519819656.91
1763424000000,92141.25,93785.83,89289.38,92946.24,4643651408.990001
1763510400000,92946.24,92963.84,88529.93,91483.02,4367651167.530001
1763596800000,91483.02,93082.73,86019.03,86553.58,5067984092.52
1763683200000,86553.58,87404.99,80562.05,85087.62,7497064318.5199995
1763769600000,85087.62,85562.12,83462.76,84696.98,1978095092.6200001
1763856000000,84696.98,88106.69,84639.73,86823.45,2411303412.84
1763942400000,86823.45,89227.26,85242.01,88288.33,3899541725.9300003
1764028800000,88288.33,88494.81,86089.7,87340.82,2799155557.3699994
1764115200000,87340.82,90634.17,86298.47,90487.28,2694221350.8000007
1764201600000,90487.28,91934.77,90083.46,91327.26,1949917850.01
1764288000000,91327.26,93116.85,90242.43,90917.53,2595318230.1099997
1764374400000,90917.53,91201.7,90211.19,90842.76,871610718.8199999
1764460800000,90842.76,91983.85,90363.83,90381.34,1030115399.99
1764547200000,90381.34,90443.38,83828.42,86302.37,4839357127.82
1764633600000,86302.37,92332.31,86199.69,91315.07,4090746747.1600003
1764720000000,91315.07,94192.91,91041.2,93464.62,3856959977.660001
1764806400000,93464.62,94089.06,90913.17,92106.94,2655580450.14
1764892800000,92106.94,92717.53,88116.59,89352.03,2976454083.08
1764979200000,89352.03,90291.46,88942.96,89262.3,969656691.3599999
1765065600000,89262.3,91783.95,87756.05,90413.99,1705564638.7400002
1765152000000,90413.99,92303.63,89623.92,90661.73,2657534555.7800007
1765238400000,90661.73,94617.1,89530.61,92701.41,3069266494.39
1765324800000,92701.41,94506.56,91582.52,92038.34,2959837905.1
1765411200000,92038.34,93581.1,89281.34,92546.9,3150988931.58
1765497600000,92546.9,92774.35,89499.86,90277.47,2181249699.44
1765584000000,90277.47,90655.09,89789.11,90262.18,439868316.38000005
1765670400000,90262.18,90495.22,87605.5,88169.62,1240055595.3000002
1765756800000,88169.62,90044.99,85149.06,86421.58,2801710553.1900005
1765843200000,86421.58,88144.98,85264.64,87851.74,2601098656.78
1765929600000,87851.74,90343.35,85280.69,86223.21,3196552925.85
1766016000000,86223.21,89450.72,84424.2,85478.7,3212930907.7200003
1766102400000,85478.7,89360.77,85085.96,88107.2,2631213615.2600007
1766188800000,88107.2,88542.21,87793.71,88340.83,485865198.6600001
1766275200000,88340.83,89047.71,87586.96,88647.8,798755210.4900002
1766361600000,88647.8,90551.12,87881.68,88566.92,2587981701.24
1766448000000,88566.92,88897.58,86559.41,87440.81,2097762546.3000002
1766534400000,87440.81,88003.03,86365.36,87620.12,1443982911.3199997
1766620800000,87620.12,88545.97,86913.66,87183.32,785512556.3
1766707200000,87183.32,89503.42,86589.77,87315.1,2146285656.1899998
1766793600000,87315.1,87925.14,87154.06,87823.31,433943569.03999996
1766880000000,87823.31,88018.43,87381.32,87886.81,502876455.57
1766966400000,87886.81,90327.16,86704.68,87133.26,2698231723.6799994
1767052800000,87133.26,89341.34,86732.68,88410.54,2002631036.2900002
1767139200000,88410.54,89105.68,87109.45,87519.13,1607399099.43
1767225600000,87519.13,88806.59,87400.21,88742.68,835819448.92
1767312000000,88742.68,90940.54,88289.33,89959.25,2884180579.559999
1767398400000,89959.25,90692.56,89288.1,90598.87,747315427.59
1767484800000,90598.87,91750.6,90598.62,91499.58,965791644.6399999
1767571200000,91499.58,94804.38,91483.13,93871.45,3048567458.7
1767657600000,93871.45,94428.7,91210.45,93720.48,2727558377.1800003
1767744000000,93720.48,93720.65,90363.64,91287.12,2453135155.94
1767830400000,91287.12,91578.27,89212.31,91032.92,2669597853.94
1767916800000,91032.92,91948.91,89596.59,90524.71,2639588033.85
1768003200000,90524.71,90713.65,90279.2,90391.76,433879311.43
1768089600000,90391.76,91164.56,90122.7,90885.04,692346756.1700001
1768176000000,90885.04,92416.57,90020.58,91199.65,2898331129.5200005
1768262400000,91199.65,96126.37,90944.45,95374.03,4301006824.52
1768348800000,95374.03,97943.22,94530.69,96945.09,4896225428.35
1768435200000,96945.09,97178.67,95102.98,95583.86,3196525932.96
1768521600000,95583.86,95835.5,94246.25,95521.19,2100277132.8
1768608000000,95521.19,95607.52,95004.98,95117.69,538364408.83
1768694400000,95117.69,95496.67,93583.3,93642.09,810822826.1099999
1768780800000,93642.09,93642.84,92102.43,92569.44,1906749298.2300003
1768867200000,92569.44,92813.52,87793.26,88329.83,3430827950.339999
1768953600000,88329.83,90502.34,87190.29,89380.69,4213648826.42
1769040000000,89380.69,90290.41,88441.13,89484.18,2143899739.2100003
1769126400000,89484.18,91140.22,88466.06,89506.66,2254080166.25
1769212800000,89506.66,89821.98,89047.54,89107.75,474658685.0500001
1769299200000,89107.75,89203.31,86008.64,86581.03,1730278902.0500002
1769385600000,86581.03,88787.86,86429.64,88274.7,2509845961.7799997
1769472000000,88274.7,89447.82,87212.27,89136.28,2147188638.93
1769558400000,89136.28,90481.33,88729.36,89182.72,2461353226.9
1769644800000,89182.72,89229.19,83243.73,84528.58,3865349822.0299997
1769731200000,84528.58,84612.31,81047.62,84135.11,4468762184.409999
1769817600000,84135.11,84152.35,76029.54,78664.02,4182557013.4599996
1769904000000,78664.02,79363.96,75653.86,76910.99,3668393771.0800004
1769990400000,76910.99,79328.7,74579.63,78690.46,4931866234.03
1770076800000,78690.46,79141.27,72882.55,75679.06,4798731139.770001
1770163200000,75679.06,76891.77,71724.93,73021.96,4852815767.0199995
1770249600000,73021.96,73193.96,62227.01,62811.67,8672008182.189999
1770336000000,62811.67,71703.46,60069.72,70535.76,7081161121.780001
1770422400000,70535.76,71647.04,67315.5,69259.24,2471348000.06
1770508800000,69259.24,72226.42,68857.91,70297.07,1719521388.7699995
1770595200000,70297.07,71391.44,68260.19,70108.93,3050117447.17
1770681600000,70108.93,70486.44,67878.02,68807.07,2457073817.700001
1770768000000,68807.07,69253.29,65725.74,67039.77,3185414005.1399994
1770854400000,67039.77,68380.57,65084.07,66220.82,2860084574.0
1770940800000,66220.82,69434.68,65825.83,68816.44,2551829375.2099996
1771027200000,68816.44,70524.71,68706.51,69790.74,1293190971.5
1771113600000,69790.74,70948.5,68048.86,68800.76,1533047880.1600003
1771200000000,68800.76,70094.71,67269.9,68869.47,1692393594.4199998
1771286400000,68869.47,69214.45,66592.03,67477.52,2156085885.9300003
1771372800000,67477.52,68444.93,65838.1,66434.2,2164847401.6099997
1771459200000,66434.2,67299.79,65618.44,66983.75,1956480958.56
1771545600000,66983.75,68297.95,66442.67,67997.02,2565992687.02
1771632000000,67997.02,68686.92,67528.59,67965.05,796953223.5
1771718400000,67965.05,68233.91,67170.64,67626.88,786667936.81
1771804800000,67626.88,67663.82,63879.72,64642.48,2766008869.1499996
1771891200000,64642.48,64996.35,62551.85,64069.84,2906212702.9800005
1771977600000,64069.84,70005.48,63922.45,67998.99,3753044530.5200005
1772064000000,67998.99,68867.59,66508.93,67498.16,3038274772.25
1772150400000,67498.16,68227.68,64948.18,65870.53,2743694516.97
1772236800000,65870.53,67756.22,63030.34,66985.3,2566186201.0699997
1772323200000,66985.3,68190.48,65043.22,65774.35,2126537310.6900003
1772409600000,65774.35,70116.05,65261.45,68831.94,3577629869.35
1772496000000,68831.94,69257.29,66148.66,68338.0,3209229703.1399994
1772582400000,68338.0,74083.89,67407.2,72685.14,4177397786.87
1772668800000,72685.14,73580.61,70649.03,70883.43,2818687736.81
1772755200000,70883.43,71415.18,67734.1,68110.63,2634646708.87
1772841600000,68110.63,68536.12,66935.38,67261.55,809381009.53
1772928000000,67261.55,68191.22,65631.31,65974.07,1393620547.6499999
1773014400000,65974.07,69537.79,65835.73,68438.57,2709476164.17
1773100800000,68438.57,71784.73,68390.84,69961.25,2928859556.7900004
1773187200000,69961.25,71346.32,68986.08,70205.19,2418277293.1699996
1773273600000,70205.19,70804.8,69210.99,70527.68,2322381597.44
1773360000000,70527.68,73942.2,70402.18,70941.65,2849291467.5800004
1773446400000,70941.65,71312.93,70324.71,71223.72,695397584.71
1773532800000,71223.72,73214.29,70872.84,72828.77,1194265898.73
1773619200000,72828.77,74911.2,72291.22,74884.52,2613830614.24
1773705600000,74884.52,76011.83,73419.9,73936.64,2819675253.640001
1773792000000,73936.64,74703.58,70493.02,71248.69,2164801321.98
1773878400000,71248.69,71617.06,68778.11,69918.84,2199132834.7499995
1773964800000,69918.84,71362.83,69382.16,70504.27,1979988250.52
1774051200000,70504.27,71082.27,68569.14,68909.77,712826361.4599999
1774137600000,68909.77,69575.11,67346.39,67853.59,1307961491.91
1774224000000,67853.59,71809.18,67435.52,70882.02,2411208073.2700005
1774310400000,70882.02,71384.93,68897.47,70532.1,1908823520.28
1774396800000,70532.1,72021.21,70378.93,71305.31,1542312170.57
1774483200000,71305.31,71409.93,68112.31,68781.63,1977691874.8600001
1774569600000,68781.63,69134.01,65507.78,66365.12,2331409861.48
1774656000000,66365.12,67248.52,65892.41,66327.41,801747050.54
1774742400000,66327.41,67075.8,64960.31,65967.75,985393652.0799999
1774828800000,65967.75,68118.37,65754.18,66744.36,2284385032.9900002
1774915200000,66744.36,68533.41,65932.38,68233.98,2333599626.57
1775001600000,68233.98,69284.9,67544.7,68108.11,1656756766.29
1775088000000,68108.11,68646.83,65700.61,66895.02,1756579345.5000002
1775174400000,66895.02,67366.42,66278.89,66953.31,849007595.2100002
1775260800000,66953.31,67533.41,66775.08,67291.01,432782453.7
1775347200000,67291.01,69112.22,66604.57,69004.15,712749539.5
1775433600000,69004.15,70367.01,68336.5,68852.96,1870697978.11
1775520000000,68852.96,72753.63,67716.12,71917.66,2160155962.22
1775606400000,71917.66,72857.69,70691.49,71086.44,2059667780.5199997
1775692800000,71086.44,73148.53,70472.93,71803.46,2095261926.0400002
1775779200000,71803.46,73473.25,71434.98,72990.26,1898530601.3599997
1775865600000,72990.26,73823.07,72567.95,73185.89,680035370.3
1775952000000,73077.66,73165.73,70520.78,70750.05,950096997.1100001
1776038400000,70750.05,74923.25,70582.11,74444.78,2723849364.8
1776124800000,74444.78,76121.51,73862.14,74176.82,3129863099.06
1776211200000,74176.82,75450.74,73544.61,74831.35,1583997527.7200003
1776297600000,74831.35,75535.99,73312.86,75166.87,1540953528.2699995
1776384000000,75166.87,78372.28,74562.88,77102.12,2715211343.8099995
1776470400000,77102.12,77445.06,75476.58,75732.23,816702204.53
1776556800000,75732.23,76274.36,73795.54,73824.27,1152061031.7
1776643200000,73824.27,76596.97,73747.69,75864.88,1708403513.2500002
1776729600000,75864.88,76924.94,74828.26,76349.35,1699731403.2600002
1776816000000,76349.35,79515.58,76149.0,78209.43,2306684994.4400005
1776902400000,78209.43,78705.03,76986.12,78283.64,2046838021.2900002
1776988800000,78283.64,78604.69,77293.78,77463.4,1607874895.56
1777075200000,77463.4,77907.49,77178.63,77645.78,485378324.15
1777161600000,77645.78,78935.69,77350.61,78673.71,808564722.27
1777248000000,78673.71,79499.71,76458.35,77373.54,1766993080.9999998
1777334400000,77373.54,77404.63,75653.48,76330.13,1396911220.52
1777420800000,76330.13,77908.48,74934.73,75758.34,1804439628.5099998
1777507200000,75758.34,76648.85,75296.13,76318.61,1303370606.1699998
1777593600000,76318.61,78939.48,76288.68,78229.09,1742811958.1400003
1777680000000,78229.09,79117.38,78037.04,78676.88,512296101.8
1777766400000,78676.88,79430.55,78074.45,78556.51,638127899.34
1777852800000,78556.51,80762.6,78204.21,79847.88,2418090754.2999997
1777939200000,79847.88,81788.81,79795.71,80906.66,1825415875.54
1778025600000,80906.66,82813.94,80880.05,81434.43,1795658143.9400003
1778112000000,81434.43,81705.84,79477.87,80005.6,1592402060.3700004
1778198400000,80005.6,80502.97,79182.56,80191.99,1147647424.5400002
1778284800000,80191.99,81060.04,80128.38,80661.0,493432115.77
1778371200000,80661.0,82452.65,80279.35,82193.54,967163985.0699999
1778457600000,82193.54,82358.57,80426.69,81728.64,1613529787.5000002
1778544000000,81728.64,81774.86,79820.43,80485.29,1339832312.76
1778630400000,80485.29,81287.55,78713.93,79290.82,1676386081.52
1778716800000,79290.82,82054.12,78893.68,81078.53,2692744003.49
1778803200000,81078.53,81604.37,78609.32,79065.04,1685472013.11
1778889600000,79065.04,79211.77,77640.0,78148.05,927943395.293651
1778976000000,78148.05,78599.99,76735.16,77457.67,635314969.8374588
1779062400000,77457.67,77800.0,76051.0,77001.87,1367982951.851987
1779148800000,77001.88,77317.02,76144.71,76834.36,814623770.73088
1779235200000,76834.36,77853.04,76536.59,77552.23,856676531.7296268
1779321600000,77552.24,78200.0,76719.47,77615.52,844352175.6293254
1779408000000,77615.52,77900.0,75359.18,75539.5,851477375.6249826
1779494400000,75539.5,77404.18,74289.6,76752.01,1080829900.987163
1779580800000,76752.0,77543.15,76108.0,77064.96,627124998.2094074
1779667200000,77064.96,77905.52,76914.25,77322.01,575433860.2287797
1779753600000,77322.01,78080.0,75677.97,75930.01,1249440744.8545573
1779840000000,75930.01,76174.15,74243.99,74449.3,1226626384.6296144
1779926400000,74449.31,74590.77,72582.82,73617.51,1530473140.3768406
1780012800000,73617.52,74514.1,72512.49,73460.78,1341832665.5411263
1780099200000,73460.78,74143.76,73216.0,73884.38,515269504.58933645
1780185600000,73884.38,74275.66,73400.0,73674.39,501505849.23231655
1780272000000,73674.39,74019.58,70686.68,71408.9,1702607644.5345864
1780358400000,71408.9,71408.9,66193.0,66760.83,2212020708.2824845
1780444800000,66760.84,67516.0,64092.49,64142.75,1925424455.1750462
1780531200000,64142.75,64764.32,61383.56,63885.99,2546799691.256393
1780617600000,63885.99,63885.99,59130.91,61056.47,3332963449.621856
1780704000000,61056.47,61500.0,59500.0,60884.62,1163762064.327946
1780790400000,60884.62,64234.68,60758.0,63332.01,1617388165.7384467
1780876800000,63332.01,64200.0,62408.0,63085.99,1387316520.622764
1780963200000,63086.0,63526.01,60780.0,61730.0,1232544667.6531725
1781049600000,61730.0,62857.99,60755.0,61510.99,956090039.084622
1781136000000,61510.99,63933.02,61510.99,63625.99,1060281656.2412071
1781222400000,63626.0,64394.44,62829.81,63580.01,969152754.2801301
1781308800000,63580.0,64762.77,63418.66,64458.01,602541567.5460099
1781395200000,64458.01,65800.0,63678.83,65746.45,818421552.9167593
1781481600000,65746.45,67292.15,65354.0,66328.74,1166517699.1118536
1781568000000,66328.74,66992.0,65360.92,65675.01,916353550.2805148
1781654400000,65675.02,66445.93,63915.77,64509.4,1223783880.2612782
1781740800000,64509.4,64806.0,62272.07,62958.01,1052527370.9767066
1781827200000,62958.01,63666.0,62316.44,63543.91,853119867.402811
1781913600000,63543.9,64388.0,63184.21,64298.01,569439350.5841202
1782000000000,64298.01,64588.0,63270.0,63311.99,488276286.63423765
1782086400000,63312.0,65622.83,63312.0,64020.01,954061346.6373727
1782172800000,64020.01,64275.38,61938.0,62734.57,1228647445.9226794
1782259200000,62734.57,63239.06,59102.7,61077.99,1823570847.518733
1782345600000,61078.0,61962.4,58115.01,59794.0,1778094222.0025911
1782432000000,59794.64,60759.99,58337.0,60097.27,1589659400.175298
1782518400000,60097.27,60941.17,59855.16,60029.0,558894315.1145271
1782604800000,60029.01,60545.01,58905.0,59577.01,507759957.3725845
1782691200000,59577.01,60780.57,58900.01,60260.21,1180655640.6658957
1782777600000,60260.2,60276.54,58201.0,58624.71,1124538029.909838
1782864000000,58624.71,61334.0,57800.19,60024.0,1491051306.8189511
1782950400000,60024.0,62200.0,59715.8,61560.0,1261852452.633963
1783036800000,61560.0,62979.86,61286.0,62583.26,823224039.3571026
1783123200000,62583.26,63461.99,62328.24,63144.01,547873849.2631367
1783209600000,63144.01,63999.0,62436.59,63650.0,557709667.2701852
1783296000000,63650.01,64700.0,61306.84,64042.02,1296809632.2082577
1783382400000,64042.93,64243.75,62671.39,63363.99,1040807339.3587532
1783468800000,63364.0,63649.5,61544.56,62290.0,1121677611.462151
1783555200000,62290.01,63500.0,61705.29,63230.0,1027878429.0511729
1783641600000,63230.01,64692.83,62962.0,64161.72,1089211846.4108915
1783728000000,64161.72,64504.11,63819.0,63819.0,575542039.1397387
1783814400000,63819.01,64290.11,63640.83,63780.0,746981902.6334043
1783900800000,63780.0,64072.01,61824.97,62334.52,1292671294.3605125
1783987200000,62334.52,65100.0,62296.68,65043.98,1265147779.5133348
1784073600000,65043.99,65600.0,64485.0,64756.28,1177143745.2254884
1784160000000,64756.28,64997.52,63748.74,63830.2,1159320496.2932403
1784246400000,63830.2,64387.99,62537.56,63931.67,1127704544.6864882
1784332800000,63931.67,64865.0,63886.65,64834.22,507274422.2293842
1784419200000,64834.21,64967.25,64280.0,64722.54,513997749.2599134
1784505600000,64722.55,65799.0,63100.0,65255.51,1333691228.1169176
1784592000000,65255.51,66956.15,65162.01,66556.16,1191693004.5318277
1784678400000,66556.15,66661.79,65553.67,66114.49,1134587351.453482
1784764800000,66114.5,66146.1,66060.39,66144.68,4246626.8176109
